Cikk;Pin #;Template;Photos;Pin bold (vastag);Pin light (vekony);Datum;Idopont;URL;Board;Pin cim;Pin leiras;Alt text;Foto
NYC Hidden Gems;1;Title bottom light;1;NYC Hidden Gems;secret New York spots most visitors miss;2026.07.07;20:00;https://milesandflavors.com/nyc-hidden-gems/;New York Travel Guide;NYC Hidden Gems: Off-the-Beaten-Path New York for First-Timers;Central Park's quiet north end, Little Island park, the Strand rooftop — the New York City spots that never make the top-10 lists but stay with you longer. NYC hidden gems guide: Manhattan secrets, Brooklyn viewpoints and off-the-beaten-path New York experiences for first-time visitors.;Classic New York City brownstone townhouses on a quiet residential street, with ornate stone stoops, decorative ironwork railings, and lush greenery.;
Brooklyn Best Things to Do;1;Title bottom light;1;First time in Brooklyn, New York?;Brooklyn Bridge, DUMBO & NYC skyline views;2026.07.07;21:00;https://milesandflavors.com/best-things-to-do-in-brooklyn/;New York Travel Guide;Best Things to Do in Brooklyn NY: Bridge Walk, DUMBO & Brooklyn Bridge Park;DUMBO's Washington Street gives you the Manhattan Bridge framing the Empire State Building — one of the most composed urban views in New York City, and it's free. Best things to do in Brooklyn: the Brooklyn Bridge walk, Brooklyn Bridge Park skyline, Williamsburg food and DUMBO cobblestones. First-timer guide to Brooklyn, NYC.;The Manhattan Bridge framed between red-brick DUMBO buildings with the Empire State Building visible through the arch.;
25 Best Things NYC;1;Title top light;1;25 Best Things to Do in NYC;New York City: honest ranking for first-timers;2026.07.07;22:00;https://milesandflavors.com/25-best-things-to-do-in-nyc/;New York Travel Guide;25 Best Things to Do in New York City (Honest First-Timer Ranking);Central Park at dawn, the Brooklyn Bridge walk, the Staten Island Ferry skyline view (free!), the High Line, Top of the Rock at sunset. The 25 best things to do in New York City, ranked honestly — where to spend your time and money in NYC as a first-time visitor.;The iconic Manhattan skyline of towering skyscrapers seen from across the water on a clear blue day.;
Barcelona Couples;1;Title bottom light;1;Barcelona for couples;sunset sailing, Gothic Quarter & Sagrada Família;2026.07.07;23:00;https://milesandflavors.com/best-things-to-do-in-barcelona-for-couples/;Spain Travel Guide;Best Things to Do in Barcelona for Couples: Sailing, Sagrada Família & Gothic Quarter;Sunset sailing on the Mediterranean with cava. The Gothic Quarter at dusk before the dinner rush. Sagrada Família when the stained glass turns the interior gold. The most romantic things to do in Barcelona, Spain — the couple's travel guide that gets the timing right.;Golden sunset light casting dramatic tree-branch shadows across a Modernista building facade in Barcelona's Eixample district.;
Barcelona Bucket List;1;Title bottom light;1;Barcelona first timer?;Sagrada Família, Park Güell & the bucket list;2026.07.08;0:00;https://milesandflavors.com/barcelona-bucket-list/;Spain Travel Guide;Barcelona Bucket List: 25 Best Things to Do in Barcelona for First-Timers;Sagrada Família at morning light — the stained glass interior looks like it doesn't belong on Earth. Park Güell mosaics. Casa Batlló's rooftop. The Bunkers del Carmel at sunset. Barcelona's bucket list ranked honestly — what earns the hype and what doesn't, for a first trip to Spain.;The colorful mosaic curves of Park Güell overlooking Barcelona and the sea below on a clear day.;
Chicago First-Timers;1;Title bottom light;1;First time in Chicago, Illinois?;architecture river cruise, Millennium Park & Willis Tower;2026.07.08;1:00;https://milesandflavors.com/best-things-to-do-in-chicago/;Chicago Travel Guide;Best Things to Do in Chicago for First-Timers: Architecture Cruise, Millennium Park & More;Start with the Chicago architecture river cruise on day one — it orients you to the whole city in 90 minutes. Then Millennium Park and Cloud Gate, then Willis Tower Skydeck, then a proper deep dish. Three days covers it all. First-timers guide to Chicago, Illinois.;Aerial view of Chicago's Millennium Park with Cloud Gate sculpture and Pritzker Pavilion surrounded by the downtown skyline and Lake Michigan.;
Chicago Bucket List;1;Centered medium;1;Chicago bucket list;Cloud Gate, Chicago River cruise & deep dish;2026.07.08;2:00;https://milesandflavors.com/chicago-bucket-list-25-best-things-to-do/;Chicago Travel Guide;Chicago Bucket List: 25 Best Things to Do in Chicago Illinois for First-Timers;Cloud Gate reflecting an infinite Chicago skyline. Deep dish at Lou Malnati's. The architecture river cruise at golden hour. Navy Pier fireworks. Chicago's bucket list — America's most underrated city, here's how to do it in the right order. Illinois first-timer travel guide.;The mirrored surface of Cloud Gate reflecting the Chicago skyline on a clear day in Millennium Park.;
Empire State vs Top of the Rock;1;Title bottom;1;Empire State Building or Top of the Rock?;NYC observation deck — the honest comparison;2026.07.08;20:00;https://milesandflavors.com/empire-state-building-vs-top-of-the-rock/;New York Travel Guide;Empire State Building vs Top of the Rock NYC: Honest Observation Deck Comparison;If you want the Empire State Building in your skyline photo, go to Top of the Rock. If you want the historic Art Deco building experience, go to the Empire State Building. The honest NYC observation deck breakdown — which gives the better New York City view and which is worth the ticket.;The Manhattan skyline seen from an observation deck, with the Empire State Building lit up in the center at dusk.;
Amsterdam Itinerary;1;Title bottom;1;3 days in Amsterdam;canals, Van Gogh Museum & Jordaan neighborhood;2026.07.08;21:00;https://milesandflavors.com/3-days-in-amsterdam/;Netherlands Travel Guide;3 Days in Amsterdam: Canals, Van Gogh Museum, Jordaan & Netherlands Itinerary;Amsterdam canals at golden hour, the Van Gogh Museum at 9am before the tour groups, the Jordaan's quiet backstreets. A 3-day Amsterdam Netherlands itinerary that gets the pacing right — day by day, where to stay and what to book first. Perfect first-time Amsterdam travel guide.;A picturesque Amsterdam canal lined with narrow gabled houses reflected in the still water at golden hour.;
NYC Itinerary;1;Title bottom;1;5 days in New York City;Manhattan, Brooklyn Bridge & NYC skyline itinerary;2026.07.08;22:00;https://milesandflavors.com/5-day-new-york-city-itinerary/;New York Travel Guide;5 Days in New York City: Manhattan, Brooklyn Bridge & NYC Skyline First-Timer Itinerary;Five days in New York City: Manhattan in the morning, Brooklyn at sunset, the food you've been reading about, the skyline views that make you understand the obsession. Day-by-day NYC itinerary with neighborhoods, timings, Brooklyn Bridge walk, Central Park and what to book first.;The New York City skyline of towering skyscrapers glowing on a bright clear day.;
Sagrada Família Skip Line;1;Title bottom;1;Sagrada Família, Barcelona Spain;skip the line? What you actually need to book;2026.07.08;23:00;https://milesandflavors.com/sagrada-familia-skip-the-line/;Spain Travel Guide;Sagrada Família Barcelona Skip the Line: Tickets, Towers & Timing Guide Spain;You don't skip the line at Sagrada Família — you book a timed entry ticket in advance and there is no line. Here's which ticket type to buy, whether to add the Nativity or Passion tower, and when the stained glass light looks best inside. Barcelona, Spain travel guide for Gaudí's masterpiece.;The soaring interior of the Sagrada Família filled with colored light from stained glass windows above.;
Barcelona Itinerary;1;Centered;1;4 days in Barcelona, Spain;Sagrada Família, Gaudí & Gothic Quarter itinerary;2026.07.09;0:00;https://milesandflavors.com/4-days-in-barcelona-the-perfect-itinerary/;Spain Travel Guide;4 Days in Barcelona Spain: Sagrada Família, Gaudí, Gothic Quarter & Park Güell Itinerary;Sagrada Família the moment it opens, before any tour group arrives — that's how a Barcelona day earns itself. A 4-day Barcelona Spain itinerary where the Gaudí timing is right, Park Güell is booked early, and the Gothic Quarter evening is planned. First-timer's Barcelona travel guide.;Sunlight on the soaring spires of Gaudí's Sagrada Família in Barcelona against a clear sky.;
Millennium Park Chicago;1;Title top;1;Millennium Park & Cloud Gate, Chicago;the Bean, Illinois — free, central, unmissable;2026.07.09;1:00;https://milesandflavors.com/millennium-park-cloud-gate-chicago/;Chicago Travel Guide;Millennium Park Chicago: Cloud Gate (the Bean), Crown Fountain & Complete Illinois Visitor Guide;Cloud Gate — the Bean — reflects an infinite version of the Chicago Illinois skyline and you in the middle of it. Millennium Park is free, central, and one of the best urban parks in America. Everything you need to know before visiting Cloud Gate, Crown Fountain and the Lurie Garden.;Cloud Gate sculpture reflecting the Chicago skyline and visitors in Millennium Park on a sunny day.;
Chicago Itinerary;1;Title top;1;3 days in Chicago, Illinois;Cloud Gate, architecture cruise & deep dish itinerary;2026.07.09;2:00;https://milesandflavors.com/3-days-in-chicago-itinerary/;Chicago Travel Guide;3 Days in Chicago Illinois: Architecture Cruise, Cloud Gate, Deep Dish & Lakefront Itinerary;Cloud Gate at sunrise, the architecture river cruise through the Chicago River canyon, deep dish pizza at Lou Malnati's, the lakefront at golden hour — a 3-day Chicago Illinois itinerary that earns America's most underrated city its reputation. Day-by-day first-timer guide.;The Chicago River reflecting skyscrapers and architecture on a clear morning.;
NYC This Weekend;1;Title bottom;1;NYC this weekend;Central Park, Brooklyn Bridge & New York skyline;2026.07.09;20:00;https://milesandflavors.com/things-to-do-in-nyc-this-weekend/;New York Travel Guide;Things to Do in NYC This Weekend: Central Park, Brooklyn Bridge & New York City Guide;Two days in New York City this weekend — here's how to spend them without wasting either. Central Park Saturday morning, Brooklyn Bridge walk Sunday before noon, one Manhattan skyline view, one proper NYC meal. The weekend New York guide that doesn't overthink it.;Manhattan skyline on a sunny weekend day with people enjoying Central Park in the foreground.;
One World Observatory;1;Title bottom;1;One World Observatory, NYC;worth it? New York City's highest view, Lower Manhattan;2026.07.09;21:00;https://milesandflavors.com/one-world-observatory-nyc/;New York Travel Guide;One World Observatory NYC: Is It Worth the Ticket? Lower Manhattan & One World Trade Center Guide;One World Trade Center is the tallest building in the Western Hemisphere and the view from the 102nd floor is genuinely different from Top of the Rock or the Empire State Building — you see both from here. One World Observatory NYC ticket guide for New York City first-timers.;Manhattan skyline seen from One World Trade Center looking north toward Midtown and Central Park.;
Where to Stay NYC;1;Title bottom;1;Where to stay in New York City?;Midtown vs Brooklyn vs West Village NYC guide;2026.07.09;22:00;https://milesandflavors.com/where-to-stay-in-nyc/;New York Travel Guide;Where to Stay in New York City: Midtown vs Brooklyn vs West Village — First-Timer NYC Hotel Guide;Midtown is convenient and soulless after dark. The West Village is beautiful and expensive. Brooklyn is great value if you're fine with one subway stop. The best New York City neighborhoods compared for first-time visitors — so you book the right hotel location in NYC.;Classic New York City brownstone rowhouses with ornate stone stoops and decorative ironwork railings on a quiet residential street.;EZT.jpg
Park Güell + Sagrada Família;1;Title top;1;Park Güell & Sagrada Família, Barcelona;Gaudí's two icons — one day or two? Spain travel;2026.07.09;23:00;https://milesandflavors.com/park-guell-sagrada-familia-barcelona/;Spain Travel Guide;Park Güell & Sagrada Família Barcelona: One Day or Two? Gaudí Spain Travel Guide;Can you do both Gaudí icons in one Barcelona day? Yes — if you book the right time slots and sequence them correctly. Park Güell opens at 8am. Sagrada Família morning light is best for stained glass. The combined guide to Barcelona Spain's top two Gaudí bucket-list sites.;The colorful mosaic terraces of Park Güell overlooking Barcelona's skyline and the Mediterranean.;
Where to Stay Barcelona;1;Title bottom;1;Where to stay in Barcelona, Spain?;Eixample, Gothic Quarter or El Born — guide;2026.07.10;0:00;https://milesandflavors.com/where-to-stay-in-barcelona/;Spain Travel Guide;Where to Stay in Barcelona Spain: Eixample, Gothic Quarter, El Born & Gràcia Neighborhood Guide;Eixample is central and walkable. The Gothic Quarter is atmospheric and noisy. Gràcia is a village inside the city. The best Barcelona Spain neighborhoods compared for first-time visitors — so you book the right hotel base for your trip.;A sunlit narrow alley in Barcelona's Gothic Quarter with tall stone buildings, wrought-iron balconies and people strolling in the distance.;EZT.jpg
Navy Pier Chicago;1;Title bottom;1;Navy Pier, Chicago Illinois;Ferris wheel, fireworks & lakefront — worth it?;2026.07.10;1:00;https://milesandflavors.com/navy-pier-chicago/;Chicago Travel Guide;Navy Pier Chicago: Ferris Wheel, Summer Fireworks & Lakefront Illinois Guide (Worth It?);Navy Pier is one of Chicago's most visited spots — and one of the most misunderstood. The Centennial Wheel Ferris wheel, the summer fireworks every Wednesday and Saturday, the lakefront views of the Illinois skyline, the food. What's worth your time at Navy Pier and what isn't.;The Centennial Wheel Ferris wheel at Navy Pier Chicago with the city skyline behind it.;
Where to Stay Chicago;1;Title bottom;1;Where to stay in Chicago, Illinois?;Loop, River North, Gold Coast or Wicker Park?;2026.07.10;2:00;https://milesandflavors.com/where-to-stay-in-chicago-7-best-areas-hotels/;Chicago Travel Guide;Where to Stay in Chicago Illinois: Loop, River North, Gold Coast & Wicker Park Hotel Guide;The Loop puts you next to Chicago's sights. River North has the best nightlife. The Gold Coast has lakefront access. Wicker Park has the locals. The best Chicago Illinois neighborhoods compared for first-time visitors — so you book the right hotel base for your trip.;The elegant entrance of a classic Chicago brick building with white ornate columns, a stone arch and colorful tulip gardens lining the path.;EZT.jpg
Central Park NYC;1;Title top;1;Central Park, New York City;pedicab, walking tour or self-guided — NYC guide;2026.07.10;20:00;https://milesandflavors.com/central-park-nyc-guide/;New York Travel Guide;Central Park NYC Guide: Pedicab, Walking Tour or Self-Guided? (New York City Visitor Guide);Central Park is 843 acres in the middle of Manhattan. You could walk for two hours and still not see Strawberry Fields, the Bow Bridge, Bethesda Fountain and the Lake in the same morning. The guide to choosing between a pedicab tour, guided walking tour or self-guided Central Park NYC visit.;The Bow Bridge over the Lake in Central Park with autumn foliage and Manhattan skyscrapers above the tree line.;
Amsterdam Canal Cruises;1;Title bottom;1;Best canal cruise in Amsterdam;day vs evening vs private boat Netherlands guide;2026.07.10;21:00;https://milesandflavors.com/best-canal-cruises-in-amsterdam/;Netherlands Travel Guide;Best Canal Cruises in Amsterdam Netherlands: Day Cruise, Evening Cruise or Private Boat Guide;Day cruise, evening cruise, or a small private boat with wine and no schedule — Amsterdam canal cruises in the Netherlands are not all the same. The best ones compared honestly, so you book the right experience for your Amsterdam trip. Canal boat guide for first-time visitors.;A canal boat gliding past historic gabled houses in Amsterdam on a sunny afternoon.;
NYC Travel Costs;1;Title top;1;NYC travel costs — the honest truth;New York City budget guide 2026;2026.07.10;22:00;https://milesandflavors.com/nyc-travel-costs/;New York Travel Guide;NYC Travel Costs 2026: The Honest New York City Budget Guide (Hotels, Food, Transport & Tickets);A week in New York City: hotels, subway transport, museum tickets, food, the observation deck, the Broadway show. Here's what NYC actually costs in 2026 — what you can save on and where spending more makes the New York trip. Honest budget guide for first-time NYC visitors.;A traveler planning a New York City trip with a budget notebook and NYC guidebook on the table.;
Casa Batlló Gaudí Trail;1;Centered medium;1;Casa Batlló & the Gaudí Trail, Barcelona;Passeig de Gràcia Modernista walk Spain;2026.07.10;23:00;https://milesandflavors.com/casa-batllo-gaudi-trail-barcelona/;Spain Travel Guide;Casa Batlló & Barcelona Gaudí Trail: Passeig de Gràcia Modernista Architecture Walk Spain;Passeig de Gràcia in Barcelona has three Modernista masterpieces on the same block — Casa Batlló, Casa Amatller and Casa Lleo Morera. Walk north and you hit La Pedrera. The complete Barcelona Spain Gaudí architecture trail, mapped and timed for a first-time visitor to Catalonia.;The organic dragon-scale facade of Casa Batlló on Passeig de Gràcia in Barcelona bathed in daylight.;
Montserrat Day Trip;1;Centered medium;1;Montserrat day trip from Barcelona;serrated rocks, monastery & Spain hiking guide;2026.07.11;0:00;https://milesandflavors.com/montserrat-day-trip-from-barcelona/;Spain Travel Guide;Montserrat Day Trip from Barcelona Spain: Serrated Rock Formations, Monastery & Hiking Guide;Montserrat is one of those places that genuinely earns its hype — reddish serrated rock formations rising 1,200 meters above Barcelona, a Benedictine monastery perched on the cliffs, and hiking trails that put all of Catalonia below your feet. Complete Barcelona Spain day trip guide.;Montserrat monastery perched on dramatic cliffs above the valley, Barcelona day trip Spain by rack railway;
Willis Tower vs 360 Chicago;1;Centered medium;1;Willis Tower Skydeck vs 360 Chicago;which observation deck wins? Illinois guide;2026.07.11;1:00;https://milesandflavors.com/willis-tower-skydeck-vs-360-chicago/;Chicago Travel Guide;Willis Tower Skydeck vs 360 Chicago: Which Illinois Observation Deck Wins? (Honest Review);Willis Tower's Ledge puts you 412 meters above Chicago in a glass box extending over the street. 360 Chicago has the Tilt experience that leans you over Illinois. Both give you Chicago from above — here's how to choose. Honest Chicago observation deck comparison.;Chicago skyline viewed from high above with Lake Michigan in the background, Willis Tower Skydeck vs 360 Chicago;
Chicago Architecture Cruise;1;Centered medium;1;Chicago architecture river cruise;90 minutes, 40 buildings, Illinois river — worth it?;2026.07.11;2:00;https://milesandflavors.com/chicago-architecture-river-cruise/;Chicago Travel Guide;Chicago Architecture River Cruise: 90 Minutes, 40 Buildings & the Illinois River — Worth It?;The Chicago architecture river cruise is 90 minutes, covers 40+ buildings along the Illinois river, and orients you to the city better than anything else you can do on day one. Yes, it's worth it — here's which company to book, which departure time to choose, and when to go.;Tour boats on the Chicago River surrounded by iconic glass and steel skyscrapers, architecture cruise Illinois;
Times Square NYC;1;Centered medium;1;Times Square, New York City — worth it?;the honest NYC answer for first-timers;2026.07.11;20:00;https://milesandflavors.com/times-square-nyc-guide/;New York Travel Guide;Times Square NYC: Is It Worth Visiting? Honest New York City Guide for First-Timers;Times Square in New York City is overwhelming, loud and exactly as advertised. Whether it's worth your time depends entirely on what you want from it. The honest guide to Times Square — when to go, how long to stay, and what else to do in Midtown Manhattan while you're there.;Times Square New York City at night with bright neon billboards and crowds, honest first-timer NYC guide;
NYC in a Day;1;Title bottom;1;NYC in one day — Statue of Liberty + more;Times Square, 9/11 Memorial & Brooklyn Bridge;2026.07.11;21:00;https://milesandflavors.com/one-day-in-new-york/;New York Travel Guide;NYC in One Day: Statue of Liberty, Times Square, 9/11 Memorial & Brooklyn Bridge Itinerary;One day in New York City: Statue of Liberty ferry at 8am, 9/11 Memorial at noon, Times Square at sunset, the High Line after dinner. The NYC one-day itinerary that fits everything without turning into a sprint. Best things to do in New York City with only 24 hours.;Statue of Liberty in New York Harbor with Manhattan skyline behind it, one day in New York City itinerary;
NYC Free Things;1;Title top;1;Free things to do in NYC;Staten Island Ferry, High Line & Brooklyn Bridge Park;2026.07.11;22:00;https://milesandflavors.com/free-things-to-do-in-nyc/;New York Travel Guide;Best Free Things to Do in NYC: Staten Island Ferry, High Line & Brooklyn Bridge Park Guide;The Staten Island Ferry gives you the Statue of Liberty view from the water — free. Brooklyn Bridge Park gives you the best Manhattan skyline view in New York City — free. The High Line connects Chelsea to Hudson Yards — free. NYC's best completely free experiences for first-time visitors.;Staten Island Ferry passing the Statue of Liberty with Manhattan skyline, free things to do in NYC guide;
Barcelona in 1 Day;1;Centered medium;1;Barcelona in one day, Spain;Sagrada Família, Park Güell & Gothic Quarter;2026.07.11;23:00;https://milesandflavors.com/barcelona-in-one-day-itinerary/;Spain Travel Guide;Barcelona in One Day Spain: Sagrada Família, Park Güell, Gothic Quarter & La Barceloneta;One day in Barcelona Spain: Sagrada Família at opening time, Park Güell before noon, the Gothic Quarter in the afternoon, tapas at dusk on La Barceloneta beach. The Barcelona one-day itinerary that fits everything without skipping what earns the trip to Spain.;Sagrada Família towers rising above Barcelona neighborhood in morning light, one day in Barcelona Spain itinerary;
Barcelona Free Things;1;Title bottom;1;Free things to do in Barcelona, Spain;Bunkers del Carmel, Gothic Quarter & beach;2026.07.12;0:00;https://milesandflavors.com/free-things-to-do-in-barcelona/;Spain Travel Guide;Best Free Things to Do in Barcelona Spain: Bunkers del Carmel, Gothic Quarter & Barceloneta Beach;The Bunkers del Carmel gives you the best 360-degree panoramic view of Barcelona for free. The Gothic Quarter costs nothing to wander. La Barceloneta beach is free. Park Güell has a large free zone. The best free things to do in Barcelona Spain — experiences that don't feel like budget compromises.;Panoramic view of Barcelona from Bunkers del Carmel hilltop at golden hour, free things to do in Barcelona Spain;
Chicago Hop-On Hop-Off;1;Title top;1;Chicago Hop-On Hop-Off bus — worth it?;Millennium Park, Navy Pier & Museum Campus IL;2026.07.12;1:00;https://milesandflavors.com/chicago-hop-on-hop-off/;Chicago Travel Guide;Chicago Hop-On Hop-Off Bus: Worth It? Millennium Park, Navy Pier & Museum Campus Illinois Guide;The Chicago hop-on hop-off bus covers the architecture river cruise stop, Millennium Park Cloud Gate, Navy Pier, and the Museum Campus south of the Loop. Whether it's worth $50 depends on how much of Illinois you're covering. Honest guide for first-time Chicago visitors.;Red double-decker hop-on hop-off tour bus passing Chicago skyscrapers downtown, Illinois sightseeing guide worth it;
Chicago Free Things;1;Centered medium;1;Free things to do in Chicago, Illinois;Millennium Park, Lincoln Park Zoo & the lakefront;2026.07.12;2:00;https://milesandflavors.com/20-free-things-to-do-in-chicago/;Chicago Travel Guide;Best Free Things to Do in Chicago Illinois: Millennium Park, Lincoln Park Zoo & Lakefront Guide;The lakefront trail, Millennium Park with Cloud Gate Bean, the Chicago Cultural Center's Tiffany dome, the Riverwalk, Lincoln Park Zoo — Chicago Illinois has more genuinely great free experiences than almost any city its size. The honest free Chicago guide for first-time visitors.;Chicago lakefront trail with city skyline on a sunny day, free things to do in Illinois including Millennium Park;
NYC Hidden Gems;2;Title top light;1;Off the beaten path in New York City;NYC hidden gems beyond Times Square & Midtown;2026.07.12;20:00;https://milesandflavors.com/nyc-hidden-gems/#hidden-gems;New York Travel Guide;Best NYC Hidden Gems Beyond Times Square (New York City Guide);Little Island, the Gansevoort viewing room at the Whitney, the Strand Bookstore rooftop — 10 NYC hidden gems in Manhattan and Brooklyn that most first-time visitors never find. Secret New York City spots beyond Times Square and Midtown worth adding to your itinerary.;Quiet Manhattan side street with brownstone buildings, NYC hidden gems beyond Times Square first-timer guide;
Brooklyn Best Things to Do;2;Title bottom dark;1;Brooklyn Bridge to Williamsburg, NYC;DUMBO, Brooklyn Bridge Park & New York skyline;2026.07.12;21:00;https://milesandflavors.com/best-things-to-do-in-brooklyn/#best-things-to-do;New York Travel Guide;Brooklyn in One Day: Bridge Walk, DUMBO, Brooklyn Bridge Park & Williamsburg NYC Guide;Walk the Brooklyn Bridge from Manhattan to DUMBO, explore the cobblestone streets under the bridge, watch the Manhattan skyline from Brooklyn Bridge Park at golden hour, then head to Williamsburg for dinner. The best things to do in Brooklyn, New York City — ranked and mapped for first-time visitors who want more than Manhattan.;Manhattan skyline at sunset from Brooklyn Bridge Park waterfront, DUMBO and Williamsburg Brooklyn New York City guide;
25 Best Things NYC;2;Title top dark;1;New York City without the overwhelm;Central Park, Brooklyn Bridge, High Line & NYC skyline;2026.07.12;22:00;https://milesandflavors.com/25-best-things-to-do-in-nyc/#6-high-line;New York Travel Guide;Best Things to Do in NYC: First-Timer's Guide to New York City (No Overwhelm);The High Line turns a decommissioned elevated freight rail line in Chelsea into one of New York City's most interesting free experiences — art installations, Hudson Yards views, and the Meatpacking District below. One of the 25 best things to do in NYC and a must for first-time visitors who want Manhattan without the midtown crowds.;Yellow taxis on busy Midtown Manhattan street with skyscrapers, 25 best things to do in NYC first-timer guide;
Barcelona Couples;2;Centered medium;1;Romantic Barcelona: sunset sailing & Gaudí;Gothic Quarter, Sagrada Família & Spain travel;2026.07.12;23:00;https://milesandflavors.com/best-things-to-do-in-barcelona-for-couples/#best-things-to-do;Spain Travel Guide;Romantic Barcelona: Sunset Sailing, Sagrada Família, Gothic Quarter Guide for Couples;Sunset sailing on the Mediterranean with cava on deck. Sagrada Família before the morning tour groups fill the aisles. Gothic Quarter restaurants after 8pm when the stone streets cool down. The best things to do in Barcelona for couples — Spain's most romantic city, with the right timing and planning for every Gaudí moment.;Narrow lantern-lit medieval street in Barcelona Gothic Quarter at twilight, romantic Barcelona couples guide Spain;
Barcelona Bucket List;2;Title bottom;1;Most beautiful places in Barcelona, Spain;Sagrada Família, Park Güell, Casa Batlló & more;2026.07.13;0:00;https://milesandflavors.com/barcelona-bucket-list/;Spain Travel Guide;Most Beautiful Places in Barcelona Spain: Honest Bucket List (Sagrada Família, Park Güell & More);Sagrada Família, Park Güell's mosaics, Casa Batlló's rooftop, the Bunkers del Carmel sunset, El Born's wine bars. The Barcelona bucket list that covers both the icons and the spots locals love. Spain travel guide for first-timers — what earns the ticket price.;Sagrada Família spires glowing in warm afternoon light Barcelona, most beautiful places in Spain bucket list;
Chicago First-Timers;2;Title top light;1;Chicago architecture river cruise: day one;Millennium Park, Cloud Gate, Willis Tower, Illinois;2026.07.13;1:00;https://milesandflavors.com/best-things-to-do-in-chicago/;Chicago Travel Guide;Chicago First-Timers: Why the Architecture River Cruise Should Be Day One (Illinois Guide);Start with the Chicago architecture river cruise on day one — 90 minutes on the water explains the entire Illinois city better than anything else. Then Cloud Gate at Millennium Park, Willis Tower Skydeck at sunset, deep dish at Lou Malnati's. The best things to do in Chicago for first-timers, in the order that actually makes sense.;Tour boats on Chicago River between glass skyscraper canyons at golden hour, architecture cruise day one Illinois;
Chicago Bucket List;2;Title top light;1;Most beautiful places in Chicago, Illinois;Cloud Gate, Chicago River & lakefront views;2026.07.13;2:00;https://milesandflavors.com/chicago-bucket-list-25-best-things-to-do/;Chicago Travel Guide;Most Beautiful Places in Chicago Illinois: Cloud Gate, Chicago River & Lakefront Guide;Cloud Gate reflects the Chicago Illinois skyline from every angle at Millennium Park. The architecture river cruise puts you on the Chicago River with 40 buildings explained around you. The lakefront trail stretches north to Navy Pier. The 25 most beautiful and worthwhile places in Chicago — what first-timers need to see and in what order.;Cloud Gate Bean reflecting Chicago skyline in Millennium Park Illinois, most beautiful places in Chicago bucket list;
Empire State vs Top of the Rock;2;Centered;1;Which NYC observation deck wins?;Empire State Building vs Top of the Rock NYC tested;2026.07.13;20:00;https://milesandflavors.com/empire-state-building-vs-top-of-the-rock/#best-by-category;New York Travel Guide;Empire State Building vs Top of the Rock: Which NYC Observation Deck Wins? (Honest Review);Best view: Top of the Rock — the Empire State Building is right in the center of the NYC skyline photo. Best experience: Empire State Building — Art Deco lobby, open-air deck, Midtown Manhattan history. Best value: skip one and go deeper on the other. The NYC observation deck showdown broken down by category, so you book the right one.;New York City skyline viewed from rooftop observation deck, Empire State Building vs Top of the Rock NYC guide;
Amsterdam Itinerary;2;Centered dark;1;Amsterdam in 3 days — day by day;canal ring, Jordaan, Vondelpark, Netherlands travel;2026.07.13;21:00;https://milesandflavors.com/3-days-in-amsterdam/#day-one;Netherlands Travel Guide;3-Day Amsterdam Itinerary: Canal Ring, Van Gogh Museum, Jordaan & Vondelpark Day-by-Day;Day one in Amsterdam, Netherlands: the Jordaan neighborhood in the morning, a canal ring walk before lunch, Vondelpark in the afternoon, and the Nine Streets for dinner. Where to start a 3-day Amsterdam itinerary — what to book first, how to sequence the canal district, and where to spend the golden hour on arrival day.;Amsterdam canal morning with narrow brick houses and boats in Jordaan, 3 days in Amsterdam itinerary Netherlands;
NYC Itinerary;2;Title top dark;1;5-day New York City itinerary;Midtown, Lower Manhattan, Brooklyn & the Village;2026.07.13;22:00;https://milesandflavors.com/5-day-new-york-city-itinerary/;New York Travel Guide;5-Day New York City Itinerary: Midtown, Brooklyn Bridge, Lower Manhattan & Greenwich Village;First time in New York City for five days? The biggest mistake is crisscrossing Manhattan without a plan. Day one: Midtown icons. Day two: Brooklyn Bridge and Lower Manhattan. Day three: Greenwich Village and the High Line. The 5-day NYC itinerary mapped by neighborhood — so you're never crossing the city twice.;Manhattan midtown skyline at dusk, 5-day New York City itinerary for first-timers mapped by neighborhood;
Sagrada Família Skip Line;2;Centered;1;Sagrada Família Barcelona timing trick;morning stained glass vs afternoon light Spain;2026.07.13;23:00;https://milesandflavors.com/sagrada-familia-skip-the-line/#inside;Spain Travel Guide;Sagrada Família Tickets Barcelona: Morning vs Afternoon — The Timing Trick That Changes Everything;Morning light enters through the Nativity facade on the east side and turns the Sagrada Família interior amber and gold. Afternoon light hits the Passion facade — cool blues and deep purples. The stained glass is completely different depending on your time slot. What to see inside Sagrada Família in Barcelona, Spain, and which ticket gets you the best experience.;Sagrada Família interior stained glass flooding the nave with color, skip the line Barcelona guide inside tips;
Barcelona Itinerary;2;Title top dark;1;Barcelona in 4 days — day by day;Gaudí, Gothic Quarter, tapas & Spain travel guide;2026.07.14;0:00;https://milesandflavors.com/4-days-in-barcelona-the-perfect-itinerary/;Spain Travel Guide;4-Day Barcelona Itinerary: Gaudí, Gothic Quarter, Tapas & Spain Travel Day-by-Day Plan;Four days in Barcelona Spain, mapped without the guesswork: Gaudí mornings (Sagrada Família, Park Güell, Casa Batlló), Gothic Quarter afternoons, sunset spots with wine, and the food that makes people move here. Day-by-day with where to eat and where to stay. Spain travel guide.;Sagrada Família exterior detail with ornate stone facade, 4 days in Barcelona perfect itinerary Spain travel guide;
Millennium Park Chicago;2;Centered;1;Cloud Gate Chicago at golden hour;Millennium Park Bean — best time to visit Illinois;2026.07.14;1:00;https://milesandflavors.com/millennium-park-cloud-gate-chicago/#cloud-gate;Chicago Travel Guide;Cloud Gate Chicago: Best Time to Visit the Bean at Millennium Park Illinois (Golden Hour Guide);Cloud Gate — the Bean — reflects an infinite Chicago Illinois skyline in its polished steel surface, every building doubled and curved around you. Golden hour is when the light turns amber and the Millennium Park crowds thin out. Everything worth knowing about Cloud Gate: when to go, how to photograph it, and what else is free right next to it.;Cloud Gate Bean sculpture at Millennium Park Chicago reflecting city skyline, Illinois anchor things to do guide;
Chicago Itinerary;2;Title bottom dark;1;Chicago in 3 days — day by day;Millennium Park, Art Institute, lakefront Illinois;2026.07.14;2:00;https://milesandflavors.com/3-days-in-chicago-itinerary/;Chicago Travel Guide;3-Day Chicago Itinerary: Millennium Park, Art Institute, Architecture Cruise & Lakefront Day-by-Day;Three days in Chicago Illinois, mapped out: Millennium Park Cloud Gate in the morning, the architecture river cruise midday, the Art Institute in the afternoon, the lakefront at sunset. Chicago's first-timer route — hour by hour, with where to eat deep dish and what to book first.;Chicago River winding through the downtown Loop with skyscrapers, 3-day Chicago itinerary first-timers Illinois;
NYC This Weekend;2;Title bottom;1;Weekend in New York City;Central Park, DUMBO, Brooklyn Bridge & free NYC views;2026.07.14;20:00;https://milesandflavors.com/things-to-do-in-nyc-this-weekend/#brooklyn-bridge-walk;New York Travel Guide;Weekend in NYC: Central Park, Brooklyn Bridge, DUMBO & Free New York City Views Guide;Cross the Brooklyn Bridge on Sunday morning before the crowds arrive — the Manhattan skyline is framed perfectly by the bridge cables the whole walk over. Day 2 morning of a New York City weekend itinerary: Brooklyn Bridge walk, DUMBO cobblestones, and Brooklyn Bridge Park waterfront for the best free skyline view in NYC.;Brooklyn Bridge spanning the East River toward Manhattan skyline, things to do in NYC this weekend guide;Brooklyn_bridge_walk.jpg
One World Observatory;2;Title top light;1;9/11 Memorial & One World Observatory NYC;Lower Manhattan's two must-sees, New York;2026.07.14;21:00;https://milesandflavors.com/one-world-observatory-nyc/#9-11-memorial-first;New York Travel Guide;9/11 Memorial & One World Observatory NYC: Complete Lower Manhattan Visitor Guide;Start at the 9/11 Memorial reflecting pools in Lower Manhattan — they're free, they open at 7:30am, and standing at the edge of those pools is one of the most moving experiences in New York City. One World Observatory is a 10-minute walk from here. The best way to sequence Lower Manhattan so the whole visit feels right.;One World Observatory New York City tower above Manhattan, 9/11 Memorial visit guide for first-timers;911_memorial.jpg
Where to Stay NYC;2;Title bottom;1;Don't book NYC hotels — read this first;Midtown, Chelsea, West Village or Brooklyn, NYC?;2026.07.14;22:00;https://milesandflavors.com/where-to-stay-in-nyc/#neighborhoods;New York Travel Guide;Where to Stay in NYC: Midtown, Chelsea, West Village or Brooklyn — New York Hotel Neighborhood Guide;Midtown Manhattan for walkability to the sights. Chelsea for the High Line and a more residential feel. West Village for atmosphere and the best food streets. Brooklyn for value and the local experience. The best New York City neighborhoods to stay in compared honestly — what each one is actually like for first-time visitors making the NYC hotel decision.;New York City neighborhood skyline across the water, where to stay in NYC best areas guide for first-timers;NYC_neighborhood.jpg
Park Güell + Sagrada Família;2;Centered light;1;The Gaudí morning in Barcelona, Spain;Park Güell at 8am + Sagrada Família stained glass;2026.07.14;23:00;https://milesandflavors.com/park-guell-sagrada-familia-barcelona/#park-guell;Spain Travel Guide;Barcelona Gaudí Morning: Park Güell at 8am + Sagrada Família Stained Glass — Spain Travel Guide;Park Güell opens at 8am and the earliest timed entry slot is the one worth booking — the mosaic terrace catches the morning light and the city view is nearly crowd-free before 9am. Everything you need to know about visiting Park Güell in Barcelona: what's in the ticketed zone, how to book, and how to time it alongside Sagrada Família on the same day.;Park Güell colorful mosaic terrace with Barcelona panoramic view and Sagrada Família in the distance, Spain guide;park_guell.jpg
Where to Stay Barcelona;2;Title bottom;1;Don't book Barcelona — read this first;Eixample, Gothic Quarter & Gràcia Spain guide;2026.07.15;0:00;https://milesandflavors.com/where-to-stay-in-barcelona/#1-eixample-best-area-for-first-time-visitors;Spain Travel Guide;Where to Stay in Barcelona Spain: Eixample, Gothic Quarter or Gràcia — Honest Hotel Guide;Before you book Barcelona Spain: Eixample for convenience near Sagrada Família and Passeig de Gràcia, the Gothic Quarter for atmosphere (but noise), El Born for nightlife, Gràcia for locals. The Barcelona neighborhood breakdown that makes the hotel decision simple for first-time visitors.;Barcelona Gothic Quarter narrow street with medieval stone buildings, where to stay in Barcelona best neighborhoods guide;Barcelona_eixample.jpg
Navy Pier Chicago;2;Title bottom;1;Navy Pier fireworks, Chicago Illinois;every Wed & Sat all summer — free lakefront show;2026.07.15;1:00;https://milesandflavors.com/navy-pier-chicago/#best-time;Chicago Travel Guide;Navy Pier Fireworks Chicago Illinois: Every Wednesday & Saturday All Summer — Free Lakefront Guide;Navy Pier Chicago hosts free fireworks every Wednesday and Saturday night through the summer — visible from the pier itself or anywhere along the lakefront. Early evening before a fireworks show is the best time to visit. When to arrive, where to stand for the Lake Michigan view, and what else is worth your time at Chicago's most-visited Illinois landmark.;Navy Pier Ferris wheel lit up at sunset over Lake Michigan Chicago, best time to visit Illinois guide;Chicago_Navy_pier.jpg
Where to Stay Chicago;2;Title bottom;1;Loop or River North, Chicago?;best Illinois neighborhoods for first-time visitors;2026.07.15;2:00;https://milesandflavors.com/where-to-stay-in-chicago-7-best-areas-hotels/#the-loop;Chicago Travel Guide;Where to Stay in Chicago: Loop vs River North vs Gold Coast — Illinois Hotel Neighborhood Guide;Sightseeing central (the Loop) or evenings-out neighborhood (River North)? How to choose your Chicago Illinois base — what the Loop, River North, Gold Coast and Wicker Park are actually like to stay in. First-timer Chicago neighborhood guide with hotel recommendations.;Chicago skyline from the lakefront with glass towers, where to stay in Chicago 7 best areas and hotels guide;chicago_the_loop.jpg
Central Park NYC;2;Title top light;1;Central Park NYC at golden hour;Bow Bridge, Bethesda Fountain & Manhattan skyline;2026.07.15;20:00;https://milesandflavors.com/central-park-nyc-guide/#central-park-highlights;New York Travel Guide;Central Park NYC: Golden Hour at Bow Bridge, Bethesda Fountain & Manhattan Skyline Guide;Bow Bridge over the Lake at golden hour. Bethesda Fountain and Terrace at midday. Strawberry Fields on a quiet Sunday morning. The Conservatory Garden in bloom. Central Park's most photographed spots in New York City — what each one looks like, when to go for the best light, and how to fit them into a morning or afternoon without zigzagging the 843 acres.;Central Park New York City in summer with Manhattan skyline visible through the trees, NYC highlights guide;central-park-bow-bridge.jpg
Amsterdam Canal Cruises;2;Title bottom light;1;Amsterdam canal cruise — which wins?;hop-on hop-off vs private evening boat Netherlands;2026.07.15;21:00;https://milesandflavors.com/best-canal-cruises-in-amsterdam/#evening-cruise;Netherlands Travel Guide;Amsterdam Canal Cruise Guide Netherlands: Hop-On Hop-Off vs Private Evening Boat — Which Wins?;The evening canal cruise gives you Amsterdam Netherlands at its most beautiful — golden hour on the canal ring, gabled houses lit from inside, wine in hand as the city quiets down. Why the evening cruise beats the midday option, which Amsterdam canal cruise companies run the evening boats, and what the experience is actually like on the water.;Evening canal cruise in Amsterdam with lit bridges and reflections on water, best canal cruise Netherlands guide;
NYC Travel Costs;2;Title bottom light;1;Is New York City expensive?;NYC budget — hotels, food, transport & tickets;2026.07.15;22:00;https://milesandflavors.com/nyc-travel-costs/#sample-budgets;New York Travel Guide;Is NYC Expensive? Honest 2026 Budget Breakdown — New York City Hotels, Food & Transport Costs;Budget NYC: under $150 per person per day — subway, pizza by the slice, free parks and skyline views. Mid-range: $250/day — one observation deck, one sit-down dinner, a museum. Comfortable: $400+ — Manhattan hotel, Broadway, Top of the Rock. Sample daily budgets for New York City in 2026 so you know what a trip to NYC actually costs before you book.;New York City street scene with people and buildings, NYC travel costs honest budget guide sample daily costs;
Casa Batlló Gaudí Trail;2;Title bottom light;1;The Block of Discord, Barcelona Spain;Casa Batlló, Gaudí & Passeig de Gràcia guide;2026.07.15;23:00;https://milesandflavors.com/casa-batllo-gaudi-trail-barcelona/#the-block-of-discord;Spain Travel Guide;Passeig de Gràcia Barcelona: Casa Batlló, Block of Discord & Gaudí Architecture Spain Guide;The Manzana de la Discordia — Block of Discord — puts three competing Modernista masterpieces on the same block of Passeig de Gràcia in Barcelona: Casa Batlló by Gaudí, Casa Amatller by Puig i Cadafalch, and Casa Lleó Morera by Domènech i Montaner. The starting point for the Barcelona Gaudí architecture trail — no ticket required just to walk the block and look up.;Casa Batlló rooftop terrace with Gaudí mosaic dragon scales and Barcelona skyline, block of discord Spain guide;casa_batllo_facade.jpg
Montserrat Day Trip;2;Title bottom light;1;The Barcelona day trip most people skip;Montserrat — rock formations & monastery Spain;2026.07.16;0:00;https://milesandflavors.com/montserrat-day-trip-from-barcelona/#is-it-worth-it;Spain Travel Guide;Montserrat: The Barcelona Spain Day Trip Most People Skip (And Always Regret Skipping);Most Barcelona first-timers don't put Montserrat on their Spain itinerary. The ones who do always call it the best day of the trip — serrated rock formations rising 1,200 meters above Catalonia, a 9th-century Benedictine monastery clinging to the cliff, and hiking trails with all of Barcelona visible far below. Is the Montserrat day trip from Barcelona worth it? The honest answer.;Montserrat monastery on dramatic rocky peaks near Barcelona, is it worth the day trip from Barcelona Spain guide;polina-kocheva-AhF_S--bwyc-unsplash.jpg
Willis Tower vs 360 Chicago;2;Title top light;1;Best view in Chicago, Illinois;Willis Tower Skydeck vs 360 Chicago honest test;2026.07.16;1:00;https://milesandflavors.com/willis-tower-skydeck-vs-360-chicago/#which-to-choose;Chicago Travel Guide;Best Chicago Observation Deck: Willis Tower Skydeck vs 360 Chicago — Illinois Honest Review;Willis Tower Skydeck vs 360 Chicago: Skydeck wins on height — the Ledge puts you 412 meters above Illinois in a glass box extending over the street. 360 Chicago wins on a shorter average wait and the TILT experience. Which Chicago observation deck to choose based on what matters most to you — the honest comparison for first-time Illinois visitors.;Willis Tower Skydeck glass ledge extending over Chicago with city below, which observation deck to choose Illinois;chicago_skyline_aerial.jpg
Chicago Architecture Cruise;2;Title bottom light;1;Chicago river cruise: do it on day one;Chicago River, 40 skyscrapers, Illinois guide;2026.07.16;2:00;https://milesandflavors.com/chicago-architecture-river-cruise/#why;Chicago Travel Guide;Chicago River Architecture Cruise: Do It on Day One — Chicago River, 40 Skyscrapers & Illinois Guide;The Chicago architecture river cruise is the single best orientation to Illinois's most architecturally significant city — 90 minutes on the Chicago River, 40+ buildings explained by a licensed architect guide, the entire city's history laid out in front of you. Why it should be the first thing you book in Chicago, and why nothing else orients you to the city as well.;Chicago River cruise boat passing Wrigley Building and Tribune Tower, why the architecture cruise is worth it;
Times Square NYC;2;Centered;1;Times Square at midnight, New York City;the NYC Midtown experience worth staying up for;2026.07.16;20:00;https://milesandflavors.com/times-square-nyc-guide/#day-vs-night;New York Travel Guide;Times Square NYC at Night: When to Go for the Best New York City Experience (Midnight Guide);Times Square at noon is an overloaded sensory experience in the middle of Midtown Manhattan. Times Square at midnight on a Tuesday is still electric — the neon is sharper, the crowd is thinner, and the New York City energy is actually what you came for. Day vs night at Times Square: which visit is worth your time and when to show up for the best experience.;Times Square New York City neon signs day and night comparison, first-timer honest guide to NYC Midtown;times_square_night.jpg
NYC in a Day;2;Title top light;1;24 hours in New York City;Statue of Liberty, Brooklyn Bridge & NYC skyline;2026.07.16;21:00;https://milesandflavors.com/one-day-in-new-york/#statue-of-liberty;New York Travel Guide;24 Hours in NYC: Statue of Liberty, Brooklyn Bridge, 9/11 Memorial & New York City Skyline;The Statue of Liberty ferry from Battery Park takes 12 minutes and the pedestal climb puts you face-to-face with the statue at 46 meters above New York Harbor. Book the first ferry of the morning to beat the crowds and have time for Ellis Island next. Morning Statue of Liberty visit in a one-day New York City itinerary — what to book, how long to spend, and what to do next.;Statue of Liberty close-up in New York Harbor, one day NYC itinerary starting with the ferry for first-timers;statue_of_liberty_close.jpg
NYC Free Things;2;Title bottom;1;New York City for free — full day;Central Park, Brooklyn Bridge & Staten Island Ferry;2026.07.16;22:00;https://milesandflavors.com/free-things-to-do-in-nyc/#free-views;New York Travel Guide;NYC for Free: Full Day — Central Park, Brooklyn Bridge Walk, High Line & Staten Island Ferry;The Staten Island Ferry gives you the Statue of Liberty from the water — free. Brooklyn Bridge Park gives you the full Manhattan skyline from the Brooklyn waterfront — free. The Brooklyn Heights Promenade gives you that skyline at eye level — free. New York City's best free skyline views and waterfront experiences for first-time visitors who want iconic NYC without the ticket price.;Free skyline views from Brooklyn Bridge Park and the High Line New York City, NYC budget guide free experiences;brooklyn_heights_promenade.jpg
Barcelona in 1 Day;2;Centered light;1;24 hours in Barcelona, Spain;Sagrada Família, Gaudí, Gothic Quarter itinerary;2026.07.16;23:00;https://milesandflavors.com/barcelona-in-one-day-itinerary/#sagrada-familia;Spain Travel Guide;24 Hours in Barcelona Spain: Sagrada Família, Park Güell, Gothic Quarter & Beach Itinerary;Sagrada Família in the first morning time slot — before the tour groups arrive and while the east-facing stained glass is still catching the light and turning the interior gold. The one thing in Barcelona most people wish they'd spent more time inside. Late morning Sagrada Família in a one-day Barcelona Spain itinerary: which ticket to book, how long to budget, and what not to miss.;Sagrada Família facade at sunrise Barcelona Spain, one day Barcelona itinerary first stop Gaudí masterpiece;sagrada_familia_stained_glass.jpg
Barcelona Free Things;2;Title top light;1;Barcelona, Spain for free — full day;Park Güell free zone, Bunkers & Barceloneta beach;2026.07.17;0:00;https://milesandflavors.com/free-things-to-do-in-barcelona/#14-bunkers-del-carmel;Spain Travel Guide;Barcelona Spain for Free: Full Day — Park Güell Free Zone, Bunkers del Carmel, Gothic Quarter & Beach;Park Güell's large free zone with the city views. The Gothic Quarter medieval streets. The Bunkers del Carmel 360-degree panorama. La Barceloneta beach. Font Magica Thursday evenings. A full day in Barcelona Spain that costs nothing and gives you everything worth having.;Bunkers del Carmel 360-degree panoramic view of Barcelona at golden hour, free things to do in Spain travel guide;bunkers_del_carmel_panorama.jpg
Chicago Hop-On Hop-Off;2;Title top;1;Chicago hop-on hop-off vs walking;Millennium Park, Navy Pier & Museum Campus Illinois;2026.07.17;1:00;https://milesandflavors.com/chicago-hop-on-hop-off/#worth-it;Chicago Travel Guide;Chicago Hop-On Hop-Off vs Walking: Millennium Park, Navy Pier & Museum Campus — Which Is Better?;The Chicago hop-on hop-off bus earns its $50 ticket when it's cold, when you're reaching the Museum Campus south of the Loop, or when you have a group with limited walking stamina. In good weather, downtown Chicago is very walkable. Who should actually buy the hop-on hop-off bus ticket in Illinois — the honest first-timer assessment before you spend the money.;Hop-on hop-off red double-decker bus on Chicago Michigan Avenue, worth it guide for Illinois first-time visitors;chicago_hop_on_bus.png
Chicago Free Things;2;Centered dark;1;Chicago, Illinois for free — full day;Cloud Gate, Cultural Center, Riverwalk & Lincoln Zoo;2026.07.17;2:00;https://milesandflavors.com/20-free-things-to-do-in-chicago/#1-cloud-gate-the-bean-at-millennium-park;Chicago Travel Guide;Chicago Illinois for Free: Full Day — Cloud Gate, Cultural Center, Riverwalk & Lincoln Park Zoo;Cloud Gate and Crown Fountain in Millennium Park. The Chicago Cultural Center's stunning free art exhibits. Lincoln Park Zoo. The Riverwalk at golden hour. The free museum days. A full day in Chicago Illinois without buying a single ticket — and genuinely not missing much.;Millennium Park Cloud Gate Bean with visitors around it Chicago Illinois, free things to do guide lakefront trail;
NYC Hidden Gems;3;Title top light;1;New York City hidden gems;the Manhattan & Brooklyn guide first-timers need;2026.07.17;20:00;https://milesandflavors.com/nyc-hidden-gems/#met-cloisters;New York Travel Guide;New York City Hidden Gems: Complete First-Timer Off-the-Beaten-Path Guide;The Brooklyn Heights Promenade at golden hour. The Morgan Library reading room. The Neue Galerie before 11am. New York City has a whole layer of experiences most visitors never find — hidden gems in Manhattan, Brooklyn and beyond. This is the map to all of them.;Little Island floating park in Hudson River Manhattan aerial view, NYC hidden gems secret spots guide;little_island_nyc.jpg
Brooklyn Best Things to Do;3;Title bottom light;1;Best free NYC skyline view;Brooklyn Bridge Park, New York — zero dollars;2026.07.17;21:00;https://milesandflavors.com/best-things-to-do-in-brooklyn/#1-brooklyn-bridge-walk;New York Travel Guide;Brooklyn Bridge Park NYC: Best Free Manhattan Skyline View (Brooklyn Guide);Manhattan skyline from Brooklyn Bridge Park at golden hour — the best free view in all of New York City, and the thing most first-time visitors only discover on their last day. Best things to do in Brooklyn: start at Brooklyn Bridge Park, walk to DUMBO, cross the Brooklyn Bridge. All free.;DUMBO Brooklyn cobblestone street framing Manhattan Bridge with Empire State Building, best things to do in Brooklyn;brooklyn_bridge_park_water.jpg
25 Best Things NYC;3;Title top light;1;Best NYC skyline views — ranked;Brooklyn Bridge, Top of the Rock & free New York spots;2026.07.17;22:00;https://milesandflavors.com/25-best-things-to-do-in-nyc/#nyc-bucket-list-map;New York Travel Guide;Best NYC Skyline Views: Top of the Rock vs Brooklyn Bridge, Staten Island Ferry & More;Top of the Rock or the Edge? Brooklyn Bridge at sunrise vs Manhattan Bridge. The Staten Island Ferry vs Brooklyn Heights Promenade. New York City's best skyline views compared honestly — plus every bucket-list thing to do in NYC that earns its place on the list.;High Line elevated park Chelsea Manhattan with Hudson Yards skyline, 25 best things to do in New York City guide;nyc_skyline.jpg
Barcelona Couples;3;Title top light;1;The Barcelona couple trip that earns it;sailing, Sagrada Família & Gothic Quarter Spain;2026.07.17;23:00;https://milesandflavors.com/best-things-to-do-in-barcelona-for-couples/#1-sunset-sailing;Spain Travel Guide;Barcelona for Couples: Honest Romantic Spain Travel Guide (Sagrada Família, Sailing & More);The sailing at sunset. The stained glass inside Sagrada Família. A table at a Gothic Quarter restaurant nobody else found. Barcelona's best romantic experiences for couples, planned so the Gaudí timing works and the Gothic Quarter evenings are magical. Spain travel for couples.;Sunset sailing on Mediterranean with Barcelona coastline visible, romantic couples guide Spain Gaudí and Gothic Quarter;barcelona_sailing_sunset.jpg
Barcelona Bucket List;3;Title bottom dark;1;Barcelona bucket list: Sagrada Família + Gaudí;Park Güell, Casa Batlló & Gothic Quarter Spain;2026.07.18;0:00;https://milesandflavors.com/barcelona-bucket-list/;Spain Travel Guide;Barcelona Bucket List: Sagrada Família, Park Güell, Casa Batlló & Gothic Quarter Guide;Every Gaudí icon, every hidden sunset viewpoint, every Gothic Quarter corner worth slowing down for. The Barcelona bucket list honest about what every experience is really like — Sagrada Família, Park Güell, Casa Batlló, the Bunkers del Carmel view. Spain travel first-timer guide.;The towering spires and intricate stone facades of Sagrada Família in Barcelona, Barcelona bucket list must-see Gaudí masterpiece Spain;sagrada_familia_spires_sky.jpg
Chicago First-Timers;3;Title bottom light;1;Chicago in 3 days for first-timers;architecture cruise, deep dish & Millennium Park IL;2026.07.18;1:00;https://milesandflavors.com/best-things-to-do-in-chicago/#best-things-to-do;Chicago Travel Guide;Chicago First-Timer Guide: 3 Days — Architecture Cruise, Deep Dish, Millennium Park & More;Day 1: Chicago architecture river cruise and the Riverwalk. Day 2: Millennium Park Cloud Gate, Art Institute, deep dish at Lou Malnati's. Day 3: Navy Pier, lakefront, Willis Tower Skydeck at sunset. Chicago Illinois in 3 days — planned so nothing gets rushed. First-time visitor guide.;Cloud Gate sculpture reflecting blue sky and Chicago skyline in Millennium Park, best things to do in Chicago Illinois first-timer travel guide;chicago_wrigley_river.jpg
Chicago Bucket List;3;Title top light;1;Chicago hidden gems beyond Cloud Gate;Wicker Park, Riverwalk & Chicago lakefront IL;2026.07.18;2:00;https://milesandflavors.com/chicago-bucket-list-25-best-things-to-do/;Chicago Travel Guide;Chicago Hidden Gems: Beyond Cloud Gate — Wicker Park, Riverwalk & Lakefront Guide;The speakeasy in Wicker Park. The lakefront neighborhood that changes every two blocks. The Chicago Riverwalk at golden hour. The local food that doesn't appear on any tourist list. Chicago's hidden bucket list — what makes Illinois great beyond the obvious sights.;Tour boats passing under historic Chicago bridge on the river at sunset, Chicago bucket list 25 best things to do Illinois must-see travel guide;
Empire State vs Top of the Rock;3;Title top light;1;Best NYC view: Empire State vs Top of the Rock;New York skyline — observation deck showdown;2026.07.18;20:00;https://milesandflavors.com/empire-state-building-vs-top-of-the-rock/#quick-comparison;New York Travel Guide;Best NYC Observation Deck: Empire State Building vs Top of the Rock New York Skyline Guide;Both cost around $47. Both give you 360-degree New York City skyline views. The difference is what you're looking AT — Top of the Rock puts the Empire State Building right in the center of your Manhattan skyline photo. The full New York observation deck comparison for first-timers.;View from NYC rooftop observation deck looking south over Midtown Manhattan at golden hour, Empire State Building vs Top of the Rock which to choose New York;emire_state building.jpg
Amsterdam Itinerary;3;Title bottom dark;1;Amsterdam beyond the tourist crowds;Jordaan, Amsterdam canals & Netherlands hidden gems;2026.07.18;21:00;https://milesandflavors.com/3-days-in-amsterdam/#day-two;Netherlands Travel Guide;3 Days in Amsterdam Beyond Tourist Crowds: Jordaan, Canals & Netherlands Hidden Gems;The crowds pile up at Dam Square while the Jordaan's canal bridges are almost empty. Three days in Amsterdam, Netherlands that skip the tourist circuits and find the city's quieter, lovelier side — hidden cafes, local markets, the Nine Streets. Amsterdam travel guide for first-timers.;Colorful tulips blooming in front of Amsterdam canal houses on a sunny spring day, 3 days in Amsterdam itinerary Netherlands travel guide first-timers;
NYC Itinerary;3;Title bottom;1;NYC first-timer mistakes to avoid;5 days in New York, neighborhoods & timing tips;2026.07.18;22:00;https://milesandflavors.com/5-day-new-york-city-itinerary/;New York Travel Guide;5 Days in NYC: First-Timer Mistakes to Avoid — New York City Itinerary Planning Guide;Trying to fit Times Square, Wall Street, Central Park and Brooklyn into the same morning — that's how first-time New York City trips fall apart. Five days mapped right, neighborhoods grouped, sights timed. NYC planning guide that avoids the classic first-timer mistakes.;Brooklyn Bridge stretching toward the Manhattan skyline at golden hour, 5 day New York City itinerary first-timer travel guide USA must-see;
Sagrada Família Skip Line;3;Title bottom;1;Is Sagrada Família worth it? Barcelona;Gaudí, tickets, towers & Spain travel answer;2026.07.18;23:00;https://milesandflavors.com/sagrada-familia-skip-the-line/#book-ahead;Spain Travel Guide;Is Sagrada Família Worth It? Honest Barcelona Spain Guide (Tickets, Towers & Tips);The exterior takes 30 seconds to understand why Gaudí spent 40 years on it. The stained glass interior takes your breath away and doesn't give it back for 20 minutes. Yes, Sagrada Família is worth every cent — here's how to buy tickets, choose a tower and plan it right. Barcelona, Spain.;Towering spires of Sagrada Família rising above Barcelona Eixample neighborhood against blue sky, Sagrada Família skip the line tickets tips Gaudí Barcelona Spain;sagrada_skip the line.jpg
Barcelona Itinerary;3;Title bottom;1;Gaudí icons in 4 perfect Barcelona days;Sagrada Família, Park Güell & Casa Batlló Spain;2026.07.19;0:00;https://milesandflavors.com/4-days-in-barcelona-the-perfect-itinerary/;Spain Travel Guide;Barcelona Gaudí Guide: Sagrada Família, Park Güell & Casa Batlló — 4-Day Spain Itinerary;Sagrada Família, Park Güell, Casa Batlló: three Gaudí icons in Barcelona, three very different crowds, three different price points. Which ones earn their ticket, when to book, and what to skip. The complete Barcelona Spain 4-day itinerary for first-time visitors who want Gaudí done right.;Colorful mosaic curves of Park Güell overlooking Barcelona and the Mediterranean below, 4 days in Barcelona perfect itinerary Spain travel guide first-timers;
Millennium Park Chicago;3;Title top;1;Millennium Park Chicago — it's all free;Cloud Gate, Crown Fountain & Illinois concerts;2026.07.19;1:00;https://milesandflavors.com/millennium-park-cloud-gate-chicago/#pritzker-pavilion;Chicago Travel Guide;Millennium Park Chicago: Everything That's Free — Cloud Gate, Crown Fountain & Concerts Guide;Cloud Gate Bean, Crown Fountain, the Lurie Garden, Great Lawn free concerts — almost everything in Millennium Park Chicago is free. Here's the complete map of what's worth your time in Illinois and the moments that surprise first-time visitors to Chicago, including golden hour at the Bean.;Visitors enjoying open space and sculptures in Chicago Millennium Park on a clear day, Millennium Park Cloud Gate Bean free things to do Chicago Illinois guide;crown_fountain_chicago.jpg
Chicago Itinerary;3;Title bottom;1;Before you book Chicago — read this;architecture cruise, Willis Tower & Lou Malnati's IL;2026.07.19;2:00;https://milesandflavors.com/3-days-in-chicago-itinerary/;Chicago Travel Guide;3 Days in Chicago: What to Book Before You Arrive — Architecture Cruise, Willis Tower & More;Before you book Chicago Illinois: what to reserve weeks ahead (architecture river cruise, Lou Malnati's deep dish, Willis Tower Skydeck), where to stay in the Loop vs River North, and what's worth spending money on. The 3-day planning guide that prevents Chicago first-timer regrets.;Tour boats on Chicago River winding between glowing downtown skyscrapers at dusk, 3 days in Chicago perfect itinerary Illinois travel guide first-timers;willis_tower_river.jpg
NYC This Weekend;3;Title bottom light;1;NYC weekend itinerary — 2 days;Brooklyn Bridge, High Line, Chelsea & Central Park;2026.07.19;20:00;https://milesandflavors.com/things-to-do-in-nyc-this-weekend/#central-park-morning;New York Travel Guide;NYC This Weekend: 2-Day Itinerary — Brooklyn Bridge, High Line, Chelsea Market & Central Park;Saturday: Central Park morning, the High Line, Chelsea Market lunch. Sunday: Brooklyn Bridge walk, DUMBO cobblestones, Brooklyn Bridge Park golden hour skyline. Two days in New York City that cover the essentials without becoming a checklist. NYC weekend guide for first-timers.;Brooklyn Bridge illuminated at golden hour with full Manhattan skyline behind it, things to do in NYC this weekend New York City travel tips guide;brooklyn_bridge_golden_east.jpg
One World Observatory;3;Title bottom;1;Lower Manhattan in half a day, NYC;9/11 Memorial, One World Trade Center & the Oculus;2026.07.19;21:00;https://milesandflavors.com/one-world-observatory-nyc/#inside-one-world-observatory;New York Travel Guide;Lower Manhattan Guide NYC: 9/11 Memorial, One World Observatory, Wall Street & the Oculus;Wall Street, the 9/11 Memorial reflecting pools, the Oculus transit hub, One World Trade Center and One World Observatory — Lower Manhattan rewards half a day in New York City. How to sequence it so you're not crisscrossing the same blocks twice. NYC first-timer guide.;One World Trade Center tower rising above Lower Manhattan in early morning light, One World Observatory skip the line tips New York City views guide;oculus_wtc_interior.jpg
Where to Stay NYC;3;Title bottom;1;Midtown or Brooklyn, New York City?;best NYC neighborhoods for first-time visitors;2026.07.19;22:00;https://milesandflavors.com/where-to-stay-in-nyc/#midtown;New York Travel Guide;Where to Stay in New York City: Midtown vs Brooklyn vs Lower Manhattan — NYC Hotel Guide;Midtown Manhattan puts you next to the sights. Brooklyn gives you the local feel and better value. Lower Manhattan is quieter but close to the 9/11 Memorial. The New York City neighborhood comparison for first-time visitors making the NYC hotel decision — what staying in each is really like.;Classic New York City brownstone rowhouses with ornate stone stoops on quiet residential street, where to stay in NYC best neighborhoods hotels New York guide;EZT.jpg
Park Güell + Sagrada Família;3;Title top;1;All of Gaudí in one Barcelona trip;Park Güell, Sagrada Família & Spain planning tips;2026.07.19;23:00;https://milesandflavors.com/park-guell-sagrada-familia-barcelona/#sagrada-familia;Spain Travel Guide;Barcelona Gaudí Guide: Park Güell, Sagrada Família & Spain Trip Planning Tips;Timed entry is mandatory for both Park Güell and Sagrada Família in Barcelona. The terrace at Park Güell is the ticketed zone. The Nativity tower gives a different view from the Passion tower. The planning details that make both Gaudí sites work in one Barcelona Spain trip.;Dragon staircase and colorful tile mosaic at entrance to Park Güell in Barcelona, Park Güell and Sagrada Família combined visit tips Spain travel guide;park_guell_dragon_stairs.jpg
Where to Stay Barcelona;3;Title bottom;1;Gothic Quarter or Eixample, Barcelona?;best Spain neighborhoods for first-time visitors;2026.07.20;0:00;https://milesandflavors.com/where-to-stay-in-barcelona/;Spain Travel Guide;Gothic Quarter vs Eixample Barcelona: Best Neighborhood to Stay in Spain for First-Timers;Atmospheric Gothic Quarter cobblestones near Sagrada Família and the waterfront, or convenient Eixample avenues with easy metro access? The two most popular Barcelona Spain hotel neighborhoods compared — what staying in each is actually like, day to day, for a first-time visitor.;Sunlit narrow alley in Barcelona Gothic Quarter with wrought-iron balconies and people strolling, where to stay in Barcelona best neighborhoods hotels Spain guide;EZT.jpg
Navy Pier Chicago;3;Title bottom;1;Is Navy Pier worth it? Chicago IL guide;Ferris wheel, fireworks & lakefront honest review;2026.07.20;1:00;https://milesandflavors.com/navy-pier-chicago/#is-it-worth-it;Chicago Travel Guide;Is Navy Pier Chicago Worth It? Ferris Wheel, Fireworks & Lakefront Honest Illinois Review;The Centennial Wheel Ferris wheel is worth it for the Chicago Illinois skyline views. The food is overpriced. The free pier walk along Lake Michigan is excellent. The Wednesday and Saturday fireworks are genuinely great. The honest Navy Pier Chicago guide for first-time Illinois visitors.;Chicago lakefront view from Navy Pier with city skyline reflected in Lake Michigan, Navy Pier Chicago what to expect free things Illinois travel guide;navy_pier_lake_skyline.jpg
Where to Stay Chicago;3;Title bottom dark;1;Don't book Chicago — read this first;Loop, River North, Gold Coast & Wicker Park IL;2026.07.20;2:00;https://milesandflavors.com/where-to-stay-in-chicago-7-best-areas-hotels/;Chicago Travel Guide;Where to Stay in Chicago Illinois: Loop, River North, Gold Coast & Wicker Park Honest Guide;Before you book Chicago Illinois: the Loop is convenient but corporate after dark, River North is lively and central, the Gold Coast has lakefront access, and Wicker Park is where you want to eat. The Chicago neighborhood guide for first-time visitors making the hotel decision.;Classic Chicago brick building with white columns stone arch and colorful tulip gardens, where to stay in Chicago best areas hotels Illinois travel guide;chicago_the_loop.jpg
Central Park NYC;3;Title bottom;1;Central Park NYC — free all day;Strawberry Fields, Bow Bridge & the Ramble NYC;2026.07.20;20:00;https://milesandflavors.com/central-park-nyc-guide/#bethesda-terrace-fountain;New York Travel Guide;Central Park NYC: Free All Day — Strawberry Fields, Bow Bridge, Bethesda Fountain & the Ramble;The Conservatory Garden in spring. Bethesda Fountain at noon. The Ramble's bird-watching paths. Strawberry Fields on a quiet Sunday. Central Park, New York City has a full day of free experiences if you know where to look. The first-timer's map to Manhattan's biggest park.;Bethesda Fountain and Central Park terrace on sunny day with visitors relaxing around it, Central Park New York City guide hidden gems must-see spots NYC;central_park_bethesda.jpg
Amsterdam Canal Cruises;3;Title bottom light;1;Amsterdam evening canal cruise;golden hour, gabled houses & wine — Netherlands;2026.07.20;21:00;https://milesandflavors.com/best-canal-cruises-in-amsterdam/#cruise-comparison;Netherlands Travel Guide;Amsterdam Evening Canal Cruise Netherlands: Golden Hour, Gabled Houses & Wine — Worth Booking?;The evening canal cruise gives you Amsterdam Netherlands at its most beautiful — golden hour on the canals, the gabled houses lit from inside, wine in hand as the city quiets down. The Amsterdam experience most first-timers book too late and wish they'd done on day one. Netherlands travel guide.;Amsterdam canal at sunset with golden light reflecting off water and historic gabled buildings, best canal cruise Amsterdam Netherlands which to book travel guide;
NYC Travel Costs;3;Title bottom;1;New York City on a budget;what to spend & what to skip — NYC travel costs;2026.07.20;22:00;https://milesandflavors.com/nyc-travel-costs/#accommodation;New York Travel Guide;NYC on a Budget: What to Spend and What to Skip — New York City Travel Costs 2026;The Staten Island Ferry is free and gives you the best Statue of Liberty view in New York City. The museums are expensive but worth it. The taxis will destroy your budget. NYC on a budget — what earns the money and what doesn't in New York City. Travel costs guide 2026.;New York City street food vendors selling hot dogs and pretzels at busy Midtown intersection, NYC travel costs budget guide how much does New York cost 2025;
Casa Batlló Gaudí Trail;3;Title bottom;1;Is Casa Batlló worth it? Barcelona Spain;Gaudí rooftop, dragon spine & mosaic facade;2026.07.20;23:00;https://milesandflavors.com/casa-batllo-gaudi-trail-barcelona/#casa-batllo;Spain Travel Guide;Casa Batlló Barcelona: Is the Ticket Worth It? Gaudí's Dragon Rooftop & Interior Spain Guide;Casa Batlló in Barcelona costs around 35 euros. The rooftop dragon spine, the bone columns in the main hall, the attic like a dinosaur's ribcage — Gaudí spent more imagination per square meter here than anywhere else in Spain. Honest Casa Batlló review for Barcelona first-timers.;Rooftop of Casa Batlló with dragon scale tiles and colorful mosaic turrets in Barcelona, Casa Batlló Gaudí trail Barcelona block of discord Spain travel guide;casa_batllo_rooftop.jpg
Montserrat Day Trip;3;Title bottom;1;Montserrat by train + cable car, Spain;Barcelona day trip planning guide Catalonia;2026.07.21;0:00;https://milesandflavors.com/montserrat-day-trip-from-barcelona/#why-go;Spain Travel Guide;Montserrat Day Trip Spain: Train + Cable Car vs Rack Railway — Barcelona to Montserrat Guide;FGC train from Placa Espanya in Barcelona to Monistrol, then cable car vs the rack railway — both get you to Montserrat in Catalonia, but the cable car gives the more dramatic arrival over the gorge. Everything to plan the Montserrat day trip from Barcelona Spain, including what to eat up there.;Aerial cable car arriving at Montserrat with monastery visible among rocky cliffs below, Montserrat day trip from Barcelona worth it Spain travel guide tips;montserrat_cable_car.jpg
Willis Tower vs 360 Chicago;3;Title bottom;1;Willis Tower Skydeck glass Ledge, Chicago;412 meters above Illinois — the Ledge experience;2026.07.21;1:00;https://milesandflavors.com/willis-tower-skydeck-vs-360-chicago/#willis-tower-skydeck;Chicago Travel Guide;Willis Tower Skydeck Chicago: The Glass Ledge Experience — 412 Meters Above Illinois;The Ledge at Willis Tower Skydeck Chicago — a glass box that extends 4 feet beyond the building at 412 meters above Illinois. You stand on glass. The Chicago skyline and the city grid are directly below you. Whether that's thrilling or terrifying depends on you. Full Skydeck Ledge guide.;Willis Tower Skydeck glass Ledge with views of Chicago spread far below through transparent floor, Willis Tower vs 360 Chicago which observation deck Illinois guide;chicago_skydeck.jpg
Chicago Architecture Cruise;3;Title top;1;Chicago river cruise at sunset;architecture, golden hour & the Chicago River IL;2026.07.21;2:00;https://milesandflavors.com/chicago-architecture-river-cruise/#what-you-see;Chicago Travel Guide;Chicago Architecture River Cruise at Sunset: Best Time, Ticket Guide & Chicago River Illinois;The sunset architecture river cruise gives you Chicago Illinois at golden hour — the Chicago River turns amber, the glass towers catch the light and every building looks its best. Book the late afternoon departure if you can get it. Everything about the Chicago architecture cruise.;Chicago River reflecting glowing architecture at golden hour viewed from river cruise boat, Chicago architecture river cruise worth it guide Illinois travel tips;
Times Square NYC;3;Title bottom;1;Beyond Times Square, Midtown NYC;New York Public Library, Bryant Park & Empire State;2026.07.21;20:00;https://milesandflavors.com/times-square-nyc-guide/#what-to-do;New York Travel Guide;Beyond Times Square NYC: Midtown Manhattan Guide — Bryant Park, New York Public Library & More;You've seen Times Square — 20 minutes is enough in New York City. What else to do in Midtown Manhattan: the New York Public Library steps, Bryant Park, the Empire State Building at sunset, the Chrysler Building from street level. Midtown NYC guide beyond Times Square neon.;Chrysler Building illuminated against deep blue Manhattan sky at dusk, Times Square NYC guide first-timer tips Midtown New York what to know 2025;chrysler_building_dusk.jpg
NYC in a Day;3;Title top;1;First time in NYC for one day?;9/11 Memorial, Brooklyn Bridge & New York tips;2026.07.21;21:00;https://milesandflavors.com/one-day-in-new-york/#911-memorial;New York Travel Guide;NYC for One Day: First-Timer's Complete Plan — 9/11 Memorial, Brooklyn Bridge & New York City;One day in New York City as a first-timer — the route that makes it count. Start at the 9/11 Memorial in Lower Manhattan when it opens, walk north through Tribeca and SoHo, cross the Brooklyn Bridge to DUMBO, end at Brooklyn Bridge Park with the Manhattan skyline at golden hour. Done right.;9/11 Memorial reflecting pool in Lower Manhattan with One World Trade Center rising behind it, one day in New York City perfect itinerary first-timer travel guide;911_memorial_pool_edge.jpg
NYC Free Things;3;Title top light;1;Best free NYC views — not just the ferry;Brooklyn Heights Promenade & Gantry Plaza NYC;2026.07.21;22:00;https://milesandflavors.com/free-things-to-do-in-nyc/#staten-island-ferry;New York Travel Guide;Best Free NYC Views Beyond the Staten Island Ferry: Brooklyn Heights Promenade & Gantry Plaza;The Brooklyn Heights Promenade gives you the entire Manhattan skyline at eye level — completely free. Gantry Plaza State Park in Queens gives you Midtown Manhattan reflected in the East River — also free. The free New York City skyline views that beat the paid observation decks.;Manhattan skyline seen from Brooklyn Heights Promenade at golden hour reflected in harbor, free things to do in NYC New York City budget travel guide 2025;manhattan_from_bk_heights.jpg
Barcelona in 1 Day;3;Title top;1;First time in Barcelona for one day?;Sagrada Família, Park Güell & La Barceloneta Spain;2026.07.21;23:00;https://milesandflavors.com/barcelona-in-one-day-itinerary/#park-guell;Spain Travel Guide;Barcelona One-Day Guide Spain: First-Timer's Plan — Sagrada Família, Park Güell & La Barceloneta;Sagrada Família at 9am, Park Güell by 11am, Gothic Quarter lunch, afternoon at the beach or Picasso Museum, La Barceloneta at sunset. Barcelona Spain in one day, sequenced so you're not zigzagging across the city. First-timer's complete Barcelona one-day itinerary.;Aerial view of Barcelona Gothic Quarter medieval streets with sea visible in background, Barcelona in one day itinerary first-timer guide Spain must-see spots;barcelona-1day-new.jpg
Barcelona Free Things;3;Title top;1;Best free view in Barcelona, Spain;Bunkers del Carmel — the panorama tourists miss;2026.07.22;0:00;https://milesandflavors.com/free-things-to-do-in-barcelona/;Spain Travel Guide;Best Free Views in Barcelona Spain: Bunkers del Carmel Panorama & Beyond (What Tourists Miss);Most Barcelona visitors pay for a rooftop bar or cable car to get the city view. The Bunkers del Carmel is a 20-minute walk from the center of Barcelona Spain and costs nothing — and the 360-degree view over the whole city is better. The free Barcelona viewpoints first-timers miss.;Tourists on Bunkers del Carmel hilltop watching sunset over Barcelona rooftops, free things to do in Barcelona Spain budget travel guide hidden gems;barcelona-free-new.jpg
Chicago Hop-On Hop-Off;3;Centered light;1;Chicago in one day — bus or river cruise?;hop-on hop-off vs architecture cruise Illinois;2026.07.22;1:00;https://milesandflavors.com/chicago-hop-on-hop-off/#route-stops;Chicago Travel Guide;Chicago in One Day: Hop-On Hop-Off Bus or Architecture River Cruise? Illinois First-Timer Guide;If you only have one day in Chicago Illinois: the hop-on hop-off bus covers more ground geographically, but the architecture river cruise orients you to the city better than anything else. Which to choose, why, and how to combine them if you have time. Chicago one-day guide.;View from Chicago tour boat of river canyon and surrounding skyscrapers at midday, Chicago hop-on hop-off bus worth it guide Illinois first-timers tips;chicago_river_cruise_boat.jpg
Chicago Free Things;3;Title bottom;1;Best free view in Chicago, Illinois;Riverwalk, lakefront & the Chicago skyline for free;2026.07.22;2:00;https://milesandflavors.com/20-free-things-to-do-in-chicago/;Chicago Travel Guide;Best Free Chicago Views Illinois: Riverwalk, Lakefront & Chicago Skyline — Free Spots Guide;The Chicago Riverwalk is free and gives you the architecture from water level. The lakefront is free and gives you the skyline across Lake Michigan. The Chicago Cultural Center's exhibits are free. The best free Illinois views and experiences for first-time Chicago visitors.;Chicago lakefront and skyline viewed from free public waterfront on clear morning, 20 free things to do in Chicago Illinois must-see budget travel guide;chicago-free-new.jpg
NYC Hidden Gems;1;Title top light;1;NYC Hidden Gems;secret New York spots most visitors miss;2026.07.22;20:00;https://milesandflavors.com/nyc-hidden-gems/;New York Travel Guide;NYC Hidden Gems: Off-the-Beaten-Path New York for First-Timers;Central Park's quiet north end, Little Island park, the Strand rooftop — the New York City spots that never make the top-10 lists but stay with you longer. NYC hidden gems guide: Manhattan secrets, Brooklyn viewpoints and off-the-beaten-path New York experiences for first-time visitors.;Classic New York City brownstone townhouses on a quiet residential street, with ornate stone stoops, decorative ironwork railings, and lush greenery.;
Brooklyn Best Things to Do;1;Title bottom light;1;First time in Brooklyn, New York?;Brooklyn Bridge, DUMBO & NYC skyline views;2026.07.22;21:00;https://milesandflavors.com/best-things-to-do-in-brooklyn/;New York Travel Guide;Best Things to Do in Brooklyn NY: Bridge Walk, DUMBO & Brooklyn Bridge Park;DUMBO's Washington Street gives you the Manhattan Bridge framing the Empire State Building — one of the most composed urban views in New York City, and it's free. Best things to do in Brooklyn: the Brooklyn Bridge walk, Brooklyn Bridge Park skyline, Williamsburg food and DUMBO cobblestones. First-timer guide to Brooklyn, NYC.;The Manhattan Bridge framed between red-brick DUMBO buildings with the Empire State Building visible through the arch.;
25 Best Things NYC;1;Title bottom light;1;25 Best Things to Do in NYC;New York City: honest ranking for first-timers;2026.07.22;22:00;https://milesandflavors.com/25-best-things-to-do-in-nyc/;New York Travel Guide;25 Best Things to Do in New York City (Honest First-Timer Ranking);Central Park at dawn, the Brooklyn Bridge walk, the Staten Island Ferry skyline view (free!), the High Line, Top of the Rock at sunset. The 25 best things to do in New York City, ranked honestly — where to spend your time and money in NYC as a first-time visitor.;The iconic Manhattan skyline of towering skyscrapers seen from across the water on a clear blue day.;
Barcelona Couples;1;Title bottom light;1;Barcelona for couples;sunset sailing, Gothic Quarter & Sagrada Família;2026.07.22;23:00;https://milesandflavors.com/best-things-to-do-in-barcelona-for-couples/;Spain Travel Guide;Best Things to Do in Barcelona for Couples: Sailing, Sagrada Família & Gothic Quarter;Sunset sailing on the Mediterranean with cava. The Gothic Quarter at dusk before the dinner rush. Sagrada Família when the stained glass turns the interior gold. The most romantic things to do in Barcelona, Spain — the couple's travel guide that gets the timing right.;Golden sunset light casting dramatic tree-branch shadows across a Modernista building facade in Barcelona's Eixample district.;
Barcelona Bucket List;1;Title bottom light;1;Barcelona first timer?;Sagrada Família, Park Güell & the bucket list;2026.07.23;0:00;https://milesandflavors.com/barcelona-bucket-list/;Spain Travel Guide;Barcelona Bucket List: 25 Best Things to Do in Barcelona for First-Timers;Sagrada Família at morning light — the stained glass interior looks like it doesn't belong on Earth. Park Güell mosaics. Casa Batlló's rooftop. The Bunkers del Carmel at sunset. Barcelona's bucket list ranked honestly — what earns the hype and what doesn't, for a first trip to Spain.;The colorful mosaic curves of Park Güell overlooking Barcelona and the sea below on a clear day.;
Chicago First-Timers;1;Title bottom light;1;First time in Chicago, Illinois?;architecture river cruise, Millennium Park & Willis Tower;2026.07.23;1:00;https://milesandflavors.com/best-things-to-do-in-chicago/;Chicago Travel Guide;Best Things to Do in Chicago for First-Timers: Architecture Cruise, Millennium Park & More;Start with the Chicago architecture river cruise on day one — it orients you to the whole city in 90 minutes. Then Millennium Park and Cloud Gate, then Willis Tower Skydeck, then a proper deep dish. Three days covers it all. First-timers' guide to Chicago, Illinois.;Aerial view of Chicago's Millennium Park with Cloud Gate sculpture and Pritzker Pavilion surrounded by the downtown skyline and Lake Michigan.;
Chicago Bucket List;1;Title top light;1;Chicago bucket list;Cloud Gate, Chicago River cruise & deep dish;2026.07.23;2:00;https://milesandflavors.com/chicago-bucket-list-25-best-things-to-do/;Chicago Travel Guide;Chicago Bucket List: 25 Best Things to Do in Chicago Illinois for First-Timers;Cloud Gate reflecting an infinite Chicago skyline. Deep dish at Lou Malnati's. The architecture river cruise at golden hour. Navy Pier fireworks. Chicago's bucket list — America's most underrated city, here's how to do it in the right order. Illinois first-timer travel guide.;The mirrored surface of Cloud Gate reflecting the Chicago skyline on a clear day in Millennium Park.;
Empire State vs Top of the Rock;1;Title bottom;1;Empire State or Top of the Rock?;the real NYC answer nobody tells you;2026.07.23;20:03;https://milesandflavors.com/empire-state-building-vs-top-of-the-rock/;New York Travel Guide;Empire State Building or Top of the Rock — Nobody Tells You the Real Answer;Both cost about the same, both give you 360 degrees of Manhattan — the difference is what ends up in your photo. If you want the Empire State Building in the shot, you can't be standing on it. The honest New York City observation deck answer, before you buy the wrong ticket.;Manhattan skyline at dusk from an NYC observation deck, Empire State Building vs Top of the Rock honest comparison;
Sagrada Família Skip Line;1;Title bottom;1;No line to skip, Barcelona;Sagrada Família — what you actually need;2026.07.23;21:07;https://milesandflavors.com/sagrada-familia-skip-the-line/;Spain Travel Guide;There's No Line to Skip at Sagrada Família — Here's What You Actually Need;The name is misleading — you don't skip a line at Sagrada Família, you book a timed entry slot weeks ahead and there's simply no line to stand in. Which ticket tier to choose, whether the tower climb is worth it, and when the stained glass looks best. Barcelona, Spain's essential Gaudí guide.;Sagrada Família exterior towers against blue sky Barcelona Spain, skip the line ticket guide Gaudí masterpiece;
Millennium Park Chicago;1;Title top;1;Millennium Park, Chicago;free, central & better than paid attractions;2026.07.23;22:15;https://milesandflavors.com/millennium-park-cloud-gate-chicago/;Chicago Travel Guide;Millennium Park Chicago: Free, Central, and Better Than Every Paid Attraction Nearby;Cloud Gate reflects an entire warped version of the Illinois skyline back at you, and it costs nothing. The Crown Fountain, the Lurie Garden, summer concerts at the Pritzker Pavilion — one park in the middle of Chicago that outperforms half the ticketed sights in the city.;Cloud Gate Bean sculpture with visitors in Millennium Park Chicago downtown skyline, complete visitor guide Illinois;
NYC in September;1;Title bottom;1;NYC in September: Best Things to Do;the insider list for first-timers;2026.07.23;23:16;https://milesandflavors.com/nyc-in-september/;New York Travel Guide;NYC in September: 15 Best Things to Do, Events + Honest Weather Guide;September in New York City means 75-degree days, the US Open in Queens, SummerStage final concerts in Central Park, and crowds that have dropped just enough to make the city feel like it's yours. NYC in September: the best month to visit New York and what first-timers get wrong about it.;New York City skyline in early autumn with clear blue skies, NYC in September travel guide best things to do;
Barcelona in September;1;Title bottom;1;BARCELONA IN SEPTEMBER;Best Month to Visit? Here's the Truth;2026.07.24;0:34;https://milesandflavors.com/barcelona-in-september/;Spain Travel Guide;Barcelona in September: What It's Really Like (+ Best Things to Do);September in Barcelona: the summer heat softens, the beach is still warm, the locals come back after August, and La Mercè festival fills the streets on September 24. The honest guide to visiting Barcelona Spain in September — what's better than July and what first-timers get wrong.;Barcelona beach and city skyline in September warm golden light, Barcelona in September travel guide best month Spain;
Amsterdam in September;1;Title bottom;1;AMSTERDAM IN SEPTEMBER;The Perfect Time to Visit? We Think Yes;2026.07.24;1:40;https://milesandflavors.com/amsterdam-in-september/;Netherlands Travel Guide;Amsterdam in September: A Surprisingly Perfect Time to Visit (Netherlands Guide);September in Amsterdam, Netherlands: canal cruise queues are shorter, the Jordaan is quieter, the Van Gogh Museum lines drop, and the city is still warm enough to cycle everywhere. Why September is the most underrated month to visit Amsterdam — and what first-timers should know.;Amsterdam canals in September golden afternoon light, Netherlands travel guide best time to visit Amsterdam;
Chicago in September;1;Title bottom;1;CHICAGO IN SEPTEMBER;Jazz Fest, Perfect Weather + Local Tips;2026.07.24;2:03;https://milesandflavors.com/chicago-in-september/;Chicago Travel Guide;Chicago in September: Best Things to Do, Events + Why It's the Best Month;Grant Park fills with free jazz for three days every September, and the Chicago heat finally breaks into low-70s afternoons with almost no humidity — the exact weather this city keeps promising and rarely delivers in July. The honest guide to Chicago in September: the Jazz Festival, the perfect weather window, and why it beats summer for a first visit.;Chicago skyline and Grant Park in September perfect weather Illinois travel guide best time to visit;
NYC This Weekend;1;Title bottom;1;A weekend in NYC;the version that actually works;2026.07.24;20:11;https://milesandflavors.com/things-to-do-in-nyc-this-weekend/;New York Travel Guide;Only Have a Weekend in New York City? Here's the Version That Works;Two days isn't enough time to see all of New York City — it is enough time to see it right. Central Park Saturday morning, the Brooklyn Bridge walk before Sunday's crowds, one skyline view, one meal worth remembering. The weekend NYC itinerary that doesn't try to do too much.;Manhattan skyline on a sunny weekend day people enjoying Central Park, NYC weekend guide itinerary first-timers;
Where to Stay NYC;1;Title bottom;1;Before you book NYC;read this first;2026.07.24;21:15;https://milesandflavors.com/where-to-stay-in-nyc/;New York Travel Guide;Don't Book a New York City Hotel Until You Read This;Midtown is convenient and empties out after 9pm. The West Village is gorgeous and expensive. Brooklyn is genuinely great value for one extra subway stop. The New York City neighborhood breakdown that decides your hotel before you decide anything else about the trip.;New York City brownstone townhouses on quiet residential street, where to stay guide first-timers hotel neighborhoods;
Park Güell + Sagrada Família;1;Title top;1;Both Gaudí icons, one day?;Barcelona's biggest planning question;2026.07.24;22:23;https://milesandflavors.com/park-guell-sagrada-familia-barcelona/;Spain Travel Guide;Park Güell and Sagrada Família in One Barcelona Day — Is It Actually Possible?;Two Gaudí icons, two separate timed-entry systems, and a Barcelona Spain trip that only works if you book both slots correctly. Park Güell opens at 8am and the mosaic terrace is worth chasing. Here's the exact sequencing that gets you both without the rush.;Park Güell colorful mosaic terrace overlooking Barcelona city and sea, Gaudí Sagrada Família one day guide Spain;
NYC Family Itinerary;1;Title top light;1;NYC WITH KIDS;Perfect 5-Day Family Itinerary;2026.07.24;23:08;https://milesandflavors.com/nyc-family-itinerary-5-days/;New York Travel Guide;5 Days in NYC with Kids: The Only Family Itinerary You Need;New York City with kids works better than most parents expect — Central Park is enormous and free, the Natural History Museum has the dinosaurs, and Brooklyn Bridge Park has the skyline view. The 5-day NYC family itinerary that doesn't try to do everything, just the things that genuinely work.;Family at Central Park New York City sunny day kids NYC family itinerary 5 days guide;
Barcelona Family Itinerary;1;Title bottom;1;BARCELONA WITH KIDS;4-Day Family Itinerary That Actually Works;2026.07.25;0:07;https://milesandflavors.com/barcelona-family-itinerary-4-days/;Spain Travel Guide;4 Days in Barcelona with Kids: Our Best Family Itinerary;Barcelona with kids is better than you'd expect — Park Güell has the dragon staircase, Barceloneta beach is walkable, and Sagrada Família genuinely impresses children when you explain Gaudí properly. The 4-day Barcelona family itinerary: paced right, booked ahead, honest about what works.;Park Güell dragon staircase Barcelona with kids family itinerary Spain travel guide 4 days;
Amsterdam Family Itinerary;1;Title bottom;1;AMSTERDAM WITH KIDS;3-Day Family Itinerary We Love;2026.07.25;1:26;https://milesandflavors.com/amsterdam-family-itinerary-3-days/;Netherlands Travel Guide;3 Days in Amsterdam with Kids: The Best Family Itinerary;Amsterdam with kids works especially well — canal boat tours are calm and short, NEMO Science Museum is built entirely for children, and Vondelpark has wide grass for running. The 3-day Amsterdam Netherlands family itinerary: what earns the trip and what's worth skipping.;Amsterdam canal boat ride with kids family Netherlands 3 day itinerary travel guide Jordaan;
Chicago Family Itinerary;1;Title bottom;1;CHICAGO WITH KIDS;3-Day Family Itinerary — What We'd Do;2026.07.25;2:08;https://milesandflavors.com/chicago-family-itinerary-3-days/;Chicago Travel Guide;3 Days in Chicago with Kids: A Family Itinerary That Actually Works;Chicago with kids has Millennium Park's Cloud Gate Bean, Shedd Aquarium, the Museum of Science and Industry, and Lincoln Park Zoo — all genuinely great and mostly very manageable with children. The 3-day Chicago Illinois family itinerary: what to book ahead, what's free, and what's worth every penny.;Cloud Gate Bean Millennium Park Chicago with kids family itinerary 3 days Illinois travel guide;
Central Park NYC;1;Title top light;1;843 acres, Manhattan;how to actually see Central Park;2026.07.25;20:25;https://milesandflavors.com/central-park-nyc-guide/;New York Travel Guide;843 Acres in the Middle of Manhattan — How to Actually See Central Park;Walk in without a plan and you'll miss the Bow Bridge, Bethesda Fountain, and Strawberry Fields in the same two hours — the park is simply too big. Pedicab, guided walking tour, or self-guided: the decision that determines how much of Central Park New York City you actually experience.;Bow Bridge over the Lake in Central Park with Manhattan skyscrapers above the trees, NYC visitor guide;
NYC Travel Costs;1;Title top light;1;NYC travel costs, 2026;what a week actually costs, real numbers;2026.07.25;21:38;https://milesandflavors.com/nyc-travel-costs/;New York Travel Guide;What a Week in New York City Actually Costs (Real 2026 Numbers);Hotels, subway cards, museum tickets, one observation deck, the meals that add up faster than expected — the honest New York City budget breakdown with real numbers, not rounded guesses. What's worth the money and where first-timers overspend without noticing.;Traveler planning a New York City trip with budget notebook and guidebook, NYC travel costs honest breakdown 2026;
Willis Tower vs 360 Chicago;1;Centered light;1;Two Chicago skydecks;which one actually wins?;2026.07.25;22:14;https://milesandflavors.com/willis-tower-skydeck-vs-360-chicago/;Chicago Travel Guide;Two Chicago Skydecks, One Ticket Budget — Which One Actually Wins?;Willis Tower's Ledge puts you on a glass floor 412 meters above Illinois. 360 Chicago tilts you out over the street from a shorter tower with a shorter line. Neither is wrong — here's how to pick the one that matches what you want out of the view.;Chicago skyline viewed from high observation deck with Lake Michigan in background, Willis Tower vs 360 Chicago guide;
Chicago Architecture Cruise;1;Title top light;1;Chicago river cruise;explains the whole city in 90 minutes;2026.07.25;23:06;https://milesandflavors.com/chicago-architecture-river-cruise/;Chicago Travel Guide;The Chicago River Cruise That Explains the Whole City in 90 Minutes;Forty-plus buildings, a licensed guide who actually makes architecture interesting, and a version of Illinois's biggest city that clicks into place in a way no map can manage. Which company to book, which departure time to pick, and why this should be the first thing on your Chicago itinerary.;Tour boats on Chicago River surrounded by glass and steel skyscrapers, architecture cruise worth it guide Illinois;
Where to Stay NYC with Kids;1;Title top light;1;WHERE TO STAY NYC WITH KIDS;Best Neighborhoods + My Hotel Picks;2026.07.26;0:04;https://milesandflavors.com/where-to-stay-in-nyc-with-kids/;New York Travel Guide;Where to Stay in NYC with Kids: Best Neighborhoods + Honest Hotel Picks;The Upper West Side puts you between Central Park and the Natural History Museum — the best base for families in New York City. Midtown works if you prioritize location. Brooklyn is great value but adds a subway stop to everything. The honest NYC family hotel guide: where to stay, what to expect, and the picks worth booking.;Upper West Side New York City family hotel neighborhood near Central Park kids guide where to stay NYC;
Where to Stay Chicago with Kids;1;Centered light;1;WHERE TO STAY CHICAGO + KIDS;Best Hotels for Families — Honest Picks;2026.07.26;1:44;https://milesandflavors.com/where-to-stay-in-chicago-with-kids/;Chicago Travel Guide;Where to Stay in Chicago with Kids: Best Areas + Honest Hotel Picks (Illinois Guide);The Loop puts you walking distance from Millennium Park and the architecture river cruise. The South Loop gets you close to the Museum Campus and Shedd Aquarium. River North is central and lively but louder. The honest Chicago family hotel guide — what each neighborhood is really like for kids, and the picks worth booking.;Chicago family hotel area near Millennium Park Cloud Gate kids Illinois where to stay guide honest picks;
NYC Halloween with Kids;1;Title bottom light;1;NYC Halloween with Kids: Best Things to Do;parade, garden + what to book;2026.07.26;2:16;https://milesandflavors.com/nyc-halloween-with-kids/;New York Travel Guide;NYC Halloween with Kids: Best Events, Village Parade + What to Book Ahead;The Village Halloween Parade in NYC is one of the best things to do in New York City in October — floats, costumes, and the energy of Greenwich Village on Halloween night. Add the New York Botanical Garden's NYBG Halloween and trick-or-treating on the Upper West Side. NYC Halloween with kids: what to book, what's free, and what's genuinely worth the hype.;Village Halloween Parade New York City with kids October events guide what to book ahead NYC;
NYC in a Day;1;Title bottom light;1;24 hours in NYC;the route that fits everything;2026.07.26;20:19;https://milesandflavors.com/one-day-in-new-york/;New York Travel Guide;24 Hours in New York City: The Route That Actually Fits Everything;Statue of Liberty at 8am, the 9/11 Memorial by noon, Times Square at sunset, the High Line after dinner — one day in New York City sequenced so nothing feels rushed and nothing gets cut for time. The complete first-timer's 24-hour NYC plan.;Statue of Liberty in New York Harbor with Manhattan skyline behind, one day New York City itinerary first-timer guide;
NYC Free Things;1;Title top light;1;NYC's best is free;the experiences that cost nothing;2026.07.26;21:45;https://milesandflavors.com/free-things-to-do-in-nyc/;New York Travel Guide;New York City's Best Experiences Cost Absolutely Nothing;The Staten Island Ferry gives you the Statue of Liberty from the water. The High Line gives you Chelsea and Hudson Yards from above. Brooklyn Bridge Park gives you the entire Manhattan skyline. NYC's completely free experiences, for first-timers who assume the good stuff always has a ticket.;Staten Island Ferry passing the Statue of Liberty with Manhattan skyline, free things to do NYC guide;
Barcelona in 1 Day;1;Centered light;1;One day in Barcelona;the itinerary that skips nothing important;2026.07.26;22:43;https://milesandflavors.com/barcelona-in-one-day-itinerary/;Spain Travel Guide;One Day in Barcelona: The Itinerary That Doesn't Skip Anything Important;Sagrada Família at opening, Park Güell before noon, Gothic Quarter for lunch, tapas on La Barceloneta beach at dusk — a single Barcelona Spain day sequenced so you're never backtracking across the city. The complete one-day plan for a first trip to Spain.;Aerial view of Barcelona Gothic Quarter with sea in the background, one day itinerary first-timer guide Spain;
NYC in October;1;Title bottom light;1;NYC in October: Best Things to Do;18 picks — Halloween, foliage + fall guide;2026.07.26;23:06;https://milesandflavors.com/nyc-in-october/;New York Travel Guide;NYC in October: 18 Best Things to Do (Fall Leaves, Events + Tips);October in New York City: Central Park turns amber and gold, Halloween events take over the calendar, the NYC Marathon finishes in Central Park on the first Sunday of November, and hotel rates haven't hit holiday levels yet. The 18 best things to do in NYC in October — fall foliage, events, and why it's the best month to visit New York.;Central Park New York City in October fall foliage amber gold leaves best things to do NYC fall guide;
NYC Fall Foliage Day Trips;1;Title top light;1;NYC FALL FOLIAGE DAY TRIPS;Best Spots Ranked + How to Get There;2026.07.27;0:40;https://milesandflavors.com/nyc-fall-foliage-day-trips/;New York Travel Guide;Best Fall Foliage Day Trips from NYC (Ranked + Practical Guide);Hudson Valley peaks first in mid-October, the Catskills run a little later, and Connecticut is a genuine surprise. All reachable by Metro-North or a 90-minute drive from New York City. The fall foliage day trips from NYC ranked by scenery, ease, and timing — so you pick the right one for your visit.;Hudson Valley fall foliage train from New York City day trip autumn leaves ranked guide how to get there;
Central Park with Kids;1;Title top light;1;CENTRAL PARK WITH KIDS;15 Activities for a Perfect Day;2026.07.27;1:42;https://milesandflavors.com/central-park-with-kids/;New York Travel Guide;Central Park with Kids: 15 Activities for an Unforgettable Day (NYC Family Guide);A carousel that's been spinning since 1908, a stone castle with telescopes built for exactly this kind of curiosity, and rowboats that turn a walk in the park into an actual adventure — Central Park earns its reputation as New York City's best family day out. The 15 best things to do in Central Park with kids, from playgrounds by age group to the zoo, mapped for a full NYC family day.;Central Park playground New York City kids family activities Belvedere Castle carousel rowboats guide NYC;
Fall in New York City;1;Title bottom light;1;Fall in NYC: Best Things to Do;foliage, events + everything you need;2026.07.27;2:12;https://milesandflavors.com/fall-in-new-york-city/;New York Travel Guide;Fall in New York City: Best Things to Do, Foliage + Events Guide (Sept–Nov);Fall in New York City runs September through November — three very different months. September is warm and still busy. October is peak fall color and Halloween. November is the NYC Marathon and Thanksgiving parade. The complete guide to fall in New York City: what to do, when to go, and what to pack for each month.;New York City in fall autumn foliage Central Park October November guide best things to do events NYC;
NYC Hidden Gems;2;Title bottom light;1;Little Island, NYC;the floating park most tourists walk past;2026.07.27;20:42;https://milesandflavors.com/nyc-hidden-gems/#hidden-gems;New York Travel Guide;Little Island NYC: The Hidden Manhattan Park Most Tourists Walk Past;A floating park built on concrete tulip-shaped pillars over the Hudson, with better skyline views than most rooftop bars charge for. Little Island, the Whitney's quiet Gansevoort viewing room, and the Strand's rooftop reading nook — the NYC hidden gems that never make a first-timer's list but should.;Little Island floating park structure rising from the Hudson River in Manhattan, NYC hidden gems guide off the beaten path;
Brooklyn Best Things to Do;2;Title bottom light;1;DUMBO to Williamsburg;the Brooklyn afternoon that beats Manhattan;2026.07.27;21:09;https://milesandflavors.com/best-things-to-do-in-brooklyn/#best-things-to-do;New York Travel Guide;DUMBO to Williamsburg: The Brooklyn Afternoon That Beats Manhattan;Cobblestones under the Manhattan Bridge, a skyline that looks staged even though it isn't, then dinner in Williamsburg where the locals actually eat. The Brooklyn afternoon that turns first-time visitors into people who tell everyone to skip a day in Manhattan for this instead.;DUMBO Brooklyn cobblestone streets with Manhattan Bridge and Empire State Building framed between buildings, best things to do in Brooklyn guide;
25 Best Things NYC;2;Title top light;1;The High Line, NYC;the city's best free walk hiding in plain sight;2026.07.27;22:03;https://milesandflavors.com/25-best-things-to-do-in-nyc/#6-high-line;New York Travel Guide;The High Line: NYC's Best Free Walk Hiding in Plain Sight;An old elevated freight rail line in Chelsea, now planted with wildflowers and pointed straight at the Hudson Yards skyline — one of the 25 best things to do in New York City and one of the only ones that costs nothing. Where to start, where to end, and why sunset changes everything.;The High Line elevated park in Chelsea Manhattan with wildflowers and Hudson Yards skyline, 25 best things to do in NYC guide;
Barcelona Couples;2;Title top light;1;Barcelona for couples;the evening you book months in advance;2026.07.27;23:19;https://milesandflavors.com/best-things-to-do-in-barcelona-for-couples/#best-things-to-do;Spain Travel Guide;The Barcelona Evening Every Couple Should Book in Advance;Cava on deck as the sun drops behind the Mediterranean, then the Gothic Quarter once the stone streets cool down and the day-trippers have gone home. The romantic Barcelona evening that needs booking ahead — sunset sailing, dinner timing, and the Spain trip that actually feels like a honeymoon.;Sunset sailing boat on Mediterranean near Barcelona coastline, romantic things to do in Barcelona for couples Spain guide;
Chicago First-Timers;2;Centered light;1;Book this first, Chicago;the one thing every first-timer needs;2026.07.28;1:16;https://milesandflavors.com/best-things-to-do-in-chicago/;Chicago Travel Guide;The One Thing Every Chicago First-Timer Should Book Before Landing;The architecture river cruise sells out on weekends in Illinois's most photographed city — book it for day one and every other Chicago sight makes more sense afterward. Millennium Park, Willis Tower Skydeck, and deep dish, sequenced for a first trip that doesn't waste a single afternoon.;Chicago architecture river cruise boat on the Chicago River with skyscrapers above, first-timer guide book ahead Illinois;
Chicago Bucket List;2;Title top light;1;Cloud Gate at golden hour;the Chicago photo everyone wants;2026.07.28;2:10;https://milesandflavors.com/chicago-bucket-list-25-best-things-to-do/#millennium-park-and-cloud-gate;Chicago Travel Guide;Cloud Gate at Golden Hour Is the Chicago Photo Everyone Wants;Millennium Park's Bean turns the entire Illinois skyline into a curved, upside-down painting — and golden hour is when the crowds thin enough to actually get the shot. The Crown Fountain and Lurie Garden right next door make it a full free morning. Chicago's bucket list starts here.;Cloud Gate Bean sculpture reflecting Chicago skyline at golden hour Millennium Park, bucket list guide Illinois;
Sagrada Família Skip Line;2;Centered;1;Sagrada Família timing;the time slot that changes the whole visit;2026.07.28;21:14;https://milesandflavors.com/sagrada-familia-skip-the-line/#inside;Spain Travel Guide;The Sagrada Família Time Slot That Changes the Whole Visit;Morning light through the Nativity facade turns the interior gold and amber. Afternoon light through the Passion facade turns it cool blue and violet. Same building, two completely different experiences depending on the hour on your ticket — the timing detail most Barcelona first-timers never think to check.;Sagrada Família interior stained glass casting colored light across the nave, Barcelona Spain timing guide morning versus afternoon;
Millennium Park Chicago;2;Title top;1;Cloud Gate, best time;the timing most people get wrong;2026.07.28;22:43;https://milesandflavors.com/millennium-park-cloud-gate-chicago/#cloud-gate;Chicago Travel Guide;The Best Time of Day to Photograph Cloud Gate (Most People Get It Wrong);Midday Cloud Gate is a crowd of phones and elbows. Golden hour Cloud Gate is an amber, nearly empty mirror of the entire Chicago Illinois skyline. The single timing change that turns an average photo into the one people ask about.;Cloud Gate sculpture at golden hour reflecting Chicago skyline in Millennium Park, best time to visit guide Illinois;
NYC in September;2;Centered light;1;NYC SEPTEMBER EVENTS;US Open + free festivals — insider guide;2026.07.28;23:36;https://milesandflavors.com/nyc-in-september/#the-us-open-how-to-score-tickets-and-when-to-show-up;New York Travel Guide;NYC September Events: US Open, Free Festivals + What to Book Ahead (New York Guide);The US Open runs through early September in Flushing Meadows — grounds passes give you access to all outer courts and the atmosphere without the price of Arthur Ashe. SummerStage free concerts in Central Park run through September. NYC's best September events, what's free and what to book ahead.;US Open tennis stadium Flushing Meadows New York City September events guide what to book;
Barcelona in September;2;Centered;1;LA MERCÈ FESTIVAL BARCELONA;September 24 — Spain's biggest street party;2026.07.29;0:28;https://milesandflavors.com/barcelona-in-september/#la-merce-festival-barcelonas-biggest-street-party-september-24;Spain Travel Guide;La Mercè Festival Barcelona: September 24 — Spain's Biggest Free Street Party Guide;La Mercè fills all of Barcelona Spain with free concerts, human towers (castellers), fire runs (correfoc), and outdoor performances across the city on September 24. The biggest free festival in Barcelona — what to expect, where to watch the human towers, and how to plan your September trip around it.;Barcelona street party La Merce festival September with crowds and traditional celebrations, Spain travel guide;
Amsterdam in September;2;Title bottom light;1;AMSTERDAM SEPTEMBER TIPS;Museum Night + what to do guide Netherlands;2026.07.29;1:16;https://milesandflavors.com/amsterdam-in-september/#amsterdams-museum-night-and-september-events;Netherlands Travel Guide;Amsterdam in September: Best Events + What First-Timers Should Know;The Jordaan in September has golden morning light and almost no tour groups. The Van Gogh Museum is manageable with a timed ticket. Evening canal cruises run without August queues. Amsterdam Netherlands in September: what's different from summer, what events are running, and why it's one of the best times to visit.;Amsterdam canal at dusk September evening light Netherlands travel guide museum night events;
Chicago in September;2;Title top light;1;CHICAGO JAZZ FESTIVAL;free entry — Illinois September event guide;2026.07.29;2:30;https://milesandflavors.com/chicago-in-september/#chicago-jazz-festival-free-entry-what-to-know;Chicago Travel Guide;Chicago Jazz Festival: Free Entry, Grant Park + What to Know (Illinois September Guide);The Chicago Jazz Festival takes over Grant Park for three days in early September — completely free, open air, and one of the best music events in Illinois. Where to stand, what to bring, and how to pair it with the architecture river cruise and Millennium Park on the same September visit to Chicago.;Chicago Jazz Festival Grant Park outdoor free concert Illinois September events guide what to know;
Where to Stay NYC;2;Title bottom;1;NYC hotel neighborhoods;the decision made simple;2026.07.29;21:24;https://milesandflavors.com/where-to-stay-in-nyc/#neighborhoods;New York Travel Guide;Midtown, Chelsea, West Village or Brooklyn — The NYC Hotel Decision Made Simple;Chelsea puts the High Line at your door and feels more like a neighborhood than a hotel district. West Village has the food streets everyone photographs. Four New York City areas compared honestly, so the hotel booking doesn't become the hardest part of planning the trip.;New York City neighborhood street view across the water, hotel area comparison guide for first-timers;where-to-stay-in-nyc-2.jpg
Park Güell + Sagrada Família;2;Title top light;1;Park Güell's 8am slot;Barcelona — nobody regrets booking this;2026.07.29;22:40;https://milesandflavors.com/park-guell-sagrada-familia-barcelona/#park-guell;Spain Travel Guide;Book the 8am Park Güell Slot — Nobody Regrets This;The mosaic terrace at Park Güell is nearly empty in the first hour, and the morning light on the tiles is the reason half of Barcelona's postcards exist. What's inside the ticketed zone, what's free just outside it, and how the timing sets up the rest of a Gaudí day in Spain.;Park Güell mosaic terrace and colorful serpentine bench in morning light Barcelona, 8am booking guide Spain Gaudí;park-guell-sagrada-familia-barcelona-2.jpg
NYC Family Itinerary;2;Title top;1;NYC FAMILY ITINERARY;day-by-day plan — what we'd actually do;2026.07.29;23:18;https://milesandflavors.com/nyc-family-itinerary-5-days/#day-1-classic-manhattan-with-kids;New York Travel Guide;NYC Family Itinerary, Day 1: Classic Manhattan with Kids;Day 1 of NYC with kids: Empire State Building first thing before the crowds, Central Park by noon, Times Square at dusk just long enough to say you did it. The first day of the 5-day New York City family itinerary — paced for kids who need rest stops and parents who need coffee.;Empire State Building New York City first day family itinerary with kids classic Manhattan guide;
Barcelona Family Itinerary;2;Title top;1;PARK GÜELL WITH KIDS;our favorite day in Barcelona Spain;2026.07.30;0:04;https://milesandflavors.com/barcelona-family-itinerary-4-days/#day-3-park-guell-gracia-our-favorite-day;Spain Travel Guide;Park Güell with Kids Barcelona: Day 3 of the Family Itinerary — Our Favorite Day;Day 3 of the Barcelona family itinerary: Park Güell early morning before the crowds (book the 8am slot), Gràcia neighborhood for lunch, then an afternoon at the Barceloneta beach. The day Barcelona Spain genuinely earns its reputation for family travel — and the one our kids still talk about.;Park Güell mosaic terrace with kids Barcelona family itinerary day 3 Spain Gaudí travel guide;
Amsterdam Family Itinerary;2;Title bottom;1;NEMO + VONDELPARK, AMSTERDAM;best day for families in Netherlands;2026.07.30;1:31;https://milesandflavors.com/amsterdam-family-itinerary-3-days/#day-2-nemo-science-museum-vondelpark-leidseplein;Netherlands Travel Guide;Amsterdam NEMO Science Museum + Vondelpark: Best Family Day Netherlands (Day 2 Itinerary);NEMO Science Museum in Amsterdam is built on top of a tunnel over the IJ waterway and has five floors of hands-on experiments — genuinely great for kids ages 6-14. Vondelpark next door has food stalls, a rose garden, and an open-air theater in summer. The best day of the 3-day Amsterdam family itinerary.;NEMO Science Museum Amsterdam with kids Netherlands family itinerary day 2 Vondelpark travel guide;
Chicago Family Itinerary;2;Title bottom;1;SHEDD AQUARIUM, CHICAGO;the best family day at Museum Campus;2026.07.30;2:36;https://milesandflavors.com/chicago-family-itinerary-3-days/#day-2-shedd-aquarium-museum-campus-our-favorite-day;Chicago Travel Guide;Shedd Aquarium + Museum Campus Chicago: Best Family Day Illinois (Day 2 Itinerary Guide);Shedd Aquarium is one of the best aquariums in the United States — dolphin shows, beluga whales, and a 90,000-gallon Caribbean reef. Museum Campus next door has the Field Museum and Adler Planetarium on the same lakefront. Day 2 of the Chicago Illinois family itinerary: the best day in the city for kids.;Shedd Aquarium Chicago Museum Campus family day with kids Illinois itinerary day 2 beluga whale guide;
NYC Travel Costs;2;Title bottom light;1;NYC budget: mid or comfortable?;what each trip actually looks like;2026.07.30;21:07;https://milesandflavors.com/nyc-travel-costs/#sample-budgets;New York Travel Guide;Budget, Mid-Range or Comfortable — What Each NYC Trip Actually Looks Like;Under $150 a day gets you the subway, pizza slices, and every free skyline view in the city. $400+ gets you the Manhattan hotel and Broadway on top. Three real sample budgets for New York City, so you know exactly what a trip costs before you book a single thing.;New York City street scene with people walking past buildings, sample daily budget guide travel costs;
Willis Tower vs 360 Chicago;2;Title bottom light;1;Skydeck vs 360 Chicago;nobody explains the difference — until now;2026.07.30;22:16;https://milesandflavors.com/willis-tower-skydeck-vs-360-chicago/#which-to-choose;Chicago Travel Guide;The Real Difference Between Chicago's Two Observation Decks;Height versus wait time, glass floor versus the Tilt experience — Willis Tower Skydeck and 360 Chicago solve for different things, and most first-timers pick based on Instagram without knowing what they're actually choosing between. The honest Illinois comparison, decided for you.;Willis Tower Skydeck glass ledge extending over Chicago far below, which observation deck to choose Illinois guide;willis-tower-skydeck-vs-360-chicago-2.jpg
Chicago Architecture Cruise;2;Centered light;1;Start on the Chicago River;the 90-minute tour that makes day one make sense;2026.07.30;23:08;https://milesandflavors.com/chicago-architecture-river-cruise/#why;Chicago Travel Guide;Why Day One in Chicago Should Start on the River, Not on Foot;Walking Chicago's downtown without context means admiring buildings you don't understand. The architecture river cruise gives you the history, the rivalry between architects, and the skyline layout in 90 minutes flat — the single best orientation to Illinois's most photographed city.;Chicago River winding through downtown Loop skyscrapers, why the architecture cruise comes first guide Illinois;
Where to Stay NYC with Kids;2;Title bottom;1;UPPER WEST SIDE, NYC;my favorite family hotel base, and why;2026.07.31;0:26;https://milesandflavors.com/where-to-stay-in-nyc-with-kids/#upper-west-side-family-hotels-my-favorite-base;New York Travel Guide;Upper West Side Family Hotels NYC: Why It's the Best Base for Kids (New York Guide);The Upper West Side in Manhattan sits between Central Park on the east and Riverside Park on the west — two enormous green spaces for kids who need to run. The Natural History Museum is a 10-minute walk. Columbus Circle and the subway are close. Why I recommend the Upper West Side for NYC families and the hotels worth booking there.;Upper West Side Manhattan Central Park family hotel base NYC with kids travel guide best neighborhood;
Where to Stay Chicago with Kids;2;Title bottom;1;NEAR MUSEUM CAMPUS, CHICAGO;worth it for families? here's the tradeoff;2026.07.31;1:19;https://milesandflavors.com/where-to-stay-in-chicago-with-kids/#family-hotels-near-the-museum-campus-my-top-pick-area;Chicago Travel Guide;Chicago Family Hotels Near Museum Campus: Shedd Aquarium + Field Museum (Illinois Guide);Staying near Chicago's Museum Campus puts your family within walking distance of Shedd Aquarium, the Field Museum, and Adler Planetarium — three of the best family experiences in Illinois, all on the same lakefront stretch. Why I recommend the South Loop / Museum Campus area for Chicago families.;Museum Campus Chicago Shedd Aquarium Field Museum family hotel near kids Illinois where to stay guide;
NYC Halloween with Kids;2;Title top;1;VILLAGE HALLOWEEN PARADE NYC;the family guide — what to expect and when to arrive;2026.07.31;2:31;https://milesandflavors.com/nyc-halloween-with-kids/#the-village-halloween-parade-family-guide-what-to-expect;New York Travel Guide;NYC Village Halloween Parade: Family Guide + What to Expect (New York City Guide);The Village Halloween Parade starts at 7pm on Sixth Avenue in Greenwich Village — the route is public, the costumes are extraordinary, and standing near Bleecker Street gives you the best crowd mix of theatrical adult costumes and delighted kids. Everything you need to know about bringing children to the NYC Village Halloween Parade.;Village Halloween Parade Greenwich Village NYC evening costumes family event what to expect New York guide;
NYC in a Day;2;Title bottom light;1;Book the first NYC ferry;Statue of Liberty — here's why it matters;2026.07.31;20:36;https://milesandflavors.com/one-day-in-new-york/#statue-of-liberty;New York Travel Guide;Book the First Statue of Liberty Ferry — Here's Why It Matters;Twelve minutes from Battery Park and the crowds haven't caught up yet — the first ferry of the morning is the only way to see the Statue of Liberty without a wait at every turnstile. What the pedestal climb actually involves, and how it sets up the rest of a one-day New York City itinerary.;Statue of Liberty close up view New York Harbor morning light, one day NYC itinerary ferry guide first-timers;one-day-in-new-york-2.jpg
NYC Free Things;2;Title bottom;1;Free NYC skyline views;better than the paid observation decks — here's proof;2026.07.31;21:17;https://milesandflavors.com/free-things-to-do-in-nyc/#free-views;New York Travel Guide;The Free NYC Skyline Views That Beat Every Paid Observation Deck;Brooklyn Bridge Park across the East River, the Brooklyn Heights Promenade at eye level, the High Line looking straight down Hudson Yards — three free vantage points that outperform the ticketed decks most first-timers book instead. New York City's best views, and none of them charge admission.;Free skyline views from Brooklyn waterfront and High Line New York City, best views budget guide free experiences;free-things-to-do-in-nyc-2.jpg
Barcelona in 1 Day;2;Centered light;1;Sagrada Família first;the one-day Barcelona rule;2026.07.31;22:12;https://milesandflavors.com/barcelona-in-one-day-itinerary/#sagrada-familia;Spain Travel Guide;Sagrada Família First Thing — The One-Day Barcelona Rule;Book the earliest time slot and the east-facing stained glass is still catching morning light, turning the whole interior gold before the tour groups arrive. If a one-day Barcelona itinerary only gets one thing right, this is the one. What to book, how long to stay inside.;Sagrada Família facade glowing at sunrise Barcelona Spain, one day itinerary first stop guide Gaudí;barcelona-in-one-day-itinerary-2.jpg
NYC Fall Foliage Day Trips;2;Title top light;1;HUDSON VALLEY, NEAR NYC;the classic leaf-peeping day trip, done right;2026.08.01;0:26;https://milesandflavors.com/nyc-fall-foliage-day-trips/#hudson-valley-fall-foliage-the-classic-and-best-day-trip;New York Travel Guide;Hudson Valley Fall Foliage Day Trip from NYC: The Best Leaf-Peeping Option (Guide);The Hudson Valley is 90 minutes from New York City by Metro-North — the Poughkeepsie line drops you into Rhinebeck or Cold Spring, both walkable small towns with peak fall color in mid-October. The best fall foliage day trip from NYC: train, timing, and what to do when you get there.;Hudson Valley fall foliage day trip from New York City Metro-North train Rhinebeck Cold Spring October guide;
Central Park with Kids;2;Title bottom light;1;CENTRAL PARK PLAYGROUNDS NYC;the best pick for every age group;2026.08.01;1:19;https://milesandflavors.com/central-park-with-kids/#best-playgrounds-in-central-park-by-age-group;New York Travel Guide;Best Playgrounds in Central Park NYC by Age Group (Family Guide to New York City);Central Park has 21 playgrounds — the Heckscher Playground near the south entrance is the largest, the Ancient Playground near the Met is Egyptian-themed, and the Billy Johnson Playground has a 45-foot granite slide. The best Central Park playgrounds ranked by age group for NYC family visits.;Central Park playground New York City kids ancient Egyptian themed best playgrounds by age group family guide NYC;
Fall in New York City;2;Title top;1;NYC fall foliage spots;where to catch the best leaves this year;2026.08.01;2:42;https://milesandflavors.com/fall-in-new-york-city/#where-to-see-fall-foliage-in-nyc;New York Travel Guide;NYC Fall Foliage: Where to See the Best Leaves in New York City (October Guide);Central Park's Ramble hits peak color in mid-October. Prospect Park in Brooklyn follows close behind. The Brooklyn Heights Promenade with fall foliage against the Manhattan skyline is one of the best views in New York City in any season. Where to find fall foliage in NYC — the spots worth the trip.;Central Park fall foliage October New York City best spots Brooklyn Heights Promenade autumn leaves guide NYC;
NYC Hidden Gems;3;Title bottom light;1;The Met Cloisters, NYC;the medieval museum most visitors never make it to;2026.08.01;20:08;https://milesandflavors.com/nyc-hidden-gems/#met-cloisters;New York Travel Guide;The Met Cloisters: New York City's Hidden Medieval Museum;A reconstructed medieval monastery perched above the Hudson in Fort Tryon Park, built from real stone cloisters shipped over from France, with the Unicorn Tapestries inside and almost no crowds on a weekday morning. The Met Cloisters is New York City's most overlooked world-class museum — one of the hidden gems worth the trip to the northern tip of Manhattan.;Medieval stone cloister archways and gardens at the Met Cloisters museum overlooking the Hudson River, NYC hidden gems guide;nyc-hidden-gems-3.jpg
Brooklyn Best Things to Do;3;Title bottom light;1;Brooklyn's best free view;the skyline shot most visitors never find — here's where;2026.08.01;21:45;https://milesandflavors.com/best-things-to-do-in-brooklyn/#1-brooklyn-bridge-walk;New York Travel Guide;The Free Manhattan Skyline View Most NYC Visitors Miss Completely;Brooklyn Bridge Park costs nothing and delivers the single best Manhattan skyline photo in New York City — better than any paid observation deck. Walk the bridge from Manhattan first, then let the waterfront do the rest. Brooklyn's best free experience, mapped for first-timers.;Manhattan skyline view from Brooklyn Bridge Park waterfront at golden hour, free things to do in Brooklyn NYC guide;best-things-to-do-in-brooklyn-3.jpg
25 Best Things NYC;3;Title bottom light;1;Every NYC skyline view, ranked;which one earns a spot on your itinerary;2026.08.01;22:36;https://milesandflavors.com/25-best-things-to-do-in-nyc/#nyc-bucket-list-map;New York Travel Guide;Every Skyline View in NYC, Ranked Against Each Other;Top of the Rock against the Staten Island Ferry against the Brooklyn Bridge at sunrise — New York City's best views, tested and ranked so you don't waste a ticket on the wrong one. Part of the 25 best things to do in NYC, mapped for first-timers who want the view that actually earns the trip.;Manhattan skyline compared from multiple viewpoints, 25 best things to do in New York City ranked guide for first-timers;25-best-things-to-do-in-nyc-3.jpg
Barcelona Bucket List;3;Title top dark;1;El Born, Barcelona;where the city actually lives, Spain;2026.08.02;0:39;https://milesandflavors.com/barcelona-bucket-list/#gothic-quarter-and-el-born;Spain Travel Guide;Skip the Gothic Quarter Crowds — El Born Is Where Barcelona Actually Lives;One neighborhood over from the tour groups, El Born has the same medieval stone streets minus the selfie sticks — wine bars, the Picasso Museum, and the Santa Maria del Mar basilica locals actually use. The quieter half of Barcelona's bucket list that first-timers usually miss entirely.;El Born neighborhood narrow medieval street in Barcelona Spain, Gothic Quarter alternative bucket list guide;barcelona-bucket-list-3.jpg
Chicago First-Timers;3;Title bottom light;1;3 days in Chicago;the order first-timers always get wrong;2026.08.02;1:29;https://milesandflavors.com/best-things-to-do-in-chicago/#best-things-to-do;Chicago Travel Guide;3 Days in Chicago: The Order First-Timers Always Get Wrong;Deep dish before the architecture cruise, Willis Tower Skydeck at noon instead of sunset — the small sequencing mistakes that cost first-time Chicago visitors their best photos and their best meals. The 3-day Illinois plan that actually works, hour by hour.;Chicago Illinois skyline and Millennium Park Cloud Gate, first-timer 3 day itinerary order guide;best-things-to-do-in-chicago-3.jpg
Empire State vs Top of the Rock;3;Title top light;1;Quick NYC deck guide;the 90-second observation deck decision;2026.08.02;20:39;https://milesandflavors.com/empire-state-building-vs-top-of-the-rock/#quick-comparison;New York Travel Guide;The 90-Second NYC Observation Deck Decision Guide;Same price, same 360-degree Manhattan skyline, completely different experience once you're up there. A quick side-by-side of ticket cost, wait time, and what you actually see from each — so the decision takes less time than the elevator ride. New York City's classic observation deck debate, settled fast.;Side by side Manhattan skyline views comparison from two NYC observation decks, quick comparison guide Empire State Top of the Rock;emire_state building.jpg
Sagrada Família Skip Line;3;Title bottom;1;Is it worth it? Barcelona;Sagrada Família, Spain's most-asked question;2026.08.02;21:19;https://milesandflavors.com/sagrada-familia-skip-the-line/#book-ahead;Spain Travel Guide;Is Sagrada Família Actually Worth It? Barcelona's Most-Asked Question, Answered;Forty years of construction, a facade that takes thirty seconds to explain why Gaudí never stopped, and a stained glass interior that earns every euro of the ticket. The honest answer for Barcelona first-timers deciding whether to spend the money — plus how to book it right.;Sagrada Família towering spires above Barcelona Eixample neighborhood, is it worth it Spain Gaudí travel guide;sagrada_skip the line.jpg
Millennium Park Chicago;3;Title top;1;What's actually free, Millennium Park;almost all of it — here's the one exception;2026.08.02;22:02;https://milesandflavors.com/millennium-park-cloud-gate-chicago/#pritzker-pavilion;Chicago Travel Guide;What's Actually Free in Millennium Park (Almost All of It);Crown Fountain's rotating faces, the Lurie Garden's prairie plantings, free summer concerts under the Pritzker Pavilion's steel ribbons — Millennium Park in Chicago packs an entire day of Illinois experiences into a few free city blocks. The complete map of what costs nothing.;Pritzker Pavilion outdoor concert venue steel architecture Millennium Park Chicago, free things to do Illinois guide;crown_fountain_chicago.jpg
NYC in September;3;Centered;1;NYC IN SEPTEMBER;best month to visit New York? The honest answer;2026.08.02;23:12;https://milesandflavors.com/nyc-in-september/#september-events-nyc;New York Travel Guide;NYC in September: Why It's New York City's Best-Kept Secret Month (Honest Guide);The humidity breaks. The school groups haven't arrived yet. Hotel rates dip from August peaks. And the city enters its most livable stretch of the year. NYC in September: what first-time visitors miss about New York's best month, and how to plan it right.;Central Park in early fall golden light, New York City in September why it's the best month first-timer guide;
Barcelona in September;3;Centered;1;Is September worth it? Barcelona;beaches still warm, no August crowds;2026.08.03;0:29;https://milesandflavors.com/barcelona-in-september/#barcelona-september-beaches;Spain Travel Guide;Barcelona in September: Beaches, La Mercè Festival + Why Crowds Drop (Spain Guide);August crowds leave Barcelona in September — and the Mediterranean is still warm enough to swim. The Barceloneta beach is at its best. Sagrada Família has shorter queues. And La Mercè festival on September 24 is free, electric, and unmissable. Why September is the smartest time to visit Spain.;Barceloneta beach Barcelona in September warm sunny day fewer crowds Spain travel guide best time to visit;
Amsterdam in September;3;Centered;1;AMSTERDAM IN SEPTEMBER;fewer crowds, and locals will tell you why;2026.08.03;1:23;https://milesandflavors.com/amsterdam-in-september/#best-things-to-do-in-amsterdam-in-september;Netherlands Travel Guide;Amsterdam in September: Canals, Weather + Why It Beats Summer (Netherlands Guide);The canal ring in September has golden afternoon light and almost no tour groups. The Jordaan cafes still have outdoor tables. The Van Gogh Museum queues are manageable. Amsterdam Netherlands in September — the month the city is actually at its best, and what first-time visitors should plan around it.;Amsterdam Jordaan canal houses in September golden light fewer tourists Netherlands perfect time to visit guide;
Chicago in September;3;Title bottom;1;Best month in Chicago?;September — architecture cruise weather + Jazz Fest;2026.08.03;2:19;https://milesandflavors.com/chicago-in-september/#chicago-september-weather-and-tips;Chicago Travel Guide;Chicago in September: Architecture Cruise, Jazz Festival + Perfect Weather Illinois Guide;September is when Chicago Illinois becomes the city it always meant to be: perfect weather, the Chicago Jazz Festival in Grant Park, golden hour on the architecture river cruise, and the lakefront at its most beautiful. The honest guide to visiting Chicago in September for the first time.;Chicago River architecture cruise in September golden light Illinois best month to visit travel guide;
NYC This Weekend;3;Title bottom light;1;Central Park, Saturday morning;the timing trick before it fills up;2026.08.03;20:09;https://milesandflavors.com/things-to-do-in-nyc-this-weekend/#central-park-morning;New York Travel Guide;Central Park on a Saturday Morning: Where to Go Before It Fills Up;By noon on a nice Saturday, Central Park's best corners are full. Arrive with the joggers instead — Sheep Meadow still quiet, the Mall nearly empty, Bethesda Terrace just opening up. How to start a New York City weekend right, before the park belongs to everyone else.;Central Park early Saturday morning quiet path New York City, weekend itinerary guide before the crowds;things-to-do-in-nyc-this-weekend-3.jpg
Where to Stay NYC;3;Title bottom;1;Midtown Manhattan;honest about the tradeoffs, NYC;2026.08.03;21:26;https://milesandflavors.com/where-to-stay-in-nyc/#midtown;New York Travel Guide;Midtown Manhattan: Convenient for Sightseeing, Honest About the Tradeoffs;Everything is walkable from a Midtown hotel — Times Square, the Empire State Building, half of New York City's must-sees. What that convenience costs you once the sun goes down, and who Midtown is really the right call for. Part of the honest NYC neighborhood guide.;Midtown Manhattan skyscrapers and busy street at dusk, New York City hotel neighborhood guide honest comparison;where-to-stay-in-nyc-3.jpg
Park Güell + Sagrada Família;3;Title bottom;1;Sagrada Família tickets;the one mistake first-timers make booking these;2026.08.03;22:07;https://milesandflavors.com/park-guell-sagrada-familia-barcelona/#sagrada-familia;Spain Travel Guide;Sagrada Família's Ticket Types, Explained for First-Timers;Basic entry, tower climb, guided visit — Sagrada Família in Barcelona sells more ticket variations than almost any attraction in Spain, and the wrong one means missing the part everyone showed up to see. Which tower to pick, and how it fits alongside Park Güell on the same day.;Sagrada Família soaring interior columns and stained glass, Barcelona Spain ticket types guide first-timers Gaudí;park-guell-sagrada-familia-barcelona-3.jpg
NYC Family Itinerary;3;Title bottom;1;NYC WITH KIDS;day 3 — Brooklyn Bridge, museums + the spots kids love most;2026.08.03;23:37;https://milesandflavors.com/nyc-family-itinerary-5-days/#day-3-brooklyn-with-kids;New York Travel Guide;NYC with Kids: Brooklyn Bridge, Museum of Natural History + Best Family Spots (5-Day Guide);Brooklyn with kids means DUMBO cobblestones, the Brooklyn Bridge walk, and Brooklyn Bridge Park skyline views — the best half-day in all of New York City for families. The 5-day NYC family itinerary: where children love it, what's realistic with kids, and the one museum worth the ticket.;Brooklyn Bridge walk with family New York City kids guide DUMBO cobblestones family itinerary NYC;
Barcelona Family Itinerary;3;Centered;1;BARCELONA WITH KIDS;Sagrada Família, Barceloneta beach + family tips;2026.08.04;0:20;https://milesandflavors.com/barcelona-family-itinerary-4-days/#day-1-sagrada-and-beach;Spain Travel Guide;Barcelona with Kids: Sagrada Família, Beach + 4-Day Family Itinerary Spain Tips;Sagrada Família impresses kids more than most adults expect — bring photos of Gaudí's other work beforehand and they'll spend an hour studying the details. Barceloneta beach is 15 minutes from the Gothic Quarter. Park Güell has the dragon staircase. Barcelona Spain is a great family destination if you plan it right.;Sagrada Família Barcelona with kids family travel Spain 4 day itinerary Gaudí impressions guide;
Amsterdam Family Itinerary;3;Centered;1;AMSTERDAM WITH KIDS;the day trip worth the early start — here's why;2026.08.04;1:42;https://milesandflavors.com/amsterdam-family-itinerary-3-days/#day-3-zaanse-schans-day-trip;Netherlands Travel Guide;Amsterdam with Kids: NEMO Museum, Canal Cruise + Zaanse Schans Day Trip (3-Day Guide);Three days in Amsterdam with kids: Day 1 canal cruise and the Jordaan, Day 2 NEMO Museum and Vondelpark, Day 3 day trip to Zaanse Schans windmills or Keukenhof if the season is right. The Amsterdam Netherlands family itinerary — what's worth the trip and what's honestly too much.;Zaanse Schans windmills Amsterdam day trip with kids Netherlands family itinerary 3 days guide;
Chicago Family Itinerary;3;Centered;1;CHICAGO WITH KIDS;Millennium Park, Lincoln Zoo + honest budget guide;2026.08.04;2:41;https://milesandflavors.com/chicago-family-itinerary-3-days/#day-1-millennium-park-kids;Chicago Travel Guide;Chicago with Kids: Millennium Park, Lincoln Park Zoo + 3-Day Family Budget Guide Illinois;Lincoln Park Zoo in Chicago is completely free and takes a half day with kids. Cloud Gate Bean in Millennium Park takes 30 minutes but kids will stay an hour. Navy Pier fireworks on Wednesday nights are free. The Chicago Illinois family travel budget: what costs money and what doesn't.;Lincoln Park Zoo Chicago free with kids Illinois family itinerary Millennium Park Cloud Gate budget guide;
Central Park NYC;3;Title bottom light;1;Central Park's Bethesda Terrace;worth the timing — NYC's best free show;2026.08.04;20:42;https://milesandflavors.com/central-park-nyc-guide/#bethesda-terrace-fountain;New York Travel Guide;Bethesda Terrace at Noon Is Central Park's Best Free Show;The fountain, the arcade ceiling tiles, street musicians who somehow always sound perfect against the stone — Bethesda Terrace at midday is New York City's best free performance and most visitors walk straight past it. Part of a full free day in Central Park.;Bethesda Fountain and Terrace with visitors on a sunny day in Central Park New York City, free things to do guide;central_park_bethesda.jpg
NYC Travel Costs;3;Title bottom light;1;NYC hotel prices;why summer rates spike — and the tax nobody tells you about;2026.08.04;21:25;https://milesandflavors.com/nyc-travel-costs/#accommodation;New York Travel Guide;NYC Hotel Costs: Why Summer Rates Spike (And the Tax Nobody Mentions);The same New York City hotel room costs 20-30% more in July than it does in October, and the price on the booking site still isn't the price you pay — a roughly 14.75% occupancy tax plus fees gets added at checkout. What NYC accommodation actually costs by season and budget tier, before you're surprised at the front desk.;New York City hotel room and skyline, accommodation costs by season budget guide;
Willis Tower vs 360 Chicago;3;Title bottom light;1;Willis Tower's glass Ledge;what it actually feels like;2026.08.04;22:12;https://milesandflavors.com/willis-tower-skydeck-vs-360-chicago/#willis-tower-skydeck;Chicago Travel Guide;Willis Tower's Glass Ledge: What It Actually Feels Like to Stand On It;Four feet of transparent floor extending past the building, 412 meters above the Illinois street grid — the Ledge at Willis Tower Skydeck is either the best five minutes of a Chicago trip or the worst, depending entirely on how you feel about heights. Here's what to expect before you step out.;Willis Tower Skydeck glass floor Ledge with Chicago streets visible far below, what it feels like guide Illinois;chicago_skydeck.jpg
Chicago Architecture Cruise;3;Title top light;1;Chicago's architecture cruise;what you'll actually see on the water;2026.08.04;23:25;https://milesandflavors.com/chicago-architecture-river-cruise/#what-you-see;Chicago Travel Guide;What You Actually See on the Chicago Architecture River Cruise;The Wrigley Building's terracotta glow, Marina City's corn-cob towers, the exact spot where the river reverses direction — a building-by-building preview of what the Chicago architecture cruise actually shows you, so you know what to look for once you're on the water.;Chicago River cruise boat passing Wrigley Building and Tribune Tower, what you see on the tour guide Illinois;
Where to Stay NYC with Kids;3;Centered light;1;WHERE TO STAY NYC WITH KIDS;near Central Park vs Midtown — the honest comparison;2026.08.05;0:24;https://milesandflavors.com/where-to-stay-in-nyc-with-kids/#midtown-family-hotels;New York Travel Guide;Where to Stay in NYC with Kids: Upper West Side vs Midtown vs Brooklyn — Family Hotel Guide;The Upper West Side puts your family between Central Park and the Natural History Museum on quiet, stroller-friendly streets. Midtown gets you walking distance to the Empire State Building and Times Square, at a busier and pricier cost. Brooklyn asks for one extra subway stop and pays it back in value and food. The honest New York City neighborhood comparison for families choosing a hotel base with kids.;Family walking in Central Park New York City sunny day where to stay NYC with kids neighborhood comparison guide;
Where to Stay Chicago with Kids;3;Centered light;1;WHERE TO STAY CHICAGO KIDS;Loop vs River North vs Museum Campus — honest guide;2026.08.05;1:15;https://milesandflavors.com/where-to-stay-in-chicago-with-kids/#loop-and-river-north-family-hotels;Chicago Travel Guide;Where to Stay in Chicago with Kids: Loop vs River North vs Museum Campus (Illinois Hotel Guide);The Loop puts your family within walking distance of Millennium Park and the architecture cruise, with a business-district feel after dark. River North stays lively into the evening and has the restaurant density parents actually want. Staying near the Museum Campus works best with young kids — Shedd Aquarium and the Field Museum are both a walk away. The Chicago Illinois neighborhood comparison for families deciding where to book.;Chicago Loop and River North comparison family hotel neighborhoods Illinois where to stay with kids guide;
NYC Halloween with Kids;3;Centered;1;NYC HALLOWEEN KIDS;trick-or-treating + Botanical Garden + parade guide;2026.08.05;2:44;https://milesandflavors.com/nyc-halloween-with-kids/#trick-or-treating-neighborhoods-nyc;New York Travel Guide;NYC Halloween with Kids: Village Parade, Botanical Garden Haunted + Trick-or-Treating Guide;Trick-or-treating in NYC works best on the Upper West Side and brownstone Brooklyn — residential streets with kids everywhere. The New York Botanical Garden's Halloween events are ticketed but genuinely impressive. The Village Halloween Parade is free and one of the best things in New York City in October. The complete NYC Halloween guide for families.;New York City Halloween with kids trick or treating Upper West Side brownstone neighborhood October guide;
NYC in a Day;3;Title top light;1;Start at the 9/11 Memorial;not Times Square — here's the smarter first stop;2026.08.05;20:37;https://milesandflavors.com/one-day-in-new-york/#911-memorial;New York Travel Guide;Start a New York City Day at the 9/11 Memorial — Not Times Square;The reflecting pools open at 7:30am, before Lower Manhattan fills up, and standing at the edge is one of the most affecting moments a first-time visitor can have in New York City. From there: Tribeca, SoHo, the Brooklyn Bridge — the one-day route that starts quiet and builds.;9/11 Memorial reflecting pool Lower Manhattan with One World Trade Center behind, one day NYC itinerary guide;911_memorial_pool_edge.jpg
NYC Free Things;3;Title top light;1;Staten Island Ferry, NYC;worth it? the free ride past the Statue of Liberty;2026.08.05;21:16;https://milesandflavors.com/free-things-to-do-in-nyc/#staten-island-ferry;New York Travel Guide;The Staten Island Ferry: NYC's Best Free Ride Past the Statue of Liberty;A 25-minute boat that runs 24/7, costs nothing, needs no ticket, and passes close enough to the Statue of Liberty that people gasp out loud — most visitors treat it as a box to check instead of the golden-hour ride it actually is. Board at Whitehall Street heading toward Staten Island right before sunset for the best light on Lady Liberty and the Manhattan skyline behind you.;Staten Island Ferry passing the Statue of Liberty at sunset with Manhattan skyline behind, free things to do in NYC guide;manhattan_from_bk_heights.jpg
Barcelona in 1 Day;3;Title top light;1;Park Güell by 11am;Barcelona's one-day timing trick;2026.08.05;22:45;https://milesandflavors.com/barcelona-in-one-day-itinerary/#park-guell;Spain Travel Guide;Park Güell by 11am: The Barcelona Timing Trick for a One-Day Trip;The mosaic terrace and dragon staircase are genuinely crowded by early afternoon — arriving before 11am, right after Sagrada Família, is how a one-day Barcelona Spain itinerary actually stays on schedule. What's ticketed, what's free, and why the order matters.;Park Güell mosaic terrace overlooking Barcelona and the sea on a clear day, one day itinerary timing guide Spain;barcelona-in-one-day-itinerary-3.jpg
NYC in October;3;Centered light;1;NYC IN OCTOBER;Halloween, foliage + why first-timers love this month;2026.08.05;23:22;https://milesandflavors.com/nyc-in-october/#best-things-to-do-october;New York Travel Guide;NYC in October: Why First-Timers Love It — Halloween, Fall Foliage + What to Book Ahead;October is when New York City first-timers often have the best trip they hadn't planned for: Central Park in full fall color, Halloween weekend in the Village, the marathon energy, and weather that's finally comfortable for walking. NYC in October: what to book ahead, what's free, and why this is the month that converts people into repeat visitors.;New York City skyline in October fall light Central Park foliage Halloween events why October NYC guide first-timers;
NYC Fall Foliage Day Trips;3;Centered;1;NYC fall foliage day trips;Hudson Valley, Catskills + when to go by week;2026.08.06;0:05;https://milesandflavors.com/nyc-fall-foliage-day-trips/#catskills-fall-foliage;New York Travel Guide;NYC Fall Foliage Day Trips: Hudson Valley, Catskills + Week-by-Week Peak Timing Guide;Fall foliage near New York City peaks from early October (higher elevation) to late October (lower Hudson Valley). Hudson Valley by Metro-North is the easiest. The Catskills by car offer wilder scenery. Connecticut has covered bridges. The NYC fall foliage day trip guide with timing by week so you don't miss peak color.;Catskills fall foliage mountains near New York City week by week peak timing day trip guide from NYC;
Central Park with Kids;3;Centered;1;CENTRAL PARK KIDS;zoo, carousel, rowboats + the best picnic spots;2026.08.06;1:16;https://milesandflavors.com/central-park-with-kids/#central-park-zoo-and-carousel;New York Travel Guide;Central Park with Kids NYC: Zoo, Carousel, Rowboats + Best Picnic Spots (Family Guide);Ninety minutes at the zoo, a spin on a century-old carousel, then a rowboat out onto the Lake from the Loeb Boathouse — Central Park turns into a full day of small adventures once kids are along for it. Sheep Meadow waits at the end for the picnic that makes the whole day feel unhurried. The complete Central Park with kids guide: what earns the time and what's fine to skip.;Central Park rowboats on the Lake New York City kids family guide zoo carousel picnic spots NYC guide;
Fall in New York City;3;Centered;1;Best Fall Things to Do, NYC;September through November;2026.08.06;2:04;https://milesandflavors.com/fall-in-new-york-city/#best-fall-events-nyc;New York Travel Guide;Best Things to Do in Fall in NYC: September, October + November New York City Guide;Three months, three completely different versions of New York City: September still warm with the US Open in full swing, October turning gold with the Village Halloween Parade lighting up Greenwich Village, November closing with marathon runners and Thanksgiving floats down Central Park West. The best things to do in NYC this fall, month by month, and what's worth booking ahead.;New York City fall events October Halloween parade November marathon Thanksgiving best things to do September guide NYC;
NYC Itinerary;4;Title bottom;1;5 days in NYC;the itinerary that actually paces out right;2026.08.06;19:56;https://milesandflavors.com/5-day-new-york-city-itinerary/;New York Travel Guide;5-Day New York City Itinerary: The Trip That Doesn't Try to Do Everything;Five days is enough to see New York City properly if the order is right — Midtown and the museums first, Brooklyn and the West Village once your feet know the subway. This 5-day New York City itinerary spaces out the big-ticket sights with real neighborhood time, so it never turns into a checklist sprint. Day-by-day NYC itinerary with where to eat, what to book ahead, and what's fine to skip.;New York City skyline framed by orange fall foliage from a riverside park. Pin text overlay: '5 days in NYC — the itinerary that actually paces out right'.;
One World Observatory;4;Title bottom;1;One World Observatory tickets;when to go and what actually saves you time;2026.08.06;20:53;https://milesandflavors.com/one-world-observatory-nyc/;New York Travel Guide;One World Observatory: What to Know Before You Book (New York City Guide);The elevator ride alone is worth the ticket, but timing decides whether you get a clear skyline or a long wait at the door. This One World Observatory guide covers ticket options, the best time of day to go, and how it compares to the Empire State Building and Top of the Rock — everything to know before booking your Lower Manhattan viewing deck visit.;Looking straight up at One World Trade Center's glass facade against a clear blue sky in Lower Manhattan. Pin text overlay: 'One World Observatory tickets — when to go and what actually saves you time'.;
Chicago Itinerary;4;Title bottom;1;The 3-day Chicago route;the itinerary that earns this city its reputation;2026.08.06;21:58;https://milesandflavors.com/3-days-in-chicago-itinerary/;Chicago Travel Guide;Chicago in 3 Days: The Illinois Itinerary Built Around the River;Cloud Gate at sunrise, the architecture river cruise through the Chicago River, deep dish pizza, the lakefront at golden hour — a 3-day Chicago Illinois itinerary that earns America's most underrated city its reputation. Day-by-day first-timer's guide to what to book, where to eat, and how to pace it.;Cloud Gate, the Bean, in Chicago Millennium Park surrounded by orange fall foliage with the skyline behind. Pin text overlay: 'The 3-day Chicago route — the itinerary that earns this city its reputation'.;
Navy Pier Chicago;4;Title top light;1;Navy Pier, Chicago;worth the hype or just a tourist stop?;2026.08.06;22:56;https://milesandflavors.com/navy-pier-chicago/;Chicago Travel Guide;Navy Pier Chicago: Is It Actually Worth Your Time? (Honest Guide);Navy Pier gets mixed reviews from Chicago locals, but the lakefront views, the Ferris wheel, and the fireworks in summer earn it a spot on a first visit if you know when to go. This Navy Pier Chicago guide covers what's worth doing, what to skip, and the best time of day to visit without the crowds.;Navy Pier Centennial Wheel and the Chicago skyline seen from Lake Michigan, with the John Hancock Center behind. Pin text overlay: 'Navy Pier, Chicago — worth the hype or just a tourist stop?'.;
Barcelona Itinerary;4;Title bottom;1;The 4-day Barcelona route;the itinerary that gets the Gaudí timing right;2026.08.06;23:45;https://milesandflavors.com/4-days-in-barcelona-the-perfect-itinerary/;Spain Travel Guide;Barcelona in 4 Days: The Spain Itinerary Built Around Gaudí's Timing;Sagrada Família the moment it opens, before any tour group arrives — that's how a Barcelona day earns itself. A 4-day Barcelona Spain itinerary where Gaudí's buildings are timed right, the Gothic Quarter gets its quiet morning hour, and Montjuic closes out the trip properly. A first-timer's Barcelona travel guide.;Palm-lined Passeig de Colom in Barcelona leading toward the Columbus Monument. Pin text overlay: 'The 4-day Barcelona route — the itinerary that gets the Gaudí timing right'.;
Casa Batlló Gaudí Trail;4;Title bottom;1;Casa Batlló & the Gaudí trail;three Modernista masterpieces on one block;2026.08.07;1:04;https://milesandflavors.com/casa-batllo-gaudi-trail-barcelona/;Spain Travel Guide;Casa Batlló & Barcelona Gaudí Trail: Passeig de Gràcia Architecture Walk;Passeig de Gràcia has three Modernista masterpieces on the same block — Casa Batlló, Casa Amatller, and Casa Lleo Morera — then La Pedrera a short walk north. The complete Barcelona Gaudí architecture trail, mapped and timed for a first-time visitor to Catalonia.;Close-up of Casa Batlló's colorful mosaic facade and skull-shaped balconies on Passeig de Gràcia, Barcelona. Pin text overlay: 'Casa Batlló & the Gaudí trail — three Modernista masterpieces on one block'.;
Amsterdam Bucket List;1;Title bottom;1;Amsterdam bucket list;25 best things to do, ranked for first-timers;2026.08.07;2:07;https://milesandflavors.com/amsterdam-bucket-list/;Netherlands Travel Guide;Amsterdam Bucket List: 25 Best Things to Do (First-Timer's Guide);Every Amsterdam list repeats the same five canals — this one ranks them against what actually makes a first visit to the Netherlands memorable, from the Van Gogh Museum at opening to a quiet Jordaan evening. The Amsterdam bucket list of 25 best things to do, in the order that makes sense for a first trip.;Amsterdam canal at golden hour with houseboats and bicycles lining the water, fall foliage on the trees. Pin text overlay: 'Amsterdam bucket list — 25 best things to do, ranked for first-timers'.;
Times Square NYC;4;Title top light;1;Times Square isn't just neon;what's actually worth stopping for;2026.08.07;20:05;https://milesandflavors.com/times-square-nyc-guide/;New York Travel Guide;Times Square NYC: What's Actually Worth Stopping For (Beyond the Neon);Most visitors walk through Times Square once, take a photo, and never come back — and they're missing the Broadway TKTS booth, the free red steps, and the side streets where the real theater district lives. The complete Times Square New York City guide: what to see, what to skip, and how to avoid the tourist traps around it.;;
25 Best Things NYC;4;Title bottom;1;25 best things to do in NYC;the first-timer's shortlist that actually holds up;2026.08.07;21:14;https://milesandflavors.com/25-best-things-to-do-in-nyc/;New York Travel Guide;25 Best Things to Do in NYC: The First-Timer's Shortlist;Every New York City list claims to have the essentials, but most just repeat the same five landmarks. This one mixes the must-see icons — Central Park, Top of the Rock, the Brooklyn Bridge — with the neighborhood spots that make first-timers feel like they actually experienced the city. The 25 best things to do in New York City, ranked for a first visit.;;
Where to Stay Chicago;4;Title bottom;1;Where to stay in Chicago;7 best areas, honestly compared;2026.08.07;22:13;https://milesandflavors.com/where-to-stay-in-chicago-7-best-areas-hotels/;Chicago Travel Guide;Where to Stay in Chicago: 7 Best Areas & Hotels Compared;The Loop puts you next to everything downtown but empties out at night. River North has the restaurants. The South Loop is quieter and better value. This guide compares the 7 best areas to stay in Chicago on price, walkability, and access to the lakefront, so a first-time visitor picks the right neighborhood.;;
Chicago Free Things;4;Title bottom;1;20 free things to do in Chicago;the first-timer's no-budget Chicago list;2026.08.07;23:09;https://milesandflavors.com/20-free-things-to-do-in-chicago/;Chicago Travel Guide;20 Free Things to Do in Chicago: The First-Timer's No-Budget List;Cloud Gate costs nothing. The Chicago Riverwalk costs nothing. Millennium Park's summer concerts are free. This list of 20 free things to do in Chicago covers the museums that are always free to enter, the lakefront paths, and the neighborhoods worth wandering — a full Chicago trip that doesn't need a big budget.;;
Where to Stay Barcelona;4;Title top;1;Where to stay in Barcelona;the neighborhoods first-timers actually pick right;2026.08.08;0:09;https://milesandflavors.com/where-to-stay-in-barcelona/;Spain Travel Guide;Where to Stay in Barcelona: Best Neighborhoods for First-Timers;The Gothic Quarter puts you inside the postcard but gets loud at night. Eixample is calmer with better hotels. Gràcia feels like a different city entirely. This guide to where to stay in Barcelona compares the best areas honestly, so a first-time visitor books the right base for the trip.;;
Montserrat Day Trip;4;Title top;1;Montserrat, one day from Barcelona;the mountain monastery worth the morning;2026.08.08;1:03;https://milesandflavors.com/montserrat-day-trip-from-barcelona/;Spain Travel Guide;Montserrat Day Trip from Barcelona: Is the Mountain Monastery Worth It?;An hour outside Barcelona, jagged mountain peaks rise around a monastery that's been a pilgrimage site for centuries — and a cable car ride up delivers one of the best views in Catalonia. This Montserrat day trip guide covers how to get there, what to see, and whether it's worth taking a day away from Barcelona.;;
Amsterdam with a Toddler;1;Title bottom;1;Amsterdam with a toddler;what actually works, and what to skip;2026.08.08;2:13;https://milesandflavors.com/amsterdam-with-a-toddler/;Netherlands Travel Guide;Amsterdam with a Toddler: What Actually Works (And What to Skip);Cobblestones and a stroller don't mix everywhere in Amsterdam, and one of the city's biggest draws — the Anne Frank House — is genuinely hard with a toddler, while a covered canal cruise turns out to be the easiest win of the trip. This honest guide covers what works with young kids in Amsterdam, what to skip, and how to structure a family day around nap times.;;
Brooklyn Best Things to Do;4;Title bottom;1;Brooklyn, New York City;the borough most first-timers skip and shouldn't;2026.08.08;20:13;https://milesandflavors.com/best-things-to-do-in-brooklyn/;New York Travel Guide;Best Things to Do in Brooklyn: Why New York City's Most-Skipped Borough Is Worth a Full Day;The Brooklyn Bridge walk into DUMBO, a Smorgasburg afternoon, a slow wander through Williamsburg — Brooklyn has its own rhythm that Manhattan never quite gets to. The best things to do in Brooklyn New York City for a first visit, including how to get there and how much time to actually give it.;;
NYC Hidden Gems;4;Title top light;1;NYC hidden gems;the spots that don't make the postcard lists;2026.08.08;20:46;https://milesandflavors.com/nyc-hidden-gems/;New York Travel Guide;NYC Hidden Gems: The New York City Spots Most Guides Never Mention;Past the Statue of Liberty and Times Square, New York City has a second layer — quiet parks, small museums, and neighborhood corners that never make the standard itinerary. This NYC hidden gems guide covers the lesser-known spots worth the detour, for visitors who've already done the obvious list.;;
Chicago Hop-On Hop-Off;4;Title top;1;Chicago hop-on hop-off bus;worth it, or is walking better?;2026.08.08;22:06;https://milesandflavors.com/chicago-hop-on-hop-off/;Chicago Travel Guide;Chicago Hop-On Hop-Off Bus: Is It Actually Worth Booking?;A hop-on hop-off bus covers a lot of ground fast in a city as spread out as Chicago, but it's not always the smartest way to see it. This guide breaks down when the Chicago hop-on hop-off bus earns its ticket price and when a shorter architecture cruise or walking route does the job better.;;
Navy Pier Parking;1;Title bottom;1;Getting to Navy Pier;parking, rideshare & the shortcut Chicago drivers know;2026.08.08;22:59;https://milesandflavors.com/getting-to-navy-pier-parking-rideshare-transit/;Chicago Travel Guide;Getting to Navy Pier: Parking, Rideshare & Public Transit Guide (Chicago);Navy Pier parking prices swing hard depending on the garage and the hour, and rideshare drop-off during Chicago summer events can add 20 minutes you didn't plan for. This guide compares parking, rideshare, the water taxi, and the CTA route to Navy Pier, so getting there doesn't eat into the time you meant to spend on the pier.;;
Barcelona Free Things;4;Title bottom;1;Free things to do in Barcelona;the first-timer's no-budget Barcelona list;2026.08.09;0:12;https://milesandflavors.com/free-things-to-do-in-barcelona/;Spain Travel Guide;Free Things to Do in Barcelona: The First-Timer's No-Budget List;The exterior of Sagrada Família costs nothing to admire. Barceloneta beach costs nothing all day. The Gothic Quarter is built for aimless wandering. This list of free things to do in Barcelona covers the beaches, the markets, and the neighborhoods worth exploring without spending on tickets.;;
Barcelona in October;1;Title bottom light;1;Barcelona in October;the shoulder-season window worth planning around;2026.08.09;1:10;https://milesandflavors.com/barcelona-in-october/;Spain Travel Guide;Barcelona in October: What to Know Before You Book;October in Barcelona still has beach-adjacent weather without the August crowds, and hotel prices ease before the holidays. This guide to Barcelona in October covers what to do, what to pack for the shifting weather, and why it's an underrated month for a first trip to Spain.;;
Amsterdam in October;1;Title bottom;1;Amsterdam in October;cooler canals, thinner crowds, better light;2026.08.09;2:13;https://milesandflavors.com/amsterdam-in-october/;Netherlands Travel Guide;Amsterdam in October: What to Know Before You Book;October in Amsterdam means cooler canal walks, fewer crowds at the Van Gogh Museum, and hotel prices that haven't hit the holiday spike yet. This guide to Amsterdam in October covers what to do, what to pack for Dutch autumn weather, and why it's an underrated month for a first trip to the Netherlands.;;
Empire State vs Top of the Rock;4;Centered light;1;Empire State Building vs Top of the Rock;which New York City view is actually worth it;2026.08.09;19:53;https://milesandflavors.com/empire-state-building-vs-top-of-the-rock/;New York Travel Guide;Empire State Building vs Top of the Rock: Which New York City View Wins?;"One puts you inside the city's most photographed skyline silhouette; the other gives you the clearest view of that same building from across town. The Empire State Building versus Top of the Rock, compared on price, crowds, and which observation deck actually delivers the better New York City skyline view for a first-time visitor.";;
NYC in September;4;Title bottom;1;NYC's Best September Things to Do;before the leaves turn and prices climb;2026.08.09;20:58;https://milesandflavors.com/nyc-in-september/;New York Travel Guide;NYC in September: The Quiet Window Before Fall Prices Hit;September in New York City sits between summer crowds and October's fall-foliage rush — warm enough for the parks, cool enough for real walking, and still ahead of peak pricing. What to do in New York City in September, from the US Open to the last outdoor dining nights, and why it's an underrated month to visit.;;
Chicago Bucket List;4;Title bottom;1;Chicago, ranked;the first-timer's ranked list for a first Chicago trip;2026.08.09;21:59;https://milesandflavors.com/chicago-bucket-list-25-best-things-to-do/;Chicago Travel Guide;Chicago Bucket List: 25 Best Things to Do (First-Timer's Ranking);Every Chicago list has the same five landmarks — this one ranks them against the spots that make a first visit actually memorable, from the Bean at Millennium Park to the deep dish debate to the lakefront at golden hour. The Chicago bucket list of 25 best things to do, in the order that makes sense for a first trip.;;
O'Hare to Downtown;1;Title bottom;1;O'Hare to downtown Chicago;the fastest way in, honestly compared;2026.08.09;23:01;https://milesandflavors.com/ohare-to-downtown-chicago/;Chicago Travel Guide;O'Hare to Downtown Chicago: The Fastest Way In, Compared;The CTA Blue Line runs 24 hours and beats rush-hour traffic every time, but a rideshare drops you right at the hotel door with luggage. This guide compares getting from O'Hare to downtown Chicago by train, rideshare, and shuttle on price, speed, and convenience, so the first hour of the trip isn't wasted figuring it out.;;
Barcelona Couples;4;Title bottom;1;A romantic Barcelona;the romantic version of the city, honestly ranked;2026.08.10;0:07;https://milesandflavors.com/best-things-to-do-in-barcelona-for-couples/;Spain Travel Guide;Best Things to Do in Barcelona for Couples (Honestly Ranked);A sunset sailing along the coast, a night of tapas and flamenco, a walk through the Gothic Quarter after the day-trippers leave — Barcelona has a completely different rhythm once the crowds thin out. The best things to do in Barcelona for couples, ranked for a romantic first trip to Spain.;Barceloneta beach at sunset with the sail-shaped W Hotel Barcelona in the distance — A romantic Barcelona: the romantic version of the city, honestly ranked;
Barcelona in November;1;Title bottom;1;Barcelona in November;worth visiting, or wait for a different month?;2026.08.10;0:53;https://milesandflavors.com/barcelona-in-november/;Spain Travel Guide;Barcelona in November: Is It Worth Visiting? (Honest Guide);November in Barcelona trades beach days for genuinely mild city weather and thinner crowds at Sagrada Família and Park Güell. This guide to Barcelona in November weighs the tradeoffs honestly, covering what still works and what to skip, so a first-time visitor can decide if this is the month for the trip.;A quiet tree-lined Barcelona street with bare autumn branches overhead in golden-hour light — Barcelona in November: worth visiting, or wait for a different month?;
Where to Stay in Amsterdam;1;Centered;1;Where to stay in Amsterdam;the best neighborhoods, honestly ranked;2026.08.10;2:12;https://milesandflavors.com/where-to-stay-in-amsterdam/;Netherlands Travel Guide;Where to Stay in Amsterdam: Best Neighborhoods Honestly Ranked;The Jordaan feels like the postcard version of Amsterdam but books up fast. De Pijp has better value and real local energy. The area by Centraal Station is convenient but touristy after dark. This guide to where to stay in Amsterdam ranks the best neighborhoods honestly for a first-time visitor.;Amsterdam brick canal house facade covered in red and orange autumn ivy with bikes parked outside — Where to stay in Amsterdam: the best neighborhoods, honestly ranked;
NYC Family Itinerary;4;Title top;1;5 days in NYC with kids;the family itinerary that doesn't burn everyone out;2026.08.10;19:46;https://milesandflavors.com/nyc-family-itinerary-5-days/;New York Travel Guide;NYC Family Itinerary: 5 Days in New York City With Kids;A family trip to New York City lives or dies on pacing — too many subway transfers and even the Central Park Zoo stops being fun. This 5-day NYC family itinerary balances the big sights with real downtime, covering where to stay, what to skip with young kids, and the days that actually work for a first family visit.;Families walking the Brooklyn Bridge wooden pedestrian walkway with a stroller and the Gothic stone bridge towers overhead — 5 days in NYC with kids: the family itinerary that doesn't burn everyone out;
NYC This Weekend;4;Centered;1;Things to do in NYC this weekend;what's actually worth planning around;2026.08.10;20:50;https://milesandflavors.com/things-to-do-in-nyc-this-weekend/;New York Travel Guide;Things to Do in NYC This Weekend: A First-Timer's Quick-Trip Guide;A short New York City weekend forces real choices — Central Park and the Empire State Building one day, the Brooklyn Bridge and DUMBO the next, and not much room for anything extra. This guide to things to do in NYC this weekend covers what earns the limited time, what to book before you land, and how to structure a 48-hour New York City trip that doesn't feel rushed.;A rainy New York City street at dusk with a yellow taxi, rising steam, and glowing neon signs — Things to do in NYC this weekend: what's actually worth planning around;
Chicago First-Timers;4;Title bottom;1;Best things to do in Chicago;what a first-timer should actually prioritize;2026.08.10;21:55;https://milesandflavors.com/best-things-to-do-in-chicago/;Chicago Travel Guide;Best Things to Do in Chicago: A First-Timer's Priority List;Chicago has too many good options for a short trip, and most guides don't tell you what to cut. This guide to the best things to do in Chicago prioritizes what a first-time visitor should see first, what can wait for a return trip, and how to build a realistic Chicago itinerary around it.;A Chicago street scene at dusk with traffic signals and city buildings — Best things to do in Chicago: what a first-timer should actually prioritize;
Chicago Riverwalk Free Things;1;Title top light;1;Chicago Riverwalk;the free stretch of the city most first-timers rush past;2026.08.10;23:07;https://milesandflavors.com/chicago-riverwalk-free-things-to-do/;Chicago Travel Guide;Chicago Riverwalk: Free Things to Do Along the Water;The Chicago Riverwalk runs 1.25 miles along the river with free public art, a nightly light show, and skyline views most tourists pay for on a boat cruise — all free, most first-timers walk through it in ten minutes on the way to somewhere else. This guide covers the free things to do along the Chicago Riverwalk and where it connects to the rest of downtown.;The Merchandise Mart illuminated at night with a colorful Art on theMART light projection reflecting on the Chicago River — Chicago Riverwalk: the free stretch of the city most first-timers rush past;
Barcelona Bucket List;4;Title top;1;Barcelona bucket list;the first-timer's ranked list for a first Spain trip;2026.08.11;0:10;https://milesandflavors.com/barcelona-bucket-list/;Spain Travel Guide;Barcelona Bucket List: 20 Best Things to Do (First-Timer's Ranking);Every Barcelona list repeats the same five stops — this one ranks them against what actually makes a first visit memorable, from Sagrada Família at opening to an early-morning walk through the Gothic Quarter before the crowds arrive. The Barcelona bucket list of 20 best things to do, in the order that makes sense for a first trip to Spain.;A tree-lined Barcelona walkway in warm afternoon light — Barcelona bucket list: the first-timer's ranked list for a first Spain trip;
Casa Milà vs Casa Batlló;1;Centered;1;Casa Milà vs Casa Batlló;which Gaudí building actually earns the ticket price;2026.08.11;0:50;https://milesandflavors.com/casa-mila-vs-casa-batllo/;Spain Travel Guide;Casa Milà vs Casa Batlló: Which Gaudí Building Is Worth the Ticket?;Both sit on Passeig de Gràcia, both are Gaudí, and both charge separate admission — but they're not the same experience. This guide compares Casa Milà and Casa Batlló on architecture, crowds, and price, so a first-time visitor to Barcelona knows which one earns a spot on a tight itinerary.;Casa Milà's wavy limestone facade with sculptural wrought-iron balconies against a blue sky — Casa Milà vs Casa Batlló: which Gaudí building actually earns the ticket price;
Best Day Trips from Amsterdam;1;Title bottom;1;Best day trips from Amsterdam;worth it vs. skip, honestly sorted;2026.08.11;1:57;https://milesandflavors.com/best-day-trips-from-amsterdam/;Netherlands Travel Guide;Best Day Trips from Amsterdam: Worth It vs. Skip;The windmills at Zaanse Schans are real and close. Some of the tulip-field day trips only pay off for a few weeks a year. This guide to the best day trips from Amsterdam sorts what's genuinely worth a day away from the city from what only looks good in the brochure.;Green windmills at Zaanse Schans beside the water under a bright blue sky — Best day trips from Amsterdam: worth it vs. skip, honestly sorted;
Where to Stay NYC;4;Title top light;1;Where to stay in New York City;Midtown vs Brooklyn vs the West Village;2026.08.11;19:52;https://milesandflavors.com/where-to-stay-in-nyc/;New York Travel Guide;Where to Stay in New York City: Midtown vs Brooklyn vs West Village;Midtown is close to everything and empties out at night. The West Village is beautiful and expensive. Brooklyn is better value for one extra subway stop. The New York City neighborhood breakdown that decides your hotel before anything else about the trip — a first-timer's guide to where to stay in NYC.;A New York City street with hotel flags, ivy-covered facades, and a flower-lined entrance — Where to stay in New York City: Midtown vs Brooklyn vs the West Village;
Central Park NYC;4;Title top;1;Central Park, mapped out;more than a green rectangle on the map;2026.08.11;21:02;https://milesandflavors.com/central-park-nyc-guide/;New York Travel Guide;Central Park NYC Guide: What's Actually Worth Your Time;Central Park is 843 acres, and most visitors only ever see the southeast corner near the zoo. This Central Park New York City guide maps out the Ramble, Bethesda Terrace, and Strawberry Fields, with a realistic sense of how much time each part actually deserves on a first visit.;A lit lamppost and park bench under autumn trees on a quiet Central Park path — Central Park, mapped out: more than a green rectangle on the map;
Millennium Park Chicago;4;Centered;1;Millennium Park & Cloud Gate;more than just a photo with the Bean;2026.08.11;22:08;https://milesandflavors.com/millennium-park-cloud-gate-chicago/;Chicago Travel Guide;Millennium Park & Cloud Gate Chicago: What Else Is Actually There;Everyone stops for a photo at Cloud Gate — the Bean — and half of them never realize Millennium Park has a full outdoor concert venue, a fountain kids can run through, and an ice rink in winter behind it. The complete Millennium Park Chicago guide, beyond the photo stop.;Cloud Gate (the Bean) reflecting the sky and Chicago skyscrapers in Millennium Park — Millennium Park & Cloud Gate: more than just a photo with the Bean;
Art Institute Free Days;1;Title bottom;1;Art Institute of Chicago free days;who actually qualifies (it's not tourists);2026.08.11;22:48;https://milesandflavors.com/art-institute-chicago-free-days/;Chicago Travel Guide;Art Institute of Chicago Free Days: Who Actually Qualifies;The Art Institute's free admission windows are real — but they're for Illinois residents with ID, not visiting tourists. This guide covers exactly who qualifies, when the free hours actually run, and what everyone else should expect to pay.;The Art Institute of Chicago's facade with a bronze lion statue at the entrance — Art Institute of Chicago free days: who actually qualifies (it's not tourists);
Sagrada Família Skip Line;4;Title top light;1;Sagrada Família skip-the-line tickets;book this before the queue decides for you;2026.08.11;23:48;https://milesandflavors.com/sagrada-familia-skip-the-line/;Spain Travel Guide;Sagrada Família Skip the Line: What to Book Before You Go;Every Sagrada Família ticket is a timed entry now — the real risk isn't a long line, it's showing up without a slot booked and not getting in at all. This guide covers ticket types, the best time slot to book, and how far ahead Sagrada Família tickets actually need to be reserved.;The tree-like stone columns and vaulted ceiling inside Sagrada Família bathed in warm light — Sagrada Família skip-the-line tickets: book this before the queue decides for you;
La Boqueria Market Tourist Trap;1;Title top;1;La Boqueria Market, Barcelona;tourist trap or genuinely worth it?;2026.08.12;1:09;https://milesandflavors.com/la-boqueria-market-tourist-trap/;Spain Travel Guide;La Boqueria Market Barcelona: Tourist Trap or Worth It?;La Boqueria sits right off Las Ramblas and gets crowded fast with stalls selling overpriced fruit cups aimed at tourists — but there's a real market just past those stalls, if you know where to look. This guide covers what's worth eating at La Boqueria, what to skip, and the best time to visit before the day-trip crowds arrive.;La Boqueria Market's stained-glass arched entrance sign at dusk — La Boqueria Market, Barcelona: tourist trap or genuinely worth it?;
Rijksmuseum vs Van Gogh Museum;1;Centered;1;Rijksmuseum vs Van Gogh Museum;which one earns your limited Amsterdam time;2026.08.12;1:54;https://milesandflavors.com/rijksmuseum-vs-van-gogh-museum/;Netherlands Travel Guide;Rijksmuseum vs Van Gogh Museum: Which One Is Worth Your Time?;"One holds Rembrandt's The Night Watch across centuries of Dutch art; the other is dedicated entirely to a single, obsessive body of work. This guide compares the Rijksmuseum and the Van Gogh Museum on scale, crowds, and ticket price, so a first-time visitor to Amsterdam knows which one to prioritize if time is short.";The Rijksmuseum's ornate red-brick facade with a clock tower and spires — Rijksmuseum vs Van Gogh Museum: which one earns your limited Amsterdam time;
NYC Travel Costs;4;Title bottom;1;New York City travel costs;what a trip actually costs, honestly broken down;2026.08.12;19:46;https://milesandflavors.com/nyc-travel-costs/;New York Travel Guide;NYC Travel Costs: What a New York City Trip Actually Costs (Honest Breakdown);Every New York City budget guide underestimates something — usually the subway rides that add up or the hotel taxes nobody mentions upfront. This NYC travel costs breakdown covers hotels, food, transit, and attractions honestly, so a first-time visitor can actually plan a realistic New York City trip budget.;A brick building facade with street signs and a parked car on a quiet New York City block — New York City travel costs: what a trip actually costs, honestly broken down;
NYC Free Things;4;Title top light;1;New York City for free;the free ride most visitors treat as a formality;2026.08.12;21:10;https://milesandflavors.com/free-things-to-do-in-nyc/;New York Travel Guide;Free Things to Do in NYC: The Best of New York City Without Spending a Dime;The Staten Island Ferry passes the Statue of Liberty for free. Central Park costs nothing. Half the best New York City museums have pay-what-you-wish hours most tourists never hear about. The complete guide to free things to do in NYC, for a trip that doesn't need a huge budget to feel complete.;The Bethesda Fountain and Angel of the Waters statue in Central Park surrounded by trees — New York City for free: the free ride most visitors treat as a formality;
Chicago in September;4;Title top;1;Chicago in September;summer weather, before the crowds thin;2026.08.12;21:55;https://milesandflavors.com/chicago-in-september/;Chicago Travel Guide;Chicago in September: The Underrated Month Before Fall Crowds Hit;September in Chicago still has the lakefront weather of summer without the peak crowds, and it's ahead of the fall price jump. What to do in Chicago in September, from lakefront afternoons to the architecture cruise before the water gets cold — an underrated month for a first visit.;A seagull perched on an ornate stone finial against a Chicago high-rise facade — Chicago in September: summer weather, before the crowds thin;
Chicago in October;1;Centered;1;Chicago in October: Best Things to Do;the shoulder-season month worth planning around;2026.08.12;23:10;https://milesandflavors.com/chicago-in-october/;Chicago Travel Guide;Best Things to Do in Chicago in October;October in Chicago means cooler lakefront walks, fall color in the parks, and hotel prices that haven't hit the holiday spike yet. The best things to do in Chicago in October, what to pack for the weather swing, and why it's an underrated month for a first visit to the city.;A downtown Chicago street with skyscrapers and orange fall foliage on the trees — Chicago in October: Best Things to Do, the shoulder-season month worth planning around;
Barcelona in September;4;Title bottom;1;Barcelona in September;beach weather without the August crowds;2026.08.12;23:45;https://milesandflavors.com/barcelona-in-september/;Spain Travel Guide;Barcelona in September: The Underrated Month Before Fall Crowds Hit;September in Barcelona still has beach weather without the August crowds, and prices start easing before the fall rush. What to do in Barcelona in September, from the last warm swims at Barceloneta to the Gaudí sites without the summer queues — an underrated month for a first Spain trip.;The Tibidabo Temple's Gothic spires overlooking Barcelona from the hills above the city — Barcelona in September: beach weather without the August crowds;
Barcelona Airport to City Center;1;Title top light;1;Barcelona airport to city center;the fastest and cheapest way in, compared;2026.08.13;1:12;https://milesandflavors.com/barcelona-airport-to-city-center/;Spain Travel Guide;Barcelona Airport to City Center: Fastest & Cheapest Ways In;The Aerobus drops you near Plaça Catalunya without transfers, the train needs one connection but costs less, and a taxi is fixed-rate but pricier at night. This guide compares getting from Barcelona airport to the city center by bus, train, and taxi on price and speed, so the first hour in Spain goes smoothly.;A black-and-white airport terminal scene with a Grups (Groups) waiting area sign and a traveler beside his luggage — Barcelona airport to city center: the fastest and cheapest way in, compared;
Amsterdam Travel Costs;1;Title top;1;Amsterdam travel costs;what we actually spent, honestly broken down;2026.08.13;1:53;https://milesandflavors.com/amsterdam-travel-costs/;Netherlands Travel Guide;Amsterdam Travel Costs: What We Actually Spent (Honest Breakdown);Every Amsterdam budget guide underestimates something — usually the bike rental or the museum combo tickets that add up fast. This Amsterdam travel costs breakdown covers hotels, food, transit, and attractions honestly, so a first-time visitor can plan a realistic Netherlands trip budget.;A red-brick Amsterdam street corner with an Amstel Bier cafe sign and striped awning — Amsterdam travel costs: what we actually spent, honestly broken down;
NYC Halloween with Kids;4;Centered;1;NYC Halloween: Best Things to Do;parade, garden + trick-or-treating;2026.08.13;19:58;https://milesandflavors.com/nyc-halloween-with-kids/;New York Travel Guide;NYC Halloween with Kids: Best Things to Do (Parade, Botanical Garden + Trick-or-Treating);Halloween in New York City means the Village Parade for adults and a completely different, kid-friendly layer underneath it — the Riverside Park Hippo Halloween Parade, the Botanical Garden's Dia de los Muertos weekend, and neighborhood trick-or-treating blocks that sell out fast. The best things to do for NYC Halloween with kids: what to book ahead and what's worth the trip with young children.;A dark sky with glowing orange storm clouds and a hazy moon over New York City — NYC Halloween: Best Things to Do, parade, garden + trick-or-treating;
NYC in October;4;Title bottom;1;NYC October: Best Things to Do;why first-timers say it's the best month;2026.08.13;21:08;https://milesandflavors.com/nyc-in-october/;New York Travel Guide;NYC in October: Why First-Timers Love It (Foliage, Halloween + What to Book);October is when a New York City trip you didn't plan carefully still turns out great — Central Park in full color, Halloween energy in the Village, and weather that finally makes walking the whole day comfortable. NYC in October: what to book ahead, what's free, and why this month converts first-timers into repeat visitors.;A Central Park path lined with vivid red, orange, and yellow fall foliage — NYC October: Best Things to Do, why first-timers say it's the best month;
Chicago Architecture Cruise;4;Title top light;1;The Chicago river cruise;the single best hour in the city;2026.08.13;21:52;https://milesandflavors.com/chicago-architecture-river-cruise/;Chicago Travel Guide;Chicago Architecture River Cruise: Why It's the Best Hour in the City;Ninety minutes on the Chicago River, looking straight up at buildings that changed how skyscrapers get designed — the Chicago architecture river cruise is the one thing nearly every first-time visitor rates as the highlight of the trip. This guide covers which cruise to book, the best time of day, and what to expect.;The Chicago River at dusk with Willis Tower and the downtown skyline reflected in the water — The Chicago river cruise: the single best hour in the city;
Chicago in November;1;Title top;1;Chicago in November: Best Things to Do;colder, quieter, and the Christkindlmarket lights up;2026.08.13;23:13;https://milesandflavors.com/chicago-in-november/;Chicago Travel Guide;Best Things to Do in Chicago in November;November in Chicago is colder and grayer than October, but it's also when the Christkindlmarket lights up and hotel prices dip before the holidays. The best things to do in Chicago in November, honestly weighed, so a first-time visitor can decide if this is the month for the trip.;Chicago's State Street decorated with holiday lights and an American flag at night — Chicago in November: Best Things to Do, colder, quieter, and the Christkindlmarket lights up;
Park Güell + Sagrada Família;4;Centered;1;Park Güell + Sagrada Família in one day;the timing trick that actually works;2026.08.14;0:15;https://milesandflavors.com/park-guell-sagrada-familia-barcelona/;Spain Travel Guide;Park Güell + Sagrada Família in One Day: The Barcelona Timing Trick;Both Gaudí sites are ticketed, both get crowded fast, and doing them back to back on the same day only works with the right timing. This guide covers how to book Park Güell and Sagrada Família in one day, what order to visit them in, and how to avoid wasting the morning in transit between the two.;Visitors on Park Güell's mosaic terrace overlooking Barcelona with Sagrada Família visible in the distance — Park Güell + Sagrada Família in one day: the timing trick that actually works;
Sagrada Família Towers Worth It;1;Title bottom;1;Sagrada Família tower tickets;worth the extra cost, or skip it?;2026.08.14;0:51;https://milesandflavors.com/sagrada-familia-towers-worth-it/;Spain Travel Guide;Sagrada Família Towers: Are the Tower Tickets Worth It?;The basic Sagrada Família ticket gets you inside the basilica — the tower ticket adds a narrow staircase, a view over Barcelona, and a genuinely different experience for a higher price. This guide weighs whether the Sagrada Família tower add-on is worth booking, and which tower gives the better view.;A close-up view looking up at Sagrada Família's ornate stone spires and stained-glass windows — Sagrada Família tower tickets: worth the extra cost, or skip it?;
Amsterdam Itinerary;4;Title top light;1;The 3-day Amsterdam route;canals, the Van Gogh Museum & the Jordaan;2026.08.14;1:46;https://milesandflavors.com/3-days-in-amsterdam/;Netherlands Travel Guide;Amsterdam in 3 Days: The Netherlands Itinerary Built Around the Canals;Amsterdam's canals at golden hour, the Rijksmuseum at 9am before the tour groups, the Jordaan's quiet backstreets. A 3-day Amsterdam Netherlands itinerary that gets the pacing right, day by day, with where to stay and what to book first. A first-timer's Amsterdam travel guide.;A canal cruise boat passing Amsterdam's Westerkerk tower at golden-hour sunset — The 3-day Amsterdam route: canals, the Van Gogh Museum & the Jordaan;
NYC in a Day;4;Title top;1;One day in New York City;the smarter first stop than Times Square;2026.08.14;20:15;https://milesandflavors.com/one-day-in-new-york/;New York Travel Guide;One Day in New York City: The Itinerary That Skips the Times Square Trap;A single day in New York City doesn't have room for a mistake — starting at Times Square burns the morning on a crowd, not a city. This one-day NYC itinerary opens on the water at the Statue of Liberty, moves through the 9/11 Memorial, and saves Times Square for when the energy actually fits, without wasting the only day you have.;A black-and-white Manhattan street scene with taxis and towering skyscrapers on either side — One day in New York City: the smarter first stop than Times Square;
Where to Stay NYC with Kids;4;Centered;1;Where to stay in NYC with kids;the neighborhoods that actually work for families;2026.08.14;20:50;https://milesandflavors.com/where-to-stay-in-nyc-with-kids/;New York Travel Guide;Where to Stay in NYC with Kids: Family-Friendly New York City Neighborhoods;A family hotel in the wrong New York City neighborhood turns every day into a 40-minute subway ride before anything fun starts. This guide to where to stay in NYC with kids compares family-friendly areas on space, subway access, and walkability, so the hotel location works with the trip instead of against it.;A New York City hotel entrance with international flags, ivy-covered walls, and flower arrangements — Where to stay in NYC with kids: the neighborhoods that actually work for families;
Chicago Family Itinerary;4;Title bottom;1;3 days in Chicago with kids;the family itinerary that doesn't overpack the day;2026.08.14;22:02;https://milesandflavors.com/chicago-family-itinerary-3-days/;Chicago Travel Guide;Chicago Family Itinerary: 3 Days in Chicago With Kids;A family trip to Chicago works best with real breathing room between the big stops — the Bean on day one, Navy Pier saved for an easy evening later in the trip, nothing crammed into a single march. This 3-day Chicago family itinerary covers where to stay, what to skip with young kids, and the pacing that actually works.;Navy Pier lit up at night with its illuminated Ferris wheel against the Chicago skyline — 3 days in Chicago with kids: the family itinerary that doesn't overpack the day;
Lincoln Park Zoo Worth It;1;Title top light;1;Lincoln Park Zoo, Chicago;free entry — but is it worth the time?;2026.08.14;22:57;https://milesandflavors.com/lincoln-park-zoo-chicago-worth-it/;Chicago Travel Guide;Lincoln Park Zoo Chicago: Is It Worth Your Time? (Free Admission Guide);Lincoln Park Zoo has no admission fee, which makes it an easy add to a Chicago itinerary — but is it actually worth the hours it takes? This guide covers what's worth seeing at Lincoln Park Zoo, how it compares to paid zoos elsewhere, and how much time it really deserves on a first Chicago trip.;A wooden lattice pavilion at Lincoln Park Zoo framing a view of the Chicago skyline — Lincoln Park Zoo, Chicago: free entry — but is it worth the time?;
Barcelona Family Itinerary;4;Title top;1;4 days in Barcelona with kids;room to breathe between the big Gaudí stops;2026.08.14;23:52;https://milesandflavors.com/barcelona-family-itinerary-4-days/;Spain Travel Guide;Barcelona Family Itinerary: 4 Days in Barcelona With Kids;A family trip to Barcelona works best with room to breathe between the big Gaudí sites — Sagrada Família paired with a beach afternoon, Park Güell paired with a slow Gràcia stroll, nothing crammed into one long march. This 4-day Barcelona family itinerary covers where to stay, what to skip with young kids, and pacing that actually works.;A mother and child looking up at the columned facade of a Barcelona government building in Plaça Sant Jaume — 4 days in Barcelona with kids: room to breathe between the big Gaudí stops;
Gothic Quarter at Night Safe;1;Centered;1;The Gothic Quarter at night;is Barcelona's old town actually safe after dark?;2026.08.15;1:01;https://milesandflavors.com/gothic-quarter-barcelona-at-night-safe/;Spain Travel Guide;Gothic Quarter at Night: Is Barcelona's Old Town Safe After Dark?;The Gothic Quarter's narrow medieval streets feel very different once the day-trip crowds clear out — quieter, atmospheric, and genuinely different from the daytime version. This guide covers what to know about the Gothic Quarter at night in Barcelona, common-sense precautions, and why the evening might be the best time to see it.;A narrow lamplit alley in Barcelona's Gothic Quarter with ornate balconies overhead at night — The Gothic Quarter at night: is Barcelona's old town actually safe after dark?;
Anne Frank House Tickets;1;Title bottom;1;Anne Frank House tickets;book weeks ahead, or you won't get in;2026.08.15;1:52;https://milesandflavors.com/anne-frank-house-tickets-guide/;Netherlands Travel Guide;Anne Frank House Tickets: Book This Far Ahead or You Won't Get In;The Anne Frank House sells out its timed-entry tickets weeks in advance during peak season, and walk-up availability is close to nonexistent. This guide covers exactly when tickets release, how far ahead to book, and what to expect inside, so a first-time visitor to Amsterdam doesn't miss one of the city's most important stops.;The dark wooden entrance door of the Anne Frank House with its small commemorative plaque — Anne Frank House tickets: book weeks ahead, or you won't get in;
Central Park with Kids;4;Title top light;1;Central Park with kids;a full day of small adventures for families;2026.08.15;20:07;https://milesandflavors.com/central-park-with-kids/;New York Travel Guide;Central Park with Kids: Zoo, Carousel, Rowboats + Best Picnic Spots;The zoo, a spin on a century-old carousel, then a rowboat out onto the Lake — Central Park turns into a full day of small adventures once kids are along for it. Sheep Meadow waits at the end for the picnic that makes the day feel unhurried. The complete Central Park with kids guide for a New York City family visit.;Canada geese beside Central Park's boating lake with rowboats and the San Remo skyline behind — Central Park with kids: a full day of small adventures for families;
Fall in New York City;4;Title top;1;NYC's Best Fall Things to Do;before the season slips by;2026.08.15;20:50;https://milesandflavors.com/fall-in-new-york-city/;New York Travel Guide;Best Things to Do in NYC This Fall (September Through November);Three months, three different versions of the same city — September still warm with Broadway's new season opening and the Feast of San Gennaro filling Little Italy, October turning gold with the Village Halloween Parade, November closing with marathon runners and Thanksgiving floats down Central Park West. The best things to do in New York City this fall, month by month, and what's worth booking ahead.;A Central Park lake framed by red and orange fall foliage with the New York City skyline beyond — NYC's Best Fall Things to Do: before the season slips by;
Willis Tower vs 360 Chicago;4;Centered;1;Chicago's two glass observation decks;which observation deck is actually worth it;2026.08.15;21:51;https://milesandflavors.com/willis-tower-skydeck-vs-360-chicago/;Chicago Travel Guide;Willis Tower Skydeck vs 360 Chicago: Which View Wins?;"One puts you on a glass ledge over a 103-story drop; the other tilts you out over the lake from the old Hancock building. Willis Tower Skydeck versus 360 Chicago, compared on price, crowds, and which Chicago observation deck actually delivers the better view for a first-time visitor.";Looking up at the tapering black facade of Chicago's John Hancock Center against the sky — Chicago's two glass observation decks: which observation deck is actually worth it;
Where to Stay Chicago with Kids;4;Title bottom;1;Where to stay in Chicago with kids;the family-friendly areas, honestly ranked;2026.08.15;23:00;https://milesandflavors.com/where-to-stay-in-chicago-with-kids/;Chicago Travel Guide;Where to Stay in Chicago with Kids: Best Family-Friendly Areas;The South Loop, the Loop, and River North each work differently for a family — space, stroller access, and how far you'll be walking with tired kids all change by neighborhood. This guide to where to stay in Chicago with kids compares the best family-friendly areas honestly, hotel by hotel.;A hotel room window framed by sheer curtains looking out at the Willis Tower and Chicago skyline — Where to stay in Chicago with kids: the family-friendly areas, honestly ranked;
Barcelona in 1 Day;4;Title top light;1;Barcelona in one day;the itinerary that fits it all in without rushing;2026.08.16;0:10;https://milesandflavors.com/barcelona-in-one-day-itinerary/;Spain Travel Guide;Barcelona in One Day: The Itinerary That Fits It All In;One day in Barcelona doesn't have room for a wasted morning — Park Güell first thing, Sagrada Família by 11am, the Gothic Quarter through the flat afternoon light, then Barceloneta for the sunset. This one-day Barcelona itinerary sequences the big sights so nothing gets cut and nothing feels rushed.;A Barcelona street leading toward the Gothic cathedral spire with cyclists riding past historic buildings — Barcelona in one day: the itinerary that fits it all in without rushing;
Camp Nou Tour Worth It;1;Title top;1;Camp Nou tour, Barcelona;worth it for a non-soccer fan?;2026.08.16;0:49;https://milesandflavors.com/camp-nou-tour-worth-it/;Spain Travel Guide;Camp Nou Tour: Is It Worth It If You Don't Follow Soccer?;Camp Nou is one of the largest stadiums in Europe, but the classic pitch-side tour is currently paused during the stadium's major renovation — replaced by an immersive museum experience instead. This guide weighs whether the current Camp Nou tour is still worth it for someone who isn't a soccer fan, ticket price included.;Camp Nou stadium illuminated at night with the FC Barcelona crest lit up on its facade — Camp Nou tour, Barcelona: worth it for a non-soccer fan?;
Amsterdam Canal Cruises;4;Centered;1;Best canal cruises in Amsterdam;which one is actually worth it;2026.08.16;1:59;https://milesandflavors.com/best-canal-cruises-in-amsterdam/;Netherlands Travel Guide;Best Canal Cruises in Amsterdam: Which One Is Actually Worth It?;A generic hop-on boat with a recorded audio guide is not the same experience as a small covered evening cruise through the quieter canals at sunset. This guide compares the best canal cruises in Amsterdam by price, route, and atmosphere, so a first-time visitor picks the one actually worth booking.;Amsterdam canal houseboats beneath autumn trees glowing in golden sunset light — Best canal cruises in Amsterdam: which one is actually worth it;
One World Observatory;1;Title top dark;1;You'll look down on the skyline;One World Observatory, NYC;2026.08.16;20:12;https://milesandflavors.com/one-world-observatory-nyc/;New York Travel Guide;Inside One World Observatory: The View Nobody Warns You About;Standing at the base of One World Trade Center, the weight of what this building means is impossible to ignore before you go up. From the 100th floor — the tallest building in the Western Hemisphere — you look down on the Empire State Building and Top of the Rock, with the Statue of Liberty and Manhattan spread below. This guide covers the 9/11 Memorial first, then the observatory, then the Oculus — the right order for a Lower Manhattan day.;;One World Observatory - fresh 0816.jpg
NYC Fall Bucket List;1;Centered;1;NYC Fall Bucket List:;An Honest First-Timer's Guide;2026.08.16;21:03;https://milesandflavors.com/nyc-fall-bucket-list/;New York Travel Guide;NYC Fall Bucket List: An Honest First-Timer's Guide;Central Park turning gold, apple orchards an hour outside the city, and the crisp air that makes fall in New York City feel like its own season entirely — this bucket list rounds up what's actually worth building a fall trip around, from the classic photo spots to the ones most visitors never find.;;NYC Fall Bucket List.jpg
Navy Pier Chicago;1;Title bottom;1;Navy Pier Chicago: Skip the Tourist Trap;What actually earns 2 hours here;2026.08.16;22:00;https://milesandflavors.com/navy-pier-chicago/;Chicago Travel Guide;The Navy Pier Mistake Most Chicago Visitors Make;Navy Pier has a tourist-trap reputation, and showing up at noon expecting a packed afternoon of paid attractions is exactly how you confirm it. The version that actually works: arrive late afternoon, walk the full length of Chicago's Navy Pier to the quiet eastern end, ride the Centennial Wheel at golden hour, and stay for the free summer fireworks over Lake Michigan. Time your visit around sunset instead of midday, and skip the parts built purely for the noon crowd.;;Navy Pier Chicago - fresh 0816.jpg
Chicago Fall Bucket List;1;Title top dark;1;Chicago Fall Bucket List:;What's Actually Worth It;2026.08.16;22:56;https://milesandflavors.com/chicago-fall-bucket-list/;Chicago Travel Guide;Chicago Fall Bucket List: What's Actually Worth It;The humidity breaks, the trees along the Riverwalk and in Millennium Park turn color, and Chicago becomes a genuinely different city to walk around in the fall. This bucket list separates the classic photo-ops from the ones most visitors never find, built for a first proper autumn trip.;;Chicago Fall Bucket List.jpg
Barcelona Itinerary;1;Title bottom;1;4 Days in Barcelona:;The Itinerary That Works;2026.08.16;23:50;https://milesandflavors.com/4-days-in-barcelona-the-perfect-itinerary/;Spain Travel Guide;4 Days in Barcelona: The Itinerary That Actually Works;Sagrada Família, the Gothic Quarter, Park Güell, and a day trip to Montserrat — four days is enough to see Barcelona properly without racing between stops. This itinerary sequences the must-sees with the neighborhoods locals actually love, so you land with a real plan instead of a scattered list.;;BarcelonaItinerary - fresh 0816.jpg
Is Leavenworth Worth It at Christmas;1;Centered light;1;Leavenworth at Christmas:;Is It Actually Worth It?;2026.08.17;1:09;https://milesandflavors.com/leavenworth-christmas-worth-it/;USA Travel Itineraries;Is Leavenworth Worth It at Christmas? An Honest Answer;A Bavarian-style village tucked into the Cascade Mountains, Leavenworth lights up for its Christkindlmarkt and Village of Lights festival every winter — but the crowds and the drive from Seattle aren't for everyone. Weigh the drive and the weekend crowds before you book, and decide if the Bavarian village earns the trip.;;Is Leavenworth Worth It at Christmas.jpg
Amsterdam in September;4;Title bottom;1;Amsterdam in September;The event everyone gets wrong;2026.08.17;2:12;https://milesandflavors.com/amsterdam-in-september/#best-things-to-do-in-amsterdam-in-september;Netherlands Travel Guide;Amsterdam in September: The Mistake Most Trip Planners Make;Amsterdam in September feels like a different city than the one everyone photographs in May — quieter Jordaan cafes, shorter canal cruise lines, and actual breathing room at the Van Gogh Museum. This travel guide breaks down September weather, what to pack, and Open Monumentendag, when historic canal houses open for free on September 12-13. One common mix-up: people plan around Amsterdam's Museum Night, but that's a November event, not a September one — worth knowing before you plan.;;amsterdam-in-september-4.jpg
NYC in November;1;Top dark;1;NYC in November;Before Winter Hits;2026.08.17;19:59;https://milesandflavors.com/nyc-in-november/;New York Travel Guide;NYC in November: The Bucket List Before Winter Hits;November in New York City sits in the sweet spot between fall color and full winter cold — quieter streets, the holiday season just starting to show in the windows, and some of the best hotel rates of the year. Prioritize Central Park's last color, the holiday windows just going up on Fifth Avenue, and hotel rates that won't return until next fall.;Looking straight up at the honeycomb staircase of The Vessel and glass skyscrapers against a pale overcast sky in New York City, with text reading ‘NYC in November: Before Winter Hits’;nyc-in-november-1.jpg
NYC Fall Foliage Day Trips;4;Bottom;1;NYC Fall Foliage Day Trips;90 Minutes Away, No Car Needed;2026.08.17;20:54;https://milesandflavors.com/nyc-fall-foliage-day-trips/#catskills-fall-foliage;New York Travel Guide;Best Fall Foliage Day Trips from NYC: No Car Needed;Central Park does real fall color, but New York City's best foliage isn't actually in the city — it's ninety minutes away by train. This guide compares the three easiest day trips: the Hudson Valley towns of Cold Spring and Beacon, reachable by Metro-North with no car required, the Catskills for dramatic mountain scenery if you're driving, and Connecticut's quieter Litchfield Hills. Includes exactly when each one peaks, because elevation changes everything and timing isn't the same everywhere.;A stone park path lined with vivid red, orange, and yellow fall foliage in dappled sunlight, with text reading ‘NYC Fall Foliage Day Trips: 90 Minutes Away, No Car Needed’;nyc-fall-foliage-day-trips-3.jpg
Chicago Free Things;1;Bottom dark;1;20 Free Things to Do in Chicago;Not a single one costs anything;2026.08.17;21:45;https://milesandflavors.com/20-free-things-to-do-in-chicago/;Chicago Travel Guide;20 Things to Do in Chicago That Won't Cost You a Dime;Lincoln Park Zoo is free. Cloud Gate is free. All 26 miles of Chicago's lakefront are free. This city has more world-class free experiences than almost anywhere else in the US, and most visitors never find half of them. This guide covers 20 actually free things to do in Chicago — the Riverwalk, Milton Lee Olive Park at sunset, the Tiffany glass domes at the Cultural Center, Pilsen's murals — organized by neighborhood so you can build entire free days in the city.;The Chicago skyline including the John Hancock Center reflected across a calm Lincoln Park lagoon, framed by fall-colored trees, with text reading ‘20 Free Things to Do in Chicago: Not a single one costs anything’;fresh_20260817.jpg
Thanksgiving in Chicago;1;Bottom light;1;Thanksgiving in Chicago;What's Open, What's Worth It;2026.08.17;23:08;https://milesandflavors.com/thanksgiving-in-chicago/;Chicago Travel Guide;Thanksgiving in Chicago: What's Open and What's Worth It;Chicago doesn't shut down for Thanksgiving the way some cities do — the Thanksgiving Parade runs downtown, restaurants stay open for the holiday, and the Magnificent Mile Lights Festival often lands the same week. Check the parade route and the Lights Festival dates before you book, and decide if the trip is worth the cold.;Two scarecrow decorations, pumpkins, cornstalks, and mums arranged on a downtown Chicago plaza with skyscrapers rising behind, with text reading ‘Thanksgiving in Chicago: What’s Open, What’s Worth It’;thanksgiving-in-chicago-1.jpg
Chicago Itinerary;1;Bottom;1;3 Days in Chicago;The Itinerary That Works;2026.08.17;23:50;https://milesandflavors.com/3-days-in-chicago-itinerary/;Chicago Travel Guide;3 Days in Chicago: The Itinerary That Actually Works;Cloud Gate, the architecture river cruise, deep-dish pizza, and the Riverwalk — three days is the sweet spot for a first Chicago trip. This itinerary sequences the essentials so you're not backtracking across downtown, with a realistic pace instead of a checklist that burns you out by day two.;Cloud Gate dusted with the season’s first snow and framed by red and orange fall foliage in Millennium Park, Chicago, with text reading ‘3 Days in Chicago: The Itinerary That Works’;fresh_20260817.jpg
25 Best Things NYC;1;Bottom dark;1;NYC Bucket List;25 Things Worth Your Time;2026.08.18;0:28;https://milesandflavors.com/25-best-things-to-do-in-nyc/;New York Travel Guide;NYC Bucket List: 25 Things Worth Your Time;Icons, neighborhoods, and the experiences that actually live up to the hype — 25 of the best things to do in New York City, ranked honestly for first-time visitors. From skyline views and Central Park to the food and free spots locals love, with tips on what's worth it and what to skip.;A golden-hour aerial view of the Empire State Building rising above the Manhattan skyline in New York City, with text reading ‘NYC Bucket List: 25 Things Worth Your Time’;fresh_20260817.jpg
Casa Batlló Gaudí Trail;1;Bottom dark;1;Inside Casa Batlló's Blue Courtyard;The Full Gaudí Trail Guide;2026.08.18;1:07;https://milesandflavors.com/casa-batllo-gaudi-trail-barcelona/;Spain Travel Guide;Inside Casa Batlló: Barcelona's Most Theatrical Gaudí Building;The facade alone stops people mid-stride on Passeig de Gràcia — blue and green ceramic scales, balconies shaped like bone, a roofline that reads as a dragon's back in the right light. Time your visit for late afternoon to catch the rooftop light, and walk the full Block of Discord before choosing which building to go inside.;Looking up at Casa Batlló’s blue ceramic-tiled interior courtyard in Barcelona, with text reading ‘Inside Casa Batlló’s Blue Courtyard: The Full Gaudí Trail Guide’;fresh_20260817.jpg
NYC at Christmas;1;Bottom;1;NYC at Christmas;Honestly, most of it is free;2026.08.18;20:10;https://milesandflavors.com/nyc-at-christmas/;New York Travel Guide;NYC at Christmas: What Nobody Tells You Is Free;New York at Christmas looks like a movie set, and it also looks expensive — but here's what most guides won't tell you: a lot of the magic costs nothing. The Rockefeller tree, the Fifth Avenue windows, the holiday markets, and the Dyker Heights lights in Brooklyn are all free to see. This guide covers what's actually worth paying for, and why the first two weeks of December beat Christmas week for crowds.;The Rockefeller Center Christmas tree lit up above the ice rink and gilded Prometheus statue in New York City, with skaters and crowds below, with text reading ‘NYC at Christmas: Honestly, most of it is free’;nyc-at-christmas-2.jpg
Chicago at Christmas (refresh);1;Bottom light;1;Chicago at Christmas;Glühwein, lights, and a free ice rink;2026.08.18;21:49;https://milesandflavors.com/chicago-at-christmas/;Chicago Travel Guide;Chicago at Christmas Is the Holiday City Nobody Talks About;You walk out of the warm glow of Christkindlmarket clutching a mug of Glühwein, breath visible in the cold air, lights strung across the buildings above you — this is exactly what Christmas in Chicago feels like. Build the trip around Daley Plaza's Christkindlmarket, the free ice rink at Millennium Park, ZooLights, and the Magnificent Mile Lights Festival, and book your hotel before peak December prices hit.;A lit Christmas tree glowing at night in a Chicago park with the downtown skyline behind it and crowds walking past, with text reading ‘Chicago at Christmas: Glühwein, lights, and a free ice rink’;chicago-at-christmas-1.jpg
Chicago Hop-On Hop-Off;1;Top dark;1;Chicago Hop-On Hop-Off: Worth It?;The honest answer, before you book;2026.08.18;23:06;https://milesandflavors.com/chicago-hop-on-hop-off/;Chicago Travel Guide;Is the Chicago Hop-On Hop-Off Bus Actually Worth It?;The Chicago hop-on hop-off bus covers all the right stops — Millennium Park, Navy Pier, the Magnificent Mile, Willis Tower — on one ticket, but a 3.9-star average across thousands of reviews tells its own story. This honest guide breaks down who should buy the Chicago sightseeing bus as a first-day orientation tool, who's better off with the CTA and walking instead, and the tips that make the ride worth it if you do book one. Know before you spend the money.;A red Big Bus Chicago open-top double-decker sightseeing bus driving past the Wrigley Building on the Chicago River, with text reading ‘Chicago Hop-On Hop-Off: Worth It? The honest answer, before you book’;chicago_hop_on_bus.png
Barcelona at Christmas;1;Bottom light;1;Barcelona at Christmas;Mild, Not Freezing, in December;2026.08.19;0:11;https://milesandflavors.com/barcelona-at-christmas/;Spain Travel Guide;Barcelona at Christmas: Mild Days, Century-Old Markets, No Heavy Coat;While Chicago and New York are buried in freezing winter, Barcelona in December sits at a mild 59°F (15°C) during the day — proper light-jacket weather with Christmas markets everywhere you look. The Fira de Santa Llúcia has been running in front of the Cathedral since 1786, the Sagrada Família gets its own market from late November, and the Kings' Market carries the season through early January.;Strings of warm Christmas lights hung across a narrow historic street in Barcelona's Call quarter at night, with text reading ‘Barcelona at Christmas: Mild, Not Freezing, in December’;barcelona-at-christmas-2.jpg
Leavenworth Christmas Itinerary;1;Bottom light;1;Leavenworth Christmas;The Full Itinerary;2026.08.19;0:56;https://milesandflavors.com/leavenworth-christmas-itinerary/;USA Travel Itineraries;Leavenworth Christmas Itinerary: How to Spend the Trip;Between the Christmas market stalls, the Bavarian architecture, and the lighting festival that draws crowds from across Washington, Leavenworth fills a trip faster than it looks on a map. Sequence the market stalls, the Bavarian streets, and the lighting festival so you're not backtracking through the same three blocks twice.;A Bavarian-style building in Leavenworth, Washington decorated with Christmas lights and garlands, with American and German flags on the balcony, with text reading ‘Leavenworth Christmas: The Full Itinerary’;leavenworth-christmas-itinerary-1.jpg
NYC Hidden Gems;1;Top;1;NYC Hidden Gems;Off the Beaten Path;2026.08.19;1:28;https://milesandflavors.com/nyc-hidden-gems/;New York Travel Guide;NYC Hidden Gems: Off-the-Beaten-Path New York;Past the Empire State Building and Times Square, New York has a second city most visitors never find — quiet parks, neighborhood bars, and views nobody's fighting you for. The specific spots worth seeking out, the kind of New York a local would actually show a friend.;Little Island's tiered wooden amphitheater seating and sculptural concrete piers on the Hudson River at sunset, with the Manhattan skyline glowing in the distance, with text reading ‘NYC Hidden Gems: Off the Beaten Path’;little_island_nyc.jpg
Amsterdam at Christmas;1;Bottom light;1;Amsterdam at Christmas;The markets nobody mentions;2026.08.19;2:00;https://milesandflavors.com/amsterdam-at-christmas/;Netherlands Travel Guide;Amsterdam at Christmas: Ice Villages, Markets, and Canal Lights;Amsterdam in December turns the Museumplein into a free Christmas village right in front of the Rijksmuseum, with dozens of stalls and a skating rink (entry extra) circling under string lights. Add the Amsterdamse Winterparadijs at RAI running from mid-December into the new year, plus the smaller, more local Funky Xmas Market at Westergasfabriek, and the city has a genuinely cozy Christmas season most visitors never plan around. Build your Amsterdam Christmas trip around these three, then fill in the rest once you're there.;A lit Christmas tree on a bridge over an Amsterdam canal at night, with historic canal houses and string lights reflected in the water, with text reading ‘Amsterdam at Christmas: The markets nobody mentions’;amsterdam-at-christmas-1.jpg
NYC in September;1;Bottom dark;1;NYC in September;The Month Before the Crowds;2026.08.19;20:14;https://milesandflavors.com/nyc-in-september/;New York Travel Guide;NYC in September: The Month Locals Quietly Prefer Over October;New York in August is a city trying to survive itself — then September arrives and the whole place exhales. This month gets you warm enough weather for rooftop bars and outdoor dining, the US Open in full swing in Queens, a fresh Broadway season starting, and hotel rates that haven't caught up to October's fall-foliage demand yet. This New York City travel guide covers the weather, the events calendar, and exactly why September might beat October for your trip.;A golden-hour aerial view of the Manhattan skyline with the Empire State Building silhouetted against an orange sunset sky, with text reading ‘NYC in September: The Month Before the Crowds’;fresh_20260819.jpg
Empire State vs Top of the Rock;1;Top dark;1;Empire State vs Top of the Rock;Which View Actually Wins?;2026.08.19;20:55;https://milesandflavors.com/empire-state-building-vs-top-of-the-rock/;New York Travel Guide;Empire State Building vs Top of the Rock: Which NYC View Wins?;Two of Manhattan's most famous observation decks answer completely different questions. Top of the Rock puts the Empire State Building right in your skyline photo with Central Park behind it, while the Empire State Building itself gives you the Art Deco lobby and the open-air 86th floor deck everyone recognizes from the movies. This New York City guide compares both by view, price, and time of day — and whether one trip can fit both.;A clear-day aerial view over Manhattan looking uptown from an observation deck, with the Empire State Building rising above the skyline, with text reading ‘Empire State vs Top of the Rock: Which View Actually Wins?’;fresh_20260819.jpg
O'Hare to Downtown;2;Bottom dark;1;O'Hare to Downtown Chicago;The $5 fare nobody warns you about;2026.08.19;22:13;https://milesandflavors.com/ohare-to-downtown-chicago/;Chicago Travel Guide;The O'Hare to Downtown Chicago Trick Nobody Mentions;The CTA Blue Line runs straight from O'Hare to downtown Chicago, and everyone says it's the cheapest way in — but boarding at the airport itself carries a special $5 fare, not the regular $2.50 rail fare most guides quote. This guide compares the Blue Line, rideshare, taxi, and hotel shuttle options for getting from O'Hare to downtown Chicago, with real costs, timing, and the one pass that gets around the airport surcharge entirely.;A Chicago elevated 'L' train crossing an iron trestle between downtown high-rises, with text reading ‘O’Hare to Downtown Chicago: The $5 Fare Nobody Warns You About’;fresh_20260819.jpg
Chicago Bucket List;1;Top dark;1;25 Best Things to Do in Chicago;An Honest First-Timer List;2026.08.19;23:10;https://milesandflavors.com/chicago-bucket-list-25-best-things-to-do/;Bucket list destinations;25 Best Things to Do in Chicago: An Honest First-Timer List;Cloud Gate at Millennium Park, an architecture boat tour, deep-dish pizza, the Willis Tower Skydeck, and the Riverwalk at golden hour — 25 things that actually live up to the hype in a city most people underestimate before they go and almost nobody does after. This bucket list ranks what's genuinely worth your time, built into one Chicago travel guide for a first trip that doesn't waste a single day.;The Navy Pier Centennial Wheel lit up at dusk against the Chicago skyline including the John Hancock Center, with text reading ‘25 Best Things to Do in Chicago: An Honest First-Timer List’;fresh_20260819.jpg
Barcelona Free Things;1;Bottom dark;1;Barcelona Without Spending a Euro;20 Genuinely Free Things to Do;2026.08.19;23:59;https://milesandflavors.com/free-things-to-do-in-barcelona/;Spain Travel Guide;20 Free Things to Do in Barcelona (Yes, Even Sagrada Família's Exterior);Barcelona isn't a cheap city, but the free experiences can genuinely carry a whole day — the Gothic Quarter costs nothing to wander, and the Montjuïc viewpoints beat plenty of paid observation decks we've visited elsewhere. Check the free-entry museum windows before you plan your days, and let Barceloneta beach and the Modernista facades fill the rest for nothing.;The ornate stone Bishop's Bridge (Pont del Bisbe) arching over a narrow street in Barcelona's Gothic Quarter, a free public spot to walk through, with text reading ‘Barcelona Without Spending a Euro: 20 Genuinely Free Things to Do’;gothic-bridge-1.jpg
Best Florida Christmas Towns;1;Bottom light;1;Florida's Best Christmas Towns;Which One Is Worth It;2026.08.20;0:57;https://milesandflavors.com/best-florida-christmas-towns/;USA Travel Itineraries;Best Florida Christmas Towns: Which One Is Worth the Trip;Florida doesn't get snow, but towns like St. Augustine and Mount Dora go all-in on Christmas anyway, with millions of lights strung through historic streets. Compare St. Augustine's Nights of Lights against Mount Dora's smaller-town charm before deciding which drive is worth it.;Palm trees wrapped in blue Christmas lights along Ocean Drive in Miami Beach, Florida, with glowing Art Deco buildings at night, with text reading ‘Florida’s Best Christmas Towns: Which One Is Worth It’;best-florida-christmas-towns-1.jpg
Amsterdam in October;2;Bottom dark;1;Amsterdam in October;One week changes everything;2026.08.20;1:51;https://milesandflavors.com/amsterdam-in-october/;Netherlands Travel Guide;Amsterdam in October vs. ADE Week: Know Before You Book;October in Amsterdam means golden leaves along the canals, cooler air, and a noticeably calmer museum pace than summer — right up until Amsterdam Dance Event takes over the city October 21-25, 2026. This guide covers October weather, fall foliage in Vondelpark, and exactly why checking your dates against the ADE calendar matters before booking a hotel. Outside that week, it's one of the more comfortable months for a first Amsterdam trip, rain jacket included.;An Amsterdam canal lined with golden autumn trees leading to the Basilica of Saint Nicholas, with a stone bridge and swans on the water, with text reading ‘Amsterdam in October: One Week Changes Everything’;fresh_20260819.jpg
Macy’s Thanksgiving Day Parade 2026;1;Title top;1;Macy's Parade 2026, NYC;100 years. One big parade.;2026.08.20;19:46;https://milesandflavors.com/macys-thanksgiving-day-parade-2026/;New York Travel Guide;Macy's Thanksgiving Day Parade Turns 100 in 2026 — Plan Now;2026 marks the 100th anniversary of the Macy's Thanksgiving Day Parade in New York City, and a milestone year means bigger crowds than usual along the route. Decide early between a free curbside spot or streaming it from somewhere warm — the good spots fill up fastest in an anniversary year.;;snoopy-balloon-nyc-parade.jpg
Thanksgiving in NYC;1;Centered;1;Thanksgiving in NYC;Is It Actually Worth It?;2026.08.20;20:52;https://milesandflavors.com/thanksgiving-in-nyc/;New York Travel Guide;Thanksgiving in NYC: Is It Actually Worth It?;Half the city closes for Thanksgiving and half of it puts on its biggest show of the year — knowing which half you're walking into makes all the difference. Check what's actually open before you book anything, and decide if the parade and the empty streets are worth flying in for.;;one-world-trade-nyc-skyline.jpg
Chicago Christmas Itinerary;1;Title bottom;1;A Chicago Christmas, Day by Day;The itinerary for the holiday city;2026.08.20;21:49;https://milesandflavors.com/chicago-christmas-itinerary/;Chicago Travel Guide;Planning a Chicago Christmas Trip? Start With This Itinerary;Christkindlmarket, free ice skating in front of Cloud Gate, ZooLights at Lincoln Park Zoo, and the Magnificent Mile all lit up for the season — Chicago packs an enormous amount of holiday magic into a walkable downtown. This itinerary maps out exactly how to sequence the market, the skating rink, the lights, and the free-versus-paid moments across your days in the city, so a Chicago Christmas trip feels planned instead of improvised in the cold.;;chicago-theatre-marquee-snow.jpg
Barcelona in October;2;Title top light;1;Barcelona in October;The Trade-Off Nobody Mentions;2026.08.20;22:57;https://milesandflavors.com/barcelona-in-october/;Spain Travel Guide;Barcelona in October: Fewer Crowds, Lower Prices, More Rain;Barcelona in October is the trip most people accidentally stumble into and then can't stop recommending — mild days, noticeably thinner lines at Sagrada Família, and hotel prices that often drop below August. The one thing nobody mentions upfront: October is one of Barcelona's wettest months. This guide covers the weather, the crowds, what you actually save, and what to pack so both facts work for you.;;Barcelona in October.jpg
Barcelona Christmas Itinerary;1;Title top;1;2-Day Barcelona Christmas Itinerary;A Practical Day-by-Day Plan;2026.08.20;23:50;https://milesandflavors.com/barcelona-christmas-itinerary/;Spain Travel Guide;2 Days in Barcelona at Christmas: A Practical Holiday Itinerary;Two days in Barcelona built around the city's centuries-old Christmas markets and unusually mild December weather — a genuine alternative to another freezing winter city break. This itinerary splits the time between the Christmas markets at the Cathedral and Sagrada Família, the classic Gaudí sights, and the neighborhoods that feel best lit up for the season, so you land with an actual day-by-day plan instead of a list of ideas.;;barcelona-alley-string-lights.jpg
Amsterdam Christmas Itinerary;1;Centered;1;Amsterdam Christmas Itinerary;2-3 days, mapped out;2026.08.21;1:11;https://milesandflavors.com/amsterdam-christmas-itinerary/;Netherlands Travel Guide;The Perfect Amsterdam Christmas Itinerary: 2-3 Days, Planned Out;Amsterdam at Christmas has enough going on — ice villages, canal-side markets, string lights over the water — that a first-timer needs a plan, not a wish list. This itinerary lays out how to spend 2-3 days in Amsterdam over the holidays, pacing the big markets and free ice rink against the museums and canals you'd want on any trip, so nothing gets rushed and nothing gets missed. A practical starting point for your own version.;;amsterdam-evening-street-lights.jpg
Disney World Christmas Worth It;1;Title bottom;1;Disney World at Christmas;Is It Actually Worth It?;2026.08.21;2:14;https://milesandflavors.com/disney-world-christmas-worth-it/;USA Travel Itineraries;Is Disney World Worth It at Christmas? An Honest Answer;Walt Disney World goes all out for the holidays — the parks decorated, Mickey's Very Merry Christmas Party running select nights, and crowds to match. Weigh the extra cost and the crowds against what the season actually adds, before deciding if it's the right time to go.;;cinderella-castle-christmas-night.jpg
NYC Family Itinerary;1;Title top light;1;5 Days in NYC with Kids;Paced for kids, not checklists;2026.08.21;20:06;https://milesandflavors.com/nyc-family-itinerary-5-days/;New York Travel Guide;5 Days in NYC with Kids: The Itinerary That Actually Works;New York with kids works better than most parents expect, but only if you stop running the adult version of the itinerary with kids attached. This five-day plan is paced for nap schedules and short attention spans: Empire State Building and Central Park on day one, the American Museum of Natural History on day two, a lighter Brooklyn day with DUMBO and Brooklyn Bridge Park, the Statue of Liberty ferry, and a slow final morning. Grouped by neighborhood, with built-in rest.;;NYC Family Itinerary.jpg
NYC Christmas Itinerary;1;Title top;1;NYC Christmas, Day by Day;A plan for every short winter day;2026.08.21;21:11;https://milesandflavors.com/nyc-christmas-itinerary/;New York Travel Guide;NYC Christmas Itinerary: A Day-by-Day Plan That Actually Works;A Christmas trip to New York City can turn into a scattered list of things you never quite fit in unless you plan it day by day. This itinerary lays out a focused 2 to 3 day route through the city's holiday season — the tree, the windows, the markets, and everything else — grouped so you're not backtracking across Midtown in the cold. Built for first-timers who want the classic New York Christmas without wasting a single short winter daylight hour.;;radio-city-christmas-tree.jpg
Art Institute Free Days;2;Centered;1;The Art Institute of Chicago Isn't Free for Tourists;The residency catch nobody mentions;2026.08.21;22:09;https://milesandflavors.com/art-institute-chicago-free-days/;Chicago Travel Guide;The Art Institute of Chicago 'Free Day' Mistake Tourists Make;Search for Art Institute of Chicago free days and you'll find plenty of pages listing the free hours — without mentioning the detail that actually matters if you're visiting from out of state: those windows are for Illinois residents only, proof of residency required. This guide covers exactly who gets in free any day, what general admission actually costs if you don't qualify, the real hours, and how to plan a visit without chasing a discount you can't use.;;Art Institute Free Days.jpg
Chicago Riverwalk Free Things;2;Title bottom;1;Chicago's Free Riverwalk;Skyline views without the boat ticket;2026.08.21;23:05;https://milesandflavors.com/chicago-riverwalk-free-things-to-do/;Chicago Travel Guide;The Free Chicago Walk Most Tourists Rush Past;Most first-timers walk past the Chicago Riverwalk on the way to somewhere else — Navy Pier, dinner, the Loop — without realizing the walkway itself is one of the best free things to do in the city. Walk all six blocks of the Riverwalk yourself — the shaded stepped seating, the floating wetland gardens, the free ART on THE MART light show, and skyline views most tourists only see from a paid boat cruise. No ticket, no timed entry, just the water and the skyline.;;chicago_riverwalk.png
Barcelona Bucket List;1;Title top light;1;20 Best Things to Do in Barcelona;An Honest First-Timer List;2026.08.21;23:56;https://milesandflavors.com/barcelona-bucket-list/;Bucket list destinations;20 Best Things to Do in Barcelona: An Honest First-Timer List;Gaudí's Sagrada Família and Casa Batlló, the Gothic Quarter's tangled alleys, La Boqueria Market, and a Montserrat day trip — the 20 things that actually live up to the hype, ranked honestly after four real days in Barcelona. This bucket list separates what's genuinely worth your time and money from what just looks good in photos, built into one Barcelona travel guide for planning a first trip without missing what matters.;;park-guell-mosaic-tower.jpg
Barcelona in November;2;Title top;1;Barcelona's Cheapest Month;It's Not the One You'd Think;2026.08.22;1:15;https://milesandflavors.com/barcelona-in-november/;Spain Travel Guide;The Cheapest Month to Visit Barcelona Isn't the One You'd Guess;Barcelona in November sits in the cheapest hotel season of the year, with recent price data often putting rates roughly 40% below the May peak — and it's usually drier than October too. The trade-off is real: cool days, a Mediterranean that's basically done being swimmable, and shorter daylight. This guide breaks down the weather, the savings, and whether a November Barcelona trip is actually worth it.;;fresh_20260807-1.jpg
Amsterdam Bucket List;2;Centered;1;25 Best Things to Do in Amsterdam;An Honest First-Timer List;2026.08.22;1:54;https://milesandflavors.com/amsterdam-bucket-list/;Bucket list destinations;25 Best Things to Do in Amsterdam: An Honest First-Timer List;A canal cruise through 17th-century merchant houses, the Anne Frank House booked weeks ahead, a walk through the Jordaan, and the Rijksmuseum or Van Gogh Museum if you have the stamina — 25 things ranked and organized so you know what to prioritize instead of drowning in options. This bucket list cuts through Amsterdam's endless list of worthwhile things, built into one honest first-timer's guide.;;matheo-jbt-3vQXi_i0P4w-unsplash.jpg
Brooklyn Best Things to Do;1;Title bottom;1;Best Things to Do in Brooklyn;An Honest First-Timer List;2026.08.22;20:03;https://milesandflavors.com/best-things-to-do-in-brooklyn/;Bucket list destinations;Best Things to Do in Brooklyn: An Honest First-Timer List;The Brooklyn Bridge walk at sunrise, DUMBO's Washington Street photo spot, golden hour at Brooklyn Bridge Park, and a food tour through neighborhoods that still feel lived-in — Brooklyn used to be the side trip squeezed between Manhattan's main events, and for most first-timers, it's now the part of the trip that actually stays with them. Give it at least a half-day — most first-timers wish they'd blocked out longer.;;Brooklyn Best Things to Do.jpg
NYC Christmas Market;1;Title top light;1;NYC Christmas Markets;Which One Is Worth It;2026.08.22;21:14;https://milesandflavors.com/nyc-christmas-market/;New York Travel Guide;NYC Christmas Market: Which One Is Actually Worth Your Time;New York City runs several holiday markets at once, from Bryant Park's ice rink and stalls to smaller neighborhood pop-ups, and they are not all created equal. Compare the crowds and the actual shopping at each one before picking where to spend your one holiday afternoon.;;rockefeller-center-christmas-tree.jpg
Chicago in October;2;Title top;1;Chicago in October;Fall color, fewer crowds, one date to dodge;2026.08.22;21:58;https://milesandflavors.com/chicago-in-october/;Chicago Travel Guide;Chicago in October: Fall Color, Thinner Crowds, One Weekend to Avoid;October is the month Chicago stops fighting the weather and starts working with it — the humidity is gone, the trees in Millennium Park turn color, and the summer tourist crowd thins out fast. This guide to Chicago in October covers real temperatures, what to pack, the Chicago Marathon weekend that spikes hotel prices citywide, and the events — Open House Chicago, Halloween parades, the Botanic Garden's Night of 1,000 Jack-o'-Lanterns — worth building a trip around.;;Chicago in October.jpg
Chicago in September;1;Centered;1;Chicago in September;Warm days, thin crowds, lower rates;2026.08.22;22:48;https://milesandflavors.com/chicago-in-september/;Chicago Travel Guide;Why Chicagoans Say September Is the Best Month to Visit;Ask enough locals when to visit Chicago and September comes up more than any other month — the lake can still feel like summer, hotel rates soften after the July peak, and the free Chicago Jazz Festival brings live music to Millennium Park over Labor Day weekend. Check the real September weather numbers and festival dates before you pack, then build the trip around the architecture cruise, the Riverwalk, and North Avenue Beach — all simply better this time of year.;;Chicago in September.jpg
Barcelona in September;1;Title bottom;1;Barcelona in September;Warm, Quieter, One Big Festival;2026.08.22;23:49;https://milesandflavors.com/barcelona-in-september/;Spain Travel Guide;Why September Might Be the Best Month to Visit Barcelona;August is the month locals leave Barcelona — the heat sits near unbearable and half the neighborhood restaurants close for vacation. Then September arrives, the locals come home, and the city goes back to being Barcelona. Check the September weather and La Mercè festival dates (September 24) before booking, and expect the Sagrada Família crowds to finally feel manageable.;;Barcelona in September.jpg
Casa Milà vs Casa Batlló;2;Title top light;1;Two Barcelona Gaudí Houses, One Choice;Which Barcelona Icon Wins?;2026.08.23;0:45;https://milesandflavors.com/casa-mila-vs-casa-batllo/;Spain Travel Guide;Casa Milà vs Casa Batlló: Which Gaudí House Should You Visit?;Casa Milà and Casa Batlló sit five minutes apart on Passeig de Gràcia, both designed by Gaudí, and both start around the same ticket price — which makes the decision harder, not easier. This side-by-side guide compares the theatrical, tech-forward Casa Batlló against the quieter, more sculptural Casa Milà rooftop, so you know exactly which one to book if you only have time for one.;;Casa Mila vs Casa Batllo.jpg
Amsterdam Light Festival;1;Title top;1;Amsterdam Light Festival;Nov 26 - Jan 17, don't miss it;2026.08.23;1:53;https://milesandflavors.com/amsterdam-light-festival/;Netherlands Travel Guide;Amsterdam Light Festival: The 2-Hour Canal Walk Worth Planning For;Every winter, Amsterdam's canals turn into an open-air art gallery for the Amsterdam Light Festival, with the 2026-2027 edition running November 26 through January 17. The signature Water Colors route follows the water for about 4-5 kilometers, roughly two hours on foot, past illuminated installations you won't see any other time of year — and an evening canal cruise turns the same route into a completely different, sit-down experience. Here's how to plan around it.;;amsterdam-light-festival-1.jpg
NYC Halloween with Kids;1;Centered;1;NYC Halloween with Kids;The parade isn't for toddlers;2026.08.23;19:54;https://milesandflavors.com/nyc-halloween-with-kids/;New York Travel Guide;NYC Halloween with Kids: Skip This, Do That Instead;The Village Halloween Parade is genuinely one of the best things to do in New York in October, but it's a crowded after-dark event built for a general audience, not a five-year-old in a dinosaur costume. This guide covers the real kid-friendly version: Riverside Park's daytime Hippo Halloween Parade, the best trick-or-treating streets on the Upper West Side and in brownstone Brooklyn, and exactly how much of the big evening parade a young family can actually handle.;;brownstone-halloween-decorations.jpg
Rockefeller Center vs Bryant Park Ice Skating;1;Title bottom;1;Rockefeller vs Bryant Park, NYC;Two rinks. One right answer.;2026.08.23;21:02;https://milesandflavors.com/rockefeller-center-vs-bryant-park-ice-skating/;New York Travel Guide;Rockefeller Center vs Bryant Park Ice Skating: Which Rink Wins?;Two of New York City's most famous ice rinks sit less than a mile apart, and every winter visitor ends up asking the same question: which one is actually worth it? Rockefeller Center gives you the tree, the skyline, and the postcard moment everyone recognizes, while Bryant Park has its own devoted following and a very different atmosphere. Compare the atmosphere, the price, and the crowd at each before you pick — they're closer in distance than they are in experience.;;rockefeller-center-vs-bryant-park-ice-skating-1.jpg
Chicago in December;1;Title top light;1;Chicago in December;Cold, romantic, and worth the layers;2026.08.23;21:46;https://milesandflavors.com/chicago-in-december/;Chicago Travel Guide;What Chicago in December Actually Feels Like (And How to Dress For It);December in Chicago means real cold — wind chill off Lake Michigan is not a myth — but it's also what makes the season feel like Christmas: mulled wine steaming in the cold air, lights strung over the river, couples walking the Riverwalk in matching coats. Pack for real cold, and save the romantic, low-key spots for once November's holiday kickoff crowds settle down.;;chicago-in-december-1.jpg
Is Christkindlmarket Worth It;1;Title top;1;Christkindlmarket Chicago;Is It Actually Worth It?;2026.08.23;23:09;https://milesandflavors.com/christkindlmarket-chicago-worth-it/;Chicago Travel Guide;Is Christkindlmarket Worth It? An Honest Answer;Chicago's Christkindlmarket is the city's biggest holiday draw, packed with mulled wine stalls and imported ornaments in Daley Plaza — but it's also crowded, cold, and not everyone leaves impressed. Time your visit for a weekday evening, and decide for yourself if the mulled wine and stalls earn the crowds.;;christkindlmarket-chicago-worth-it-1.jpg
Barcelona in December;1;Centered;1;Barcelona in December;Milder Than You'd Expect;2026.08.24;0:05;https://milesandflavors.com/barcelona-in-december/;Spain Travel Guide;Barcelona in December: Is It Better Than Madrid for a Winter Trip?;December in Barcelona stays mild by European winter standards — daytime temperatures sitting around 59°F (15°C), a real counterpoint to the freezing cold most people picture for a December city break. Check how Barcelona actually compares to Madrid for a winter trip, and whether the mild December weather makes it work for a family visit too.;;barcelona-in-december-1.jpg
La Boqueria Market Tourist Trap;2;Title bottom;1;Barcelona's Hidden La Boqueria;Most Tourists Never Find It;2026.08.24;1:06;https://milesandflavors.com/la-boqueria-market-tourist-trap/;Spain Travel Guide;The Mistake Most Tourists Make at La Boqueria Market in Barcelona;La Boqueria splits into two markets sharing one roof — the first rows off Las Ramblas sell overpriced fruit cups and pre-made snacks to whoever walks in, which is exactly the tourist-trap version everyone warns you about. Walk past those first rows and you'll find a genuine working food market with butchers, fishmongers, and proper counter meals — where locals actually shop and what's genuinely worth eating.;;La Boqueria Market Tourist Trap.jpg
Rijksmuseum vs Van Gogh Museum;2;Title bottom light;1;Amsterdam: Rijksmuseum or Van Gogh Museum?;How to actually decide;2026.08.24;1:50;https://milesandflavors.com/rijksmuseum-vs-van-gogh-museum/;Netherlands Travel Guide;Rijksmuseum vs. Van Gogh Museum: Which One If You Only Pick One;"Both museums sit minutes apart on Amsterdam's Museumplein, both charge €25, and both need a timed-entry ticket — but they're not really competing for the same visit. The Rijksmuseum covers 800 years of Dutch art and history built around Rembrandt's The Night Watch; the Van Gogh Museum is a tighter, more emotional walk through one artist's life and letters. This guide compares hours, crowds, and how to fit both into a single Amsterdam day.";;rijksmuseum-facade-fountain.jpg
Where to Stay NYC with Kids;1;Title top;1;Best Family Bases in NYC;15 minutes decides the whole day;2026.08.24;19:55;https://milesandflavors.com/where-to-stay-in-nyc-with-kids/;New York Travel Guide;Where to Stay in NYC with Kids: The Family Hotel Guide;The hotel decision matters more with kids than it does solo — an extra fifteen minutes on the subway is the difference between a nap that happens and a meltdown that doesn't. Compare the Upper West Side (between Central Park and the Natural History Museum) against Midtown for walkable convenience and Brooklyn for value, and know what to actually look for in a family hotel room before you book.;;Where to Stay NYC with Kids.jpg
NYC in October;1;Centered;1;The Month NYC Turns Gold;18 things to do in NYC in October;2026.08.24;20:46;https://milesandflavors.com/nyc-in-october/;New York Travel Guide;NYC in October: 18 Things Worth Planning a Trip Around;October in New York does something no other month quite manages — it makes the city feel more alive and more livable at once. The summer crowds thin out, Central Park turns amber and gold, and the calendar fills with events that only happen now: New York Comic Con, the Wine & Food Festival, Open House New York Weekend, and the Village Halloween Parade. This guide covers all 18 things worth building an October trip around, plus exactly where the foliage peaks.;;NYC in October.jpg
Lincoln Park Zoo Worth It;2;Title bottom;1;Is Chicago's Lincoln Park Zoo Worth It?;Free, in Chicago — but is it enough?;2026.08.24;22:04;https://milesandflavors.com/lincoln-park-zoo-chicago-worth-it/;Chicago Travel Guide;Is Lincoln Park Zoo Actually Worth Your Chicago Time?;Lincoln Park Zoo shows up on almost every Chicago itinerary for one reason: it's free, no ticket and no reservation required. But free isn't the same as worth the hours it takes. This honest guide covers what's actually there, how the free Chicago zoo compares to the much bigger paid Brookfield Zoo, how much time it genuinely deserves, and how to get there without losing part of your visit to an expensive parking lot.;;Lincoln Park Zoo Worth It.jpg
Chicago in November;2;Title top light;1;Chicago in November — Quiet or Festive?;Two very different trips, one month;2026.08.24;22:51;https://milesandflavors.com/chicago-in-november/;Chicago Travel Guide;Chicago in November Is Really Two Different Trips — Which One Do You Want?;For the first three weeks, November in Chicago is genuine off-season: thin crowds, cold weather, and some of the lowest hotel rates of the year. Then Thanksgiving week hits and the Magnificent Mile Lights Festival, the Thanksgiving Parade, and Christkindlmarket's opening flip the whole city into holiday mode. This guide breaks down early versus late November in Chicago, the weather, the events, and how to pick which version of the month matches the trip you actually want.;;vincent-y-usa-foFC1cFlHyc-unsplash.jpg
Barcelona Family Itinerary;1;Title top;1;Barcelona With Kids, Done Right;One Big Sight Per Day, Not Five;2026.08.24;23:47;https://milesandflavors.com/barcelona-family-itinerary-4-days/;Spain Travel Guide;Barcelona with Kids: A 4-Day Family Itinerary That Actually Works;Barcelona with kids works better than you'd expect — Park Güell has a dragon staircase children climb without being told to, and Barceloneta beach is a short walk from the Gothic Quarter, so a morning of medieval streets can end in sand without a single subway transfer. This family itinerary paces four days around one big Gaudí sight per day, with a beach or park afternoon built in as the release valve.;;Barcelona Family Itinerary.jpg
Barcelona Airport to City Center;2;Centered;1;Landing at Barcelona Airport?;Here's the Fastest Way In;2026.08.25;0:46;https://milesandflavors.com/barcelona-airport-to-city-center/;Spain Travel Guide;Barcelona Airport to City Center: Aerobus, Train, Metro, or Taxi?;Barcelona-El Prat has two terminals spread far enough apart that your arrival terminal actually changes the right answer, and the fastest option on paper only serves one of them. Compare the Aerobus, the Rodalies train, the L9 metro, and airport taxis on cost, time, and terminal coverage before you land, not after.;;Barcelona Airport to City Center.jpg
Amsterdam in December;1;Title bottom;1;Amsterdam in December;Short days, long list of reasons;2026.08.25;2:03;https://milesandflavors.com/amsterdam-in-december/;Netherlands Travel Guide;Amsterdam in December: Cold, Dark, and Worth It Anyway;December in Amsterdam trades long daylight for something else entirely — canal houses strung with lights, cozy cafes that feel earned after a cold walk, and a city that slows down in a way summer never lets it. Check what the short, dark days actually feel like on the ground, and let the canal-side coziness make up for them — part of the same month-by-month Amsterdam series as September and October.;;amsterdam-in-december-1.jpg
Central Park with Kids;1;Title top light;1;NYC's Central Park, Kid-Approved;21 playgrounds. One good route.;2026.08.25;20:04;https://milesandflavors.com/central-park-with-kids/;New York Travel Guide;Central Park with Kids: 15 Things Worth Building a Day Around;Central Park earns its reputation as New York City's best family day out honestly — a historic 1908 carousel, a small zoo, a stone castle with lookout terraces, rowboats on the Lake, and 21 playgrounds spread across the park. Start with the south end cluster near the Zoo, the Carousel, and Heckscher Playground, then use the map to avoid crisscrossing the park with tired kids.;;Central Park with Kids.jpg
NYC in Winter;1;Title top;1;Winter in NYC, Done Right;The complete winter planning guide;2026.08.25;21:08;https://milesandflavors.com/nyc-in-winter/;New York Travel Guide;NYC in Winter: The Season Most First-Timers Get Wrong;Winter in New York City is not just a colder version of the rest of the year — it's a completely different trip, with its own events and its own rules for what's actually worth your time. Plan the stretch from Thanksgiving through the new year around the Christmas season at its peak, the Macy's Parade, and ice skating — and dress for a cold that catches most visitors off guard.;;nyc-in-winter-1.jpg
Where to Stay Chicago with Kids;1;Centered;1;Chicago with Kids — Pick the Right Base;Museum Campus vs. the Loop, compared;2026.08.25;21:57;https://milesandflavors.com/where-to-stay-in-chicago-with-kids/;Chicago Travel Guide;Where to Stay in Chicago with Kids: The Neighborhood That Actually Matters;A hotel that's perfect for a couple chasing River North's restaurant scene can mean an extra 25 minutes of tired-kid transit every time Shedd Aquarium is on the plan. This family guide to where to stay in Chicago with kids weighs the Museum Campus and South Loop area against the Loop and River North, with real trade-offs for stroller logistics, bedtime, and getting to the Field Museum, Shedd Aquarium, and Adler Planetarium without adding unnecessary travel time to your day.;;Where to Stay Chicago with Kids.jpg
Chicago in Winter;1;Title bottom;1;Chicago in Winter — The Full Guide;Cold, quiet, and full of indoor gems;2026.08.25;22:55;https://milesandflavors.com/chicago-in-winter/;Chicago Travel Guide;Planning a Winter Trip to Chicago? Start Here;Winter in Chicago is colder and quieter than any other season — and also when the city leans hardest into its indoor museums, holiday markets, and cozy neighborhood spots most summer visitors never see. Dress for the wind off Lake Michigan, and use this to link the Christmas season, January, and February into one real winter Chicago trip plan.;;chicago-in-winter-1.jpg
Barcelona in Winter;1;Title top light;1;Barcelona's Winter Season;Milder Than You Think;2026.08.26;0:01;https://milesandflavors.com/barcelona-in-winter/;Spain Travel Guide;Planning a Winter Trip to Barcelona? Start Here;Winter in Barcelona isn't the freezing, gray season it is in most of Europe — mild daytime temperatures make it one of the more comfortable European cities to visit between December and February, especially once the Christmas markets are underway. This hub guide pulls together everything for planning a Barcelona winter trip: the weather month to month, where the holiday season fits, and how to build the trip around the mild days.;;barcelona-in-winter-1.jpg
Amsterdam Travel Costs;2;Title top;1;What Amsterdam Really Costs;Real numbers, 3 days, no guessing;2026.08.26;0:51;https://milesandflavors.com/amsterdam-travel-costs/;Netherlands Travel Guide;Amsterdam Travel Costs: What We Actually Spent in 3 Days;Amsterdam's expensive reputation is only half true — it depends entirely on where you eat and how far off the canal you're willing to walk. This travel-cost breakdown covers exactly what a 3-day Amsterdam trip cost for two adults and a toddler, from hotel prices by neighborhood to museum tickets, transit passes, and the canal-side restaurant markup nobody warns you about. Real numbers, sample budgets for every travel style, and where the money actually goes.;;carina-baumgartner-XTwukUIkLl8-unsplash (1).jpg
Amsterdam in Winter;1;Centered;1;Planning Winter in Amsterdam?;Start here before anything else;2026.08.26;1:58;https://milesandflavors.com/amsterdam-in-winter/;Netherlands Travel Guide;Amsterdam in Winter: The First-Timer's Planning Guide;Winter in Amsterdam is its own season to plan around — colder, darker, quieter than the postcard version most people picture, but with a canal-side charm that summer can't match. This hub guide walks through what to expect from an Amsterdam winter trip overall, then points toward the specifics: the Christmas markets and ice villages, the Amsterdam Light Festival's canal installations, and how to time a visit around them. One starting point for the whole season.;;amsterdam-in-winter-1.jpg
Anne Frank House Tickets;2;Centered;1;Anne Frank House Tickets, Amsterdam;Released every Tuesday — miss it, you're out of luck;2026.08.26;20:00;https://milesandflavors.com/anne-frank-house-tickets-guide/;Netherlands Travel Guide;Anne Frank House Tickets: The One Amsterdam Booking to Do First;There's no walk-up line and no buying at the door for the Anne Frank House — tickets exist only online, released every Tuesday at 10:00 AM CEST for visits exactly six weeks out, and popular dates disappear fast. This ticket guide covers exactly when to book, current 2026 pricing, what a visit actually involves, and what to do if your dates are already sold out. The one Amsterdam reservation worth locking in before anything else.;;Anne Frank House Tickets.jpg
Fall in New York City;1;Centered;1;Fall Is New York's Best Season;Foliage, festivals, fewer crowds;2026.08.26;20:45;https://milesandflavors.com/fall-in-new-york-city/;New York Travel Guide;Fall in New York City: Why It Beats Every Other Season;New York in fall doesn't announce itself quietly — the maples in Central Park turn amber by mid-October, the humidity finally breaks, and the whole city shifts into a different gear. Time your trip around the stages the 20,000-plus Central Park trees turn in, the Village Halloween Parade, and a Hudson Valley day trip for foliage beyond the park — September is warm, October is the sweet spot, November is quieter.;;Fall in New York City.jpg
Sagrada Família Towers Worth It;2;Centered;1;Sagrada Família, Barcelona;Worth The Extra €10 Tower?;2026.08.26;21:30;https://milesandflavors.com/sagrada-familia-towers-worth-it/;Spain Travel Guide;Is the Sagrada Família Tower Ticket Actually Worth the Extra €10?;Every Sagrada Família ticket gets you inside the basilica, but the tower ticket adds a lift ride up one of Gaudí's spires, a walk down a narrow spiral staircase, and a view over Barcelona from inside the stonework itself. This guide breaks down what the tower add-on actually gets you, Nativity tower versus Passion tower, and exactly when it's worth skipping instead of booking.;;Sagrada Familia Towers Worth It.jpg
Gothic Quarter at Night Safe;2;Centered;1;Barcelona's Gothic Quarter After Dark;What I Actually Watch For;2026.08.26;22:15;https://milesandflavors.com/gothic-quarter-barcelona-at-night-safe/;Spain Travel Guide;Is the Gothic Quarter in Barcelona Safe at Night? An Honest Answer;I've walked Barcelona's Gothic Quarter after dark more than once, and it genuinely feels like a different neighborhood once the day-trip crowds clear out. Stick to the streets that stay lively after dark, know where to be more careful, and you might find night is actually the best time to see these medieval streets.;;Gothic Quarter at Night Safe.jpg
Where to Stay Chicago;1;Title top;1;Where to Stay in Chicago;7 Best Areas + Hotels;2026.08.26;23:00;https://milesandflavors.com/where-to-stay-in-chicago-7-best-areas-hotels/;Chicago Travel Guide;Where to Stay in Chicago: 7 Best Areas + Hotels;The Loop puts you next to everything, River North has the best restaurant density, and Lincoln Park feels like a real neighborhood — Chicago's best areas to stay serve very different trips. Compare which one actually fits yours, with specific hotel picks for each budget.;;Where to Stay Chicago.jpg
Central Park NYC;1;Centered;1;Central Park NYC;The Complete Guide;2026.08.26;23:45;https://milesandflavors.com/central-park-nyc-guide/;New York Travel Guide;Central Park NYC: The Complete Guide;843 acres, dozens of entrances, and most visitors only ever see the same three landmarks near Fifth Avenue. How to actually navigate Central Park — the must-see spots, the quiet corners locals prefer, and how much time each part genuinely deserves.;;central-park-bow-bridge.jpg
Amsterdam in September;1;Title bottom dark;1;Amsterdam in September;Fewer Bikes in Your Way, Still Warm;2026.08.27;0:22;https://milesandflavors.com/amsterdam-in-september/;Netherlands Travel Guide;Amsterdam in September: Fewer Bikes in Your Way, Still Warm;The canal-boat lines shrink, terrace season stretches into golden evenings, and Museumnacht turns dozens of museums into an all-night event. September is the quiet trade secret between Amsterdam's packed summer and its grey winter.;;
NYC Travel Costs;1;Title bottom;1;NYC Travel Costs;What It Actually Costs;2026.08.27;0:30;https://milesandflavors.com/nyc-travel-costs/;New York Travel Guide;NYC Travel Costs: What a Real Trip Actually Costs;Hotel prices in Midtown look scary until you compare them to what you actually spend on food, subway rides, and attractions. Real NYC trip costs broken down by category, so you can budget accurately instead of guessing and getting surprised.;;empire-state-building-street-view.jpg
NYC in September;1;Title bottom;1;NYC in September;Your Last Warm-Weather Window;2026.08.27;20:05;https://milesandflavors.com/nyc-in-september/;New York Travel Guide;NYC in September: Your Last Warm-Weather Window;Summer crowds have thinned, the humidity has broken, and hotel rates haven't hit fall pricing yet — September is the calm stretch New Yorkers actually love. Here's what to prioritize before the city shifts into autumn mode.;;belinda-fewings-6lfXvLBGA44-unsplash.jpg
Chicago in September;1;Bottom dark;1;Chicago in September;The Month Locals Actually Recommend;2026.08.27;20:33;https://milesandflavors.com/chicago-in-september/;Chicago Travel Guide;Chicago in September: The Month Locals Actually Recommend;Lake Michigan is still warm enough to swim, the architecture cruise weather is perfect, and Jazz Fest just wrapped without the summer ticket lines. If you can only visit Chicago once, this is the month insiders quietly point to.;;dylan-lapierre-xYExw4Mrc5g-unsplash.jpg
Barcelona in September;1;Centered;1;Barcelona in September;When Locals Come Back From Vacation;2026.08.27;21:15;https://milesandflavors.com/barcelona-in-september/;Spain Travel Guide;Barcelona in September: When Locals Come Back From Vacation;Half the city closes for August and reopens in September — favorite restaurants back open, quieter beaches, and La Mercè's five-day street festival taking over Barceloneta. This is the month Barcelona stops performing for tourists and goes back to being a real city.;;lucrezia-carnelos-BG8TvW6NYYw-unsplash.jpg
NYC Winter Bucket List;1;Title top light;1;NYC Winter Bucket List;The Version Nobody Rushes You Through;2026.08.27;22:23;https://milesandflavors.com/nyc-winter-bucket-list/;New York Travel Guide;NYC Winter Bucket List: The Version Nobody Rushes You Through;Skip the Rockefeller Center crowds for the Wollman Rink locals actually use, catch the Botanical Garden's model-train show before it sells out, and see the museums at their quietest all year. This is winter in New York without the tourist gridlock.;;mateusz-majewski-W2CQOjjSJZM-unsplash.jpg
Chicago Winter Bucket List;1;Bottom;1;Chicago Winter Bucket List;What's Actually Worth the Cold;2026.08.27;22:53;https://milesandflavors.com/chicago-winter-bucket-list/;Chicago Travel Guide;Chicago Winter Bucket List: What's Actually Worth the Cold;Not every winter tradition in Chicago earns the frostbite — some are genuinely worth bundling up for, and some are better admired from indoors with a cup of glühwein. The honest list of what to actually do, not just photograph.;;tobias-reich-UfY7onP6_0I-unsplash.jpg
Barcelona Winter Bucket List;1;Centered dark;1;Barcelona Winter Bucket List;The Season Most Visitors Skip;2026.08.27;23:37;https://milesandflavors.com/barcelona-winter-bucket-list/;Spain Travel Guide;Barcelona Winter Bucket List: The Season Most Visitors Skip;Barcelona in winter isn't the version most people picture — mild afternoons, thin crowds at Gaudí's icons, and a city that feels like a well-kept secret for a few months. Here's what actually earns a spot on the season's short list.;;pelayo-arbues-xGTIjT2iNuo-unsplash.jpg
Is Leavenworth Worth It at Christmas;1;Title bottom light;1;Is Leavenworth Worth It at Christmas?;The Honest Answer Before You Book;2026.08.28;0:32;https://milesandflavors.com/leavenworth-christmas-worth-it/;USA Travel Itineraries;Is Leavenworth Worth It at Christmas? — The Honest Answer Before You Book;A Bavarian-style village in the Washington mountains, buried in lights and real snow — it sounds like a tourist trap, and sometimes it is. Here's when it's genuinely magical and when the crowds make it not worth the drive.;;
NYC Itinerary;1;Top;1;5 Days in New York City;Enough Time to Actually Enjoy It;2026.08.28;19:49;https://milesandflavors.com/5-day-new-york-city-itinerary/;New York Travel Guide;5 Days in New York City: Enough Time to Actually Enjoy It;Most 5-day NYC itineraries try to squeeze in every borough by day two — this one doesn't. A realistic day-by-day plan that covers Manhattan, one Brooklyn afternoon, and a proper day trip, without the exhaustion.;Classic 24/7 NYC diner on a street corner at dusk with neon signs and a bike parked outside;miguel-sousa-0J4jTn82wKs-unsplash.jpg
Navy Pier Parking;1;Centered light;1;Getting to Navy Pier, Chicago;Parking, Rideshare, or the Train?;2026.08.28;20:53;https://milesandflavors.com/getting-to-navy-pier-parking-rideshare-transit/;Chicago Travel Guide;Getting to Navy Pier, Chicago: Parking, Rideshare, or the Train?;Navy Pier parking fills up fast and costs more than you'd expect, rideshare surges on weekends, and the train stop is farther than it looks on the map. Here's which option actually saves you time and money, honestly compared.;Navy Pier sign lit up at night in Chicago with the illuminated Centennial Wheel behind it;grant-photography-K5mRd4cJJuo-unsplash.jpg
Where to Stay Barcelona;1;Title top;1;Where to Stay in Barcelona;Eixample, Gothic Quarter, or Gràcia?;2026.08.28;21:18;https://milesandflavors.com/where-to-stay-in-barcelona/;Spain Travel Guide;Where to Stay in Barcelona: Eixample, Gothic Quarter, or Gràcia?;Eixample puts you between the Gaudí sights and the metro, the Gothic Quarter means cobblestones and noise at 2am, and Gràcia feels like a real neighborhood locals actually live in. Which one fits your trip, honestly compared.;Golden-hour view of a classic Eixample apartment building facade with wrought-iron balconies in Barcelona;oliver-schmid-gxnZ7m-P62o-unsplash.jpg
Times Square NYC;1;Bottom light;1;Times Square, NYC;Everyone Says Skip It — Should You?;2026.08.28;22:21;https://milesandflavors.com/times-square-nyc-guide/;New York Travel Guide;Times Square, NYC: Everyone Says Skip It — Should You?;The tourist-trap reputation is mostly earned, but there's a specific late-evening window when the lights and crowds actually work in your favor. The honest verdict, plus the quieter Midtown streets right around the corner.;Times Square at night in New York City with glowing billboards, taxis, and traffic filling the street;nils-huenerfuerst-aasNVCH_Rp8-unsplash.jpg
Chicago First-Timers;1;Centered medium;1;Best Things to Do in Chicago;Ranked, Not Just Listed;2026.08.28;23:08;https://milesandflavors.com/best-things-to-do-in-chicago/;Chicago Travel Guide;Best Things to Do in Chicago: Ranked, Not Just Listed;"Every Chicago list has the same 20 attractions in a different order — this one actually ranks them by what's worth your limited hours. The architecture cruise earns its hype; a few 'must-sees' quietly don't.";Classic Chicago graystone building with a bay window and fire escape against a blue sky;frank-okay-49ZHPwHhH5s-unsplash.jpg
Montserrat Day Trip;1;Title top dark;1;Montserrat Day Trip from Barcelona;The Boys' Choir Detail Nobody Mentions;2026.08.28;23:58;https://milesandflavors.com/montserrat-day-trip-from-barcelona/;Spain Travel Guide;Montserrat Day Trip from Barcelona: The Boys' Choir Detail Nobody Mentions;An hour from Barcelona, jagged rock formations rise around a monastery where a centuries-old boys' choir still performs most days. The train-plus-cable-car route, timed to catch it, turns this into the city's best half-day escape.;Visitors in the courtyard of Montserrat monastery below the jagged mountain peaks near Barcelona;nate-holland-CbeHa3O22Po-unsplash.jpg
Amsterdam Winter Bucket List;1;Title bottom dark;1;Amsterdam Winter Bucket List;Cozy, Not Just Cold;2026.08.29;0:21;https://milesandflavors.com/amsterdam-winter-bucket-list/;Netherlands Travel Guide;Amsterdam Winter Bucket List: Cozy, Not Just Cold;The canals turn moody, the coffeeshops smell like winter, and the whole city leans into hygge mode for a few months. This is the honest list of what's genuinely worth bundling up for in Amsterdam's quiet season.;;nathaniel-zimmerman-9a_WyViyjZg-unsplash.jpg
Brooklyn Best Things to Do;1;Title bottom;1;Brooklyn, NYC;More Than a Bridge Photo;2026.08.29;19:47;https://milesandflavors.com/best-things-to-do-in-brooklyn/;New York Travel Guide;Brooklyn, NYC: More Than a Bridge Photo;Everyone photographs the same Brooklyn Bridge shot and calls it a day — DUMBO's cobblestones, Williamsburg's waterfront, and a skyline view that beats Manhattan's version for free are all a short walk further. Worth the extra afternoon.;Brooklyn in Half a Day infographic with three numbered stops: Brooklyn Bridge at golden hour, DUMBO's Manhattan Bridge photo spot on Washington Street, and the Manhattan skyline view from Brooklyn Bridge Park, each with free/time-needed tags.;
Millennium Park Chicago;1;Bottom dark;1;Millennium Park & Cloud Gate, Chicago;Free Doesn't Mean Skippable;2026.08.29;20:48;https://milesandflavors.com/millennium-park-cloud-gate-chicago/;Chicago Travel Guide;Millennium Park & Cloud Gate, Chicago: Free Doesn't Mean Skippable;The Bean gets all the Instagram attention, but Crown Fountain's summer light show and the free outdoor concerts are just as worth the visit. Here's how to see all of Millennium Park without rushing past the parts people miss.;;ravi-patel-MvsP34pzsqg-unsplash.jpg
Barcelona Couples;1;Centered;1;Barcelona for Couples;Sunset Sailing, Then the Quiet Streets;2026.08.29;21:28;https://milesandflavors.com/best-things-to-do-in-barcelona-for-couples/;Spain Travel Guide;Barcelona for Couples: Sunset Sailing, Then the Quiet Streets;Sunset sailing along the coastline sells out fast in summer, and the Gothic Quarter after dark turns into a completely different, quieter city than its daytime crowds suggest. The romantic version of Barcelona, without the tourist noise.;;eduard-pretsi-oJB2wsWG5nA-unsplash.jpg
NYC This Weekend;1;Title top light;1;NYC This Weekend;Saturday Morning Timing Trick Included;2026.08.29;22:01;https://milesandflavors.com/things-to-do-in-nyc-this-weekend/;New York Travel Guide;NYC This Weekend: Saturday Morning Timing Trick Included;Central Park fills up fast once the weather's good, Brooklyn Bridge gets crowded by 10am, and the High Line has a sweet spot before the tour groups arrive. A weekend plan built around timing, not just a list of places.;2 Days in NYC infographic: Day 1 Manhattan photos of Central Park, the High Line, and the Empire State Building at sunset, with a morning-to-dinner timeline, plus a Day 2 Brooklyn Bridge, DUMBO and free ferry teaser banner.;
Chicago Architecture Cruise;1;Bottom;1;Chicago Architecture River Cruise;Do This Before Anything Else;2026.08.29;22:45;https://milesandflavors.com/chicago-architecture-river-cruise/;Chicago Travel Guide;Chicago Architecture River Cruise: Do This Before Anything Else;Ninety minutes on the Chicago River covers more architectural history than a full day of walking tours, and it's the single best orientation to the city you'll get. Book the morning slot — the skyline light is worth planning around.;;dev-schwartz-wnWIYsMOS4o-unsplash.jpg
Sagrada Família Skip Line;1;Centered dark;1;Sagrada Família, Barcelona;The Ticket Mistake First-Timers Make;2026.08.29;23:32;https://milesandflavors.com/sagrada-familia-skip-the-line/;Spain Travel Guide;Sagrada Família, Barcelona: The Ticket Mistake First-Timers Make;Same-day tickets routinely sell out by 10am, and the walk-up line can eat two hours of a short Barcelona trip. The specific time slot that avoids both — and the tower option worth the extra euros.;;alex-ovs-R0vAlyiNfXA-unsplash.jpg
Leavenworth Christmas Itinerary;1;Title bottom light;1;Leavenworth Christmas Itinerary;Every Light, Every Stop, In Order;2026.08.30;0:37;https://milesandflavors.com/leavenworth-christmas-itinerary/;USA Travel Itineraries;Leavenworth Christmas Itinerary: Every Light, Every Stop, In Order;A Bavarian village lit up for the season has a lot to see in a short winter day — this is the order that actually works, from the tree-lighting spot to the gondola ride nobody mentions until it's sold out.;;
Where to Stay NYC;1;Top;1;Where to Stay in NYC;Midtown, Brooklyn, or the West Village?;2026.08.30;20:56;https://milesandflavors.com/where-to-stay-in-nyc/;New York Travel Guide;Where to Stay in NYC: Midtown, Brooklyn, or the West Village?;Midtown puts you next to everything and costs the most for it, Brooklyn means better prices and a 20-minute subway ride, and the West Village feels like a different, quieter city entirely. Which trade-off actually fits how you travel.;;
Chicago Family Itinerary;1;Centered light;1;Chicago With Kids;3 Days, Paced for a Family;2026.08.30;21:45;https://milesandflavors.com/chicago-family-itinerary-3-days/;Chicago Travel Guide;Chicago With Kids: 3 Days, Paced for a Family;Shedd Aquarium alone can fill a full day if you let it, and the Lincoln Park Zoo is free, which matters more than you'd think by day two. A 3-day Chicago plan built around real kid-attention-spans, not a checklist.;3 Days in Chicago With Kids infographic: a parent and child at Cloud Gate, a boy at the Shedd Aquarium tank, and a family walking near Navy Pier's Ferris wheel, with a 3-day family schedule (Millennium Park, Shedd Aquarium, Lincoln Park Zoo and Navy Pier).;
Park Güell + Sagrada Família;1;Title top;1;Park Güell + Sagrada Família, Barcelona;The Timing Trick Nobody Tells You;2026.08.30;22:30;https://milesandflavors.com/park-guell-sagrada-familia-barcelona/;Spain Travel Guide;Park Güell + Sagrada Família, Barcelona: The Timing Trick Nobody Tells You;Both of Gaudí's icons technically fit into one day, but the timing has to be exact — an 8am Park Güell slot, then the Sagrada Família's afternoon stained-glass light. The schedule that makes the tight version actually work.;;
NYC Free Things;1;Bottom light;1;Free Things to Do in NYC;The Staten Island Ferry Isn't the Only One;2026.08.30;23:07;https://milesandflavors.com/free-things-to-do-in-nyc/;New York Travel Guide;Free Things to Do in NYC: The Staten Island Ferry Isn't the Only One;The free Staten Island Ferry gets all the attention, but Brooklyn Heights Promenade and the High Line's northern end offer skyline views just as good, for zero dollars. The full free-NYC list, not just the obvious ferry.;;
Willis Tower vs 360 Chicago;1;Centered medium;1;Willis Tower Skydeck vs 360 Chicago;The Glass Ledge Isn't the Only Factor;2026.08.30;23:35;https://milesandflavors.com/willis-tower-skydeck-vs-360-chicago/;Chicago Travel Guide;Willis Tower Skydeck vs 360 Chicago: The Glass Ledge Isn't the Only Factor;Willis Tower's glass Ledge juts out 412 meters above the Loop, while 360 Chicago's tilting Tilt experience does something the Ledge can't. Which observation deck actually wins depends on what you're really after.;;
Barcelona Itinerary;1;Title top dark;1;4 Days in Barcelona;The Itinerary That Doesn't Rush Gaudí;2026.08.30;23:52;https://milesandflavors.com/4-days-in-barcelona-the-perfect-itinerary/;Spain Travel Guide;4 Days in Barcelona: The Itinerary That Doesn't Rush Gaudí;Cramming Sagrada Família, Park Güell, and Casa Batlló into one day is how people burn out by day two — spreading Gaudí's icons across four days, with the Gothic Quarter and tapas nights between, is the version that actually works.;4 Days in Barcelona infographic: Sagrada Família, Casa Batlló, and a Gothic Quarter alley for Day 1 Gaudí/Eixample, with a Days 2-4 banner listing Gothic Quarter, Barceloneta, Montjuïc, and Montserrat.;
Amsterdam Family Itinerary;1;Title bottom dark;1;Amsterdam With Kids;3 Days, Real Kid-Attention-Spans;2026.08.31;1:43;https://milesandflavors.com/amsterdam-family-itinerary-3-days/;Netherlands Travel Guide;Amsterdam With Kids: 3 Days, Real Kid-Attention-Spans;NEMO Science Museum can fill half a day on its own, and Vondelpark's playgrounds are worth building an entire afternoon around. A 3-day Amsterdam plan that doesn't try to fit in every canal-house museum.;;
NYC in a Day;1;Title bottom;1;NYC in a Day;24 Hours, No Wasted Time;2026.08.31;21:01;https://milesandflavors.com/one-day-in-new-york/;New York Travel Guide;NYC in a Day: 24 Hours, No Wasted Time;One day in New York means every hour has to earn its place — the 9/11 Memorial before the crowds, the Staten Island Ferry for a free Statue of Liberty view, and Brooklyn Bridge at golden hour. The route that fits it all without rushing.;NYC in One Day infographic: Statue of Liberty, the 9/11 Memorial pools, and Times Square at night, with an hour-by-hour timeline from an 8am Battery Park ferry through Liberty and Ellis Island, the 9/11 Memorial, a food break, and Times Square after 9pm.;
Navy Pier Chicago;1;Bottom dark;1;Navy Pier, Chicago;What Earns Your Time, What Doesn't;2026.08.31;21:44;https://milesandflavors.com/navy-pier-chicago/;Chicago Travel Guide;Navy Pier, Chicago: What Earns Your Time, What Doesn't;The gift shops and carnival games are skippable, but the free summer fireworks over Lake Michigan and the Ferris wheel at sunset genuinely aren't. An honest split of what's worth the trip out to the Pier.;;
Barcelona in 1 Day;1;Centered;1;Barcelona in One Day;The Order That Fits It All In;2026.08.31;22:33;https://milesandflavors.com/barcelona-in-one-day-itinerary/;Spain Travel Guide;Barcelona in One Day: The Order That Fits It All In;One day in Barcelona means Sagrada Família, Park Güell, and the Gothic Quarter all have to work together on a tight clock — book the wrong order and you'll spend the afternoon in transit instead of sightseeing.;;
One World Observatory;1;Title top light;1;One World Observatory, NYC;Lower Manhattan's Highest View, Timed Right;2026.08.31;23:10;https://milesandflavors.com/one-world-observatory-nyc/;New York Travel Guide;One World Observatory, NYC: Lower Manhattan's Highest View, Timed Right;One World Observatory's ticket price stings less once you know the exact time slot that skips both the line and the midday haze. Pair it with the 9/11 Memorial next door for a half-day that covers all of Lower Manhattan.;;
Chicago Fall Bucket List;1;Bottom;1;Chicago Fall Bucket List;Before the Lake Wind Turns Cold;2026.08.31;23:38;https://milesandflavors.com/chicago-fall-bucket-list/;Chicago Travel Guide;Chicago Fall Bucket List: Before the Lake Wind Turns Cold;Not every fall photo-op in Chicago is worth standing in line for — some are, and a few widely-recommended ones genuinely aren't. The honest list, ranked by what's actually worth the November chill.;The Cozy Chicago Fall Bucket List infographic: golden-hour Chicago River skyline, apple picking with cider, and a river cruise boat at sunset, listing County Line Orchard, the Botanic Garden, Promontory Point, a river cruise, and a ghost cruise.;
Camp Nou Tour Worth It;1;Centered dark;1;Camp Nou Tour, Barcelona;The Honest Answer for Non-Fans;2026.08.31;23:48;https://milesandflavors.com/camp-nou-tour-worth-it/;Spain Travel Guide;Camp Nou Tour, Barcelona: The Honest Answer for Non-Fans;Europe's biggest stadium tour includes the trophy room, the tunnel, and a pitch-side view that works even if you couldn't name a single player. Whether the ticket price earns it if soccer isn't your thing, honestly answered.;;
Best Florida Christmas Towns;1;Title bottom light;1;Florida's Best Christmas Towns;Which One Actually Earns the Detour;2026.09.01;1:37;https://milesandflavors.com/best-florida-christmas-towns/;USA Travel Itineraries;Florida's Best Christmas Towns: Which One Actually Earns the Detour;Snow-free Christmas doesn't mean skippable — some Florida towns go all-in on lights and markets, and a few widely-recommended ones are more hype than substance. The honest ranking before you plan the drive.;A palm-tree-lined driveway wrapped in warm white Christmas lights leading to a grand Spanish-style Florida hotel at night, with text reading 'Florida's Best Christmas Towns: Which One Actually Earns the Detour';best-florida-christmas-towns-2.jpg
NYC Fall Bucket List;1;Top;1;NYC Fall Bucket List;Before the Leaves Are Gone;2026.09.01;20:57;https://milesandflavors.com/nyc-fall-bucket-list/;New York Travel Guide;NYC Fall Bucket List: Before the Leaves Are Gone;Central Park's fall color peaks for barely two weeks, and half the 'must-see' fall spots in NYC lists are more crowded than they're worth. The honest version, ranked by what actually earns the trip out.;;
Chicago Itinerary;1;Centered light;1;3 Days in Chicago;Architecture Cruise on Day One, Not Day Three;2026.09.01;21:45;https://milesandflavors.com/3-days-in-chicago-itinerary/;Chicago Travel Guide;3 Days in Chicago: Architecture Cruise on Day One, Not Day Three;Booking the river cruise for day one instead of saving it for later gives you a mental map of the whole city that makes every other stop make more sense. The 3-day Chicago order that front-loads the orientation.;;
Casa Batlló Gaudí Trail;1;Title top;1;Casa Batlló & the Gaudí Trail, Barcelona;The Block Most Visitors Only Half-See;2026.09.01;22:28;https://milesandflavors.com/casa-batllo-gaudi-trail-barcelona/;Spain Travel Guide;Casa Batlló & the Gaudí Trail, Barcelona: The Block Most Visitors Only Half-See;Casa Batlló's dragon-spine roof gets all the photos, but the Block of Discord holds two other Modernista buildings right next door that most visitors walk straight past. The full Passeig de Gràcia walk, not just the one stop.;;
NYC Fall Foliage Day Trips;1;Bottom light;1;NYC Fall Foliage Day Trips;Which Week to Go, By Location;2026.09.01;23:12;https://milesandflavors.com/nyc-fall-foliage-day-trips/;New York Travel Guide;NYC Fall Foliage Day Trips: Which Week to Go, By Location;The Hudson Valley peaks a full two weeks before the Catskills, and timing it wrong means arriving to bare branches or still-green trees. The week-by-week guide to catching peak color, all reachable by train.;;
Chicago Free Things;1;Centered medium;1;20 Free Things to Do in Chicago;Millennium Park Is Just the Start;2026.09.01;23:38;https://milesandflavors.com/20-free-things-to-do-in-chicago/;Chicago Travel Guide;20 Free Things to Do in Chicago: Millennium Park Is Just the Start;The Riverwalk, the lakefront, and half of the Art Institute's calendar cost nothing if you know when to go. Twenty specific, genuinely free things to do in Chicago — not just the same three everyone already knows.;;
Barcelona Free Things;1;Title top dark;1;Free Things to Do in Barcelona;Bunkers del Carmel Is the One to Prioritize;2026.09.01;23:47;https://milesandflavors.com/free-things-to-do-in-barcelona/;Spain Travel Guide;Free Things to Do in Barcelona: Bunkers del Carmel Is the One to Prioritize;The best sunset view in Barcelona costs nothing and most tourists never find it — Bunkers del Carmel, a former anti-aircraft post turned panorama spot. Twenty free things worth your time, not just Park Güell's outer edges.;;
Amsterdam with a Toddler;1;Title bottom dark;1;Amsterdam With a Toddler;What Actually Works, Honestly;2026.09.02;1:46;https://milesandflavors.com/amsterdam-with-a-toddler/;Netherlands Travel Guide;Amsterdam With a Toddler: What Actually Works, Honestly;Canal-boat naps work better than you'd expect, cobblestones are brutal on strollers, and NEMO's ground floor is built for exactly this age. The realistic version of Amsterdam with a toddler in tow, not the highlight-reel one.;;
NYC in November;1;Title bottom;1;NYC in November;The Last Calm Week Before Holiday Chaos;2026.09.02;20:59;https://milesandflavors.com/nyc-in-november/;New York Travel Guide;NYC in November: The Last Calm Week Before Holiday Chaos;Thanksgiving week turns Midtown into a crowd crush, but the first three weeks of November are quiet, cheap, and still mild enough for walking the whole city. The window most visitors miss entirely.;Central Park's tree-lined Mall path covered in golden autumn leaves with people strolling on a quiet November day in New York City, with text reading 'NYC in November: The Last Calm Week Before Holiday Chaos';nyc-in-november-2.jpg
Thanksgiving in Chicago;1;Bottom dark;1;Thanksgiving in Chicago;What's Actually Open That Week;2026.09.02;21:42;https://milesandflavors.com/thanksgiving-in-chicago/;Chicago Travel Guide;Thanksgiving in Chicago: What's Actually Open That Week;Most restaurants close for the holiday itself, but the day after brings some of the city's best Black Friday deals and a noticeably quieter Magnificent Mile. What's genuinely worth planning around Thanksgiving week in Chicago.;A quiet downtown Chicago State Street scene with vintage lamp posts and the Block Thirty Seven shopping center under a crisp blue sky, with text reading 'Thanksgiving in Chicago: What's Actually Open That Week';thanksgiving-in-chicago-2.jpg
Barcelona at Christmas;1;Centered;1;Barcelona at Christmas;Sweater Weather, Not Coat Weather;2026.09.02;22:26;https://milesandflavors.com/barcelona-at-christmas/;Spain Travel Guide;Barcelona at Christmas: Sweater Weather, Not Coat Weather;While northern Europe shivers, Barcelona's Christmas markets run in temperatures mild enough to skip the heavy coat entirely. What the city does differently for the holidays, and why the mild weather changes the whole experience.;A Barcelona street at night decorated with illuminated snowflake Christmas lights strung between the trees, with people walking below without heavy coats, with text reading 'Barcelona at Christmas: Sweater Weather, Not Coat Weather';barcelona-at-christmas-3.jpg
NYC at Christmas;1;Title top light;1;NYC at Christmas;The Free Version Most Visitors Skip;2026.09.02;23:14;https://milesandflavors.com/nyc-at-christmas/;New York Travel Guide;NYC at Christmas: The Free Version Most Visitors Skip;The Rockefeller Center tree gets the crowds, but the Fifth Avenue window displays, Dyker Heights' lit-up houses, and Bryant Park's free ice rink admission cost nothing at all. Christmas in New York, without the ticketed version.;A Dyker Heights Brooklyn house covered floor to roof in elaborate Christmas lights and wreaths at night, with text reading 'NYC at Christmas: The Free Version Most Visitors Skip';nyc-at-christmas-3.jpg
Chicago Hop-On Hop-Off;1;Bottom;1;Chicago Hop-On Hop-Off Bus;When It Beats the Architecture Cruise;2026.09.02;23:35;https://milesandflavors.com/chicago-hop-on-hop-off/;Chicago Travel Guide;Chicago Hop-On Hop-Off Bus: When It Beats the Architecture Cruise;The hop-on hop-off bus covers more ground than walking, but the architecture river cruise covers the same skyline for less money and more comfort. When the bus actually wins, honestly compared.;A Chicago CTA elevated train passing between downtown Loop skyscrapers and green trees, with text reading 'Chicago Hop-On Hop-Off Bus: When It Beats the Architecture Cruise';chicago-hop-on-hop-off-fresh-20260902.jpg
Barcelona in October;1;Centered dark;1;Barcelona in October;The Trade-Off Worth Knowing First;2026.09.02;23:47;https://milesandflavors.com/barcelona-in-october/;Spain Travel Guide;Barcelona in October: The Trade-Off Worth Knowing First;The beach season technically ends, but the crowds thin out faster than the warm weather does, and hotel rates drop noticeably. What you gain and lose choosing October over Barcelona's peak summer months.;The iconic sail-shaped W Hotel Barcelona seen across a near-empty Barceloneta beach under a cloudy autumn sky, with text reading 'Barcelona in October: The Trade-Off Worth Knowing First';barcelona-in-october-2.jpg
Disney World Christmas Worth It;1;Title bottom light;1;Disney World at Christmas;Is It Actually Worth the Price Spike?;2026.09.03;1:39;https://milesandflavors.com/disney-world-christmas-worth-it/;USA Travel Itineraries;Disney World at Christmas: Is It Actually Worth the Price Spike?;Ticket prices jump, the parks fill up, and the extra decorations only run for a few specific weeks. Whether Disney World's holiday season earns the premium, or if a regular-priced visit gets you 90% of the magic.;Cinderella Castle at Walt Disney World lit up at night with a projected snowflake design and holiday wreaths, crowds gathered below, with text reading 'Disney World at Christmas: Is It Actually Worth the Price Spike?';disney-world-christmas-worth-it-2.jpg
NYC Hidden Gems;1;Top;1;NYC Hidden Gems;Spots Even Repeat Visitors Miss;2026.09.03;20:59;https://milesandflavors.com/nyc-hidden-gems/;New York Travel Guide;NYC Hidden Gems: Spots Even Repeat Visitors Miss;The Cloisters holds medieval art in a building shipped over stone by stone, and Little Island's floating gardens sit a five-minute walk from the Whitney — both practically empty compared to the Midtown crowds. New York's quieter side.;Sunlit medieval Gothic stone sculptures inside The Cloisters museum in New York City, with a visitor walking past ancient carved figures, with text reading 'NYC Hidden Gems: Spots Even Repeat Visitors Miss';nyc-hidden-gems-4.jpg
Chicago at Christmas (refresh);1;Centered light;1;Chicago at Christmas;Free Ice, Real Glühwein, No Ticket Needed;2026.09.03;21:41;https://milesandflavors.com/chicago-at-christmas/;Chicago Travel Guide;Chicago at Christmas: Free Ice, Real Glühwein, No Ticket Needed;Millennium Park's ice rink is free to skate, the Christkindlmarket pours real German glühwein, and half the city's best lights cost nothing to see. The refreshed guide to Chicago's holiday season, updated for this year.;Ice skaters gliding past Chicago's Millennium Park ice rink at night with the Cloud Gate 'Bean' sculpture glowing above the crowd, with text reading 'Chicago at Christmas: Free Ice, Real Glühwein, No Ticket Needed';chicago-at-christmas-2.jpg
Barcelona Christmas Itinerary;1;Title top;1;Barcelona Christmas Itinerary;A 2-Day Plan That Actually Fits Together;2026.09.03;22:30;https://milesandflavors.com/barcelona-christmas-itinerary/;Spain Travel Guide;Barcelona Christmas Itinerary: A 2-Day Plan That Actually Fits Together;Two days is enough to see Barcelona's Christmas markets, the Sagrada Família lit for the season, and the Fira de Santa Llúcia stalls — if the order is right. The plan that fits it all without doubling back across town.;The illuminated spires of the Sagrada Família rising above Barcelona's night skyline with a construction crane beside it, with text reading 'Barcelona Christmas Itinerary: A 2-Day Plan That Actually Fits Together';barcelona-christmas-itinerary-2.jpg
Empire State vs Top of the Rock;1;Bottom light;1;Empire State Building vs Top of the Rock, NYC;The 90-Second Decision;2026.09.03;23:11;https://milesandflavors.com/empire-state-building-vs-top-of-the-rock/;New York Travel Guide;Empire State Building vs Top of the Rock, NYC: The 90-Second Decision;One puts the Empire State Building in your photo, the other doesn't have that option at all — a small detail that decides which view is actually better for your trip. Tested and compared, honestly.;The Empire State Building lit up at dusk seen from another Midtown Manhattan observation deck, with a moody cloudy sky above the skyline, with text reading 'Empire State Building vs Top of the Rock, NYC: The 90-Second Decision';empire-state-building-vs-top-of-the-rock-3.jpg
O'Hare to Downtown;1;Centered medium;1;O'Hare to Downtown Chicago;The $5 Option Most Visitors Skip;2026.09.03;23:31;https://milesandflavors.com/ohare-to-downtown-chicago/;Chicago Travel Guide;O'Hare to Downtown Chicago: The $5 Option Most Visitors Skip;The Blue Line train costs a fraction of a rideshare and only takes about 15 minutes longer door to door — most visitors default to a cab without checking. The fastest, cheapest, and most comfortable options, honestly ranked.;A CTA 'L' train platform sign reading 'Chicago' with the elevated tracks and downtown buildings in the background, with text reading 'O'Hare to Downtown Chicago: The $5 Option Most Visitors Skip';ohare-to-downtown-chicago-2.jpg
Barcelona in November;1;Title top dark;1;Barcelona in November;Rain Jacket Weather, Empty Sights;2026.09.03;23:49;https://milesandflavors.com/barcelona-in-november/;Spain Travel Guide;Barcelona in November: Rain Jacket Weather, Empty Sights;The rain picks up and the beach closes for the season, but Sagrada Família's lines disappear and hotel prices drop by half. What November actually trades away, and what it gives back in return.;A person walking down a rain-soaked Barcelona side street lined with palm trees under an overcast sky, with text reading 'Barcelona in November: Rain Jacket Weather, Empty Sights';barcelona-in-november-2.jpg
Where to Stay in Amsterdam;1;Title bottom dark;1;Where to Stay in Amsterdam;Canal Views vs. Actually Sleeping at Night;2026.09.04;1:38;https://milesandflavors.com/where-to-stay-in-amsterdam/;Netherlands Travel Guide;Where to Stay in Amsterdam: Canal Views vs. Actually Sleeping at Night;The most photogenic canal-house neighborhoods are also the loudest on weekend nights — the quieter areas a few minutes further out trade a little charm for a lot more sleep. Which trade-off fits your trip.;A quiet residential Amsterdam street lined with ornate brick townhouses and a blossoming tree at sunset, with text reading 'Where to Stay in Amsterdam: Canal Views vs. Actually Sleeping at Night';where-to-stay-in-amsterdam-6.jpg
Macy’s Thanksgiving Day Parade 2026;1;Title bottom;1;Macy's Thanksgiving Day Parade 2026, NYC;The Route, Timed Right;2026.09.04;20:56;https://milesandflavors.com/macys-thanksgiving-day-parade-2026/;New York Travel Guide;Macy's Thanksgiving Day Parade 2026, NYC: The Route, Timed Right;The balloons inflate the night before in a public viewing most visitors don't know about, and the best sidewalk spots fill up hours before the parade actually starts. What to know before you claim your spot.;A giant green dinosaur balloon floating above Central Park during the Macy's Thanksgiving Day Parade with handlers in matching costumes and fall foliage behind, with text reading 'Macy's Thanksgiving Day Parade 2026, NYC: The Route, Timed Right';macys-thanksgiving-day-parade-2026-2.jpg
Chicago Christmas Itinerary;1;Bottom dark;1;Chicago Christmas Itinerary;The Plan for a Short Winter Trip;2026.09.04;21:49;https://milesandflavors.com/chicago-christmas-itinerary/;Chicago Travel Guide;Chicago Christmas Itinerary: The Plan for a Short Winter Trip;Christkindlmarket, Millennium Park's ice rink, and the Magnificent Mile Lights Festival all fit into a tight winter schedule if the order is right. A day-by-day Chicago Christmas plan built for short, cold days.;A glowing Christmas tree with a star on top lit up between Chicago skyscrapers at night, with people walking past, with text reading 'Chicago Christmas Itinerary: The Plan for a Short Winter Trip';chicago-christmas-itinerary-2.jpg
Casa Milà vs Casa Batlló;1;Centered;1;Casa Milà vs Casa Batlló, Barcelona;Which Gaudí House Earns the Ticket;2026.09.04;22:31;https://milesandflavors.com/casa-mila-vs-casa-batllo/;Spain Travel Guide;Casa Milà vs Casa Batlló, Barcelona: Which Gaudí House Earns the Ticket;Casa Batlló's dragon-spine roof photographs better, but Casa Milà's rooftop chimneys and undulating stone facade are arguably the more ambitious building. Which one is actually worth the entrance fee, compared honestly.;The sculptural warrior-like chimneys on the rooftop of Gaudí's Casa Milà in Barcelona against a clear blue sky, with text reading 'Casa Milà vs Casa Batlló, Barcelona: Which Gaudí House Earns the Ticket';casa-mila-vs-casa-batllo-2.jpg
Thanksgiving in NYC;1;Title top light;1;Thanksgiving in NYC;Worth Flying In For?;2026.09.04;23:12;https://milesandflavors.com/thanksgiving-in-nyc/;New York Travel Guide;Thanksgiving in NYC: Worth Flying In For?;Most restaurants either close or charge a holiday prix-fixe, the parade takes over Midtown by 8am, and the city empties out strangely fast by evening. What Thanksgiving in New York actually looks like, honestly.;A person crossing a rainy Manhattan street with an umbrella as yellow taxis wait at a crosswalk under moody city light, with text reading 'Thanksgiving in NYC: Worth Flying In For?';thanksgiving-in-nyc-2.jpg
Chicago Riverwalk Free Things;1;Bottom;1;Chicago Riverwalk;Skyline Views, Zero Dollars;2026.09.04;23:33;https://milesandflavors.com/chicago-riverwalk-free-things-to-do/;Chicago Travel Guide;Chicago Riverwalk: Skyline Views, Zero Dollars;Most visitors cross the Riverwalk on the way to somewhere else, missing the outdoor bars, the architecture views from water level, and a walking path that runs for over a mile along the river. Worth slowing down for.;An elevated dusk view of the Chicago River lined with skyscrapers and the Marina City towers reflected in the water, with text reading 'Chicago Riverwalk: Skyline Views, Zero Dollars';chicago-riverwalk-free-things-to-do-3.jpg
Barcelona Family Itinerary;1;Centered dark;1;Barcelona With Kids;The Pace That Doesn't Exhaust Anyone;2026.09.04;23:48;https://milesandflavors.com/barcelona-family-itinerary-4-days/;Spain Travel Guide;Barcelona With Kids: The Pace That Doesn't Exhaust Anyone;Sagrada Família in the morning, Barceloneta beach in the afternoon — trying to fit in more than one major sight a day with kids usually backfires. The 4-day family plan built around realistic energy levels, not a checklist.;A child in pink swim armbands playing in the sea at Barcelona's Barceloneta beach at golden hour with families relaxing nearby, with text reading 'Barcelona With Kids: The Pace That Doesn't Exhaust Anyone';barcelona-family-itinerary-4-days-3.jpg
Best Day Trips from Amsterdam;1;Title bottom light;1;Amsterdam Day Trips;Which One Actually Needs the Whole Day;2026.09.05;1:44;https://milesandflavors.com/best-day-trips-from-amsterdam/;Netherlands Travel Guide;Amsterdam Day Trips: Which One Actually Needs the Whole Day;Zaanse Schans takes half a day round-trip, Haarlem barely needs an afternoon, and Keukenhof only works during its narrow spring window — the timing changes which day trip actually fits your schedule. A practical breakdown before you commit a full day to the wrong one.;A traditional Dutch windmill beside a canal at Zaanse Schans with grazing sheep and a row of historic green houses in the background, with text reading 'Amsterdam Day Trips: Which One Actually Needs the Whole Day';best-day-trips-from-amsterdam-5.jpg
NYC Family Itinerary;1;Top;1;NYC With Kids;5 Days, Not a Checklist;2026.09.05;21:00;https://milesandflavors.com/nyc-family-itinerary-5-days/;New York Travel Guide;NYC With Kids: 5 Days, Not a Checklist;The Museum of Natural History alone can fill a full day if the kids love dinosaurs, and Central Park's playgrounds are worth building an afternoon around. A realistic 5-day New York plan, paced for actual kid attention spans.;A towering dinosaur skeleton in the grand entrance hall of the American Museum of Natural History in New York City, with children seated below, with text reading 'NYC With Kids: 5 Days, Not a Checklist';nyc-family-itinerary-5-days-3.jpg
Art Institute Free Days;1;Centered light;1;Is the Art Institute of Chicago Ever Free?;The Fine Print Most Visitors Miss;2026.09.05;21:44;https://milesandflavors.com/art-institute-chicago-free-days/;Chicago Travel Guide;Is the Art Institute of Chicago Ever Free? — The Fine Print Most Visitors Miss;The free-admission days exist, but they're restricted to Illinois residents only — a detail that surprises most out-of-town visitors at the ticket counter. What the free days actually mean for you, and the real workaround.;One of the bronze lion statues guarding the entrance of the Art Institute of Chicago, with the museum's stone facade behind it, with text reading 'Is the Art Institute of Chicago Ever Free? — The Fine Print Most Visitors Miss';art-institute-chicago-free-days-2.jpg
La Boqueria Market Tourist Trap;1;Title top;1;La Boqueria Market, Barcelona;Which Stalls Are Real, Which Are for Tourists;2026.09.05;22:34;https://milesandflavors.com/la-boqueria-market-tourist-trap/;Spain Travel Guide;La Boqueria Market, Barcelona: Which Stalls Are Real, Which Are for Tourists;The stalls closest to the entrance mark up prices for tourists who never make it further in — the real market, with real Barcelona locals shopping, starts about halfway back. Where to actually go, and what to skip.;A colorful fruit stall at Barcelona's La Boqueria market piled high with oranges, tomatoes, pears, and hand-written price signs, with text reading 'La Boqueria Market, Barcelona: Which Stalls Are Real, Which Are for Tourists';la-boqueria-market-tourist-trap-2.jpg
NYC Christmas Itinerary;1;Bottom light;1;NYC Christmas Itinerary;The Rockefeller Tree Isn't Where to Start;2026.09.05;23:10;https://milesandflavors.com/nyc-christmas-itinerary/;New York Travel Guide;NYC Christmas Itinerary: The Rockefeller Tree Isn't Where to Start;Starting at Rockefeller Center means starting in the biggest crowd of the day — this plan starts elsewhere and works toward it later, when the lines actually thin out. A New York Christmas itinerary built around timing, not just a list of sights.;St. Patrick's Cathedral on Fifth Avenue lit up at night with its Gothic spires rising against a dark sky and an American flag out front, with text reading 'NYC Christmas Itinerary: The Rockefeller Tree Isn't Where to Start';nyc-christmas-itinerary-2.jpg
Chicago in October;1;Centered medium;1;Chicago in October;Before the Wind Off the Lake Turns Bitter;2026.09.05;23:34;https://milesandflavors.com/chicago-in-october/;Chicago Travel Guide;Chicago in October: Before the Wind Off the Lake Turns Bitter;The lakefront trees turn color while the architecture cruise still runs comfortable afternoons, and hotel rates drop well below summer peaks. The month Chicago quietly rewards visitors who skip the July crowds.;The Chicago skyline with fall foliage reflected in a calm Lincoln Park lagoon under a clear blue sky, with text reading 'Chicago in October: Before the Wind Off the Lake Turns Bitter';chicago-in-october-2.jpg
Barcelona in December;1;Title top dark;1;Barcelona in December;Coat Optional, Christmas Markets Included;2026.09.05;23:46;https://milesandflavors.com/barcelona-in-december/;Spain Travel Guide;Barcelona in December: Coat Optional, Christmas Markets Included;Daytime temperatures often stay comfortable enough to skip the heavy coat, while the Fira de Santa Llúcia Christmas market runs right outside the cathedral. What December in Barcelona actually feels like, weather included.;The Gothic spire of Barcelona Cathedral rising between narrow Gothic Quarter streets under a bright winter sky, with text reading 'Barcelona in December: Coat Optional, Christmas Markets Included';barcelona-in-december-2.jpg
Best Things to Do in Osaka;1;;1;Best Things to Do in Osaka;18 Experiences Worth Your Time;2026.09.06;21:38;https://milesandflavors.com/best-things-to-do-in-osaka/;Japan Travel Guide;Best Things to Do in Osaka: 18 Experiences Worth Your Time;The 18 best things to do in Osaka — Dotonbori, Kuromon Market, Osaka Castle, and the street food that makes this city worth the trip.;;
Free Stopover Flights in 2026;1;;1;Free Stopover Flights in 2026;Turn a Layover Into a Free City Trip;2026.09.06;22:27;https://milesandflavors.com/free-stopover-flights-in-2026/;Best Travel Tips & Hacks;Free Stopover Flights in 2026: Turn a Layover Into a Free City Trip;Instead of six hours in an airport, a stopover program can turn the same ticket into a sunset over the Bosphorus or a walk along Dubai Marina — no extra flight needed.;;
Marsa Alam Travel Costs;1;;1;Marsa Alam Travel Costs;The Honest Weekly Budget (Egypt);2026.09.06;23:12;https://milesandflavors.com/marsa-alam-travel-costs/;Egypt Travel Guide;Marsa Alam Travel Costs: The Honest Weekly Budget (Egypt);What a week in Marsa Alam, Egypt actually costs: flights, all-inclusive resorts, diving trips, and food, broken down so you know before you book.;;
How to Get to the Dolomites from Milan;1;;1;How to Get to the Dolomites from Milan;and Why We Rented a Car;2026.09.06;23:45;https://milesandflavors.com/dolomites-from-milan/;Italy Travel Guide;How to Get to the Dolomites from Milan: and Why We Rented a Car;Flying into Milan and heading to the Dolomites? Here's the drive, the alternatives, and why renting a car is the only decision that actually makes sense.;;
Japan Cherry Blossom Season;1;;1;Japan Cherry Blossom Season;Timing, Best Spots, and What to Actually Expect;2026.09.07;1:43;https://milesandflavors.com/japan-cherry-blossom-season/;Japan Travel Guide;Japan Cherry Blossom Season: Timing, Best Spots, and What to Actually Expect;When do cherry blossoms bloom in Japan? City-by-city timing, best viewing spots, crowd tips, and everything you need to plan around sakura season.;;
Salem in October;1;;1;Salem in October;;2026.09.07;21:30;https://milesandflavors.com/salem-in-october/;USA Travel Itineraries;Salem in October;PENDING ARTICLE — placeholder copy, verify against the finished article before this pin renders. Working angle: an emotional, photo-led introduction to Salem in October.;;
Barcelona Travel Costs;1;;1;Barcelona Travel Costs;What We Actually Paid, Down to the Euro;2026.09.07;21:41;https://milesandflavors.com/barcelona-travel-costs/;Travel Costs & Budget Guides;Barcelona Travel Costs: What We Actually Paid, Down to the Euro;A three-course lunch with wine for €14 and a 10-journey metro card that keeps transport cheap — but the Gaudí buildings add up fast. What we actually paid on our September trip, plus 2026 prices worth checking before you book.;;
24 Hours in Milan;1;;1;24 Hours in Milan;The Perfect Layover Before the Dolomites;2026.09.07;22:30;https://milesandflavors.com/24-hours-in-milan/;Italy Travel Guide;24 Hours in Milan: The Perfect Layover Before the Dolomites;24 hours in Milan before the Dolomites: where to stay in Brera, what to eat, the Duomo rooftop, and aperitivo at the Navigli canals.;;
12 Day Greece Itinerary;1;;1;12 Day Greece Itinerary;Athens, Mykonos & Santorini Itinerary That Actually Works;2026.09.07;23:02;https://milesandflavors.com/12-day-greece-itinerary/;Greece Travel Guide;12 Day Greece Itinerary: Athens, Mykonos & Santorini Itinerary That Actually Works;A complete 12-day Greece itinerary covering 4 days in Athens, 4 days in Mykonos, and 4 days in Santorini — with ferry logistics, honest budget breakdown, where to stay, and what to book in advance.;;
Free Things to Do in Marsa Alam, Egypt;1;;1;Free Things to Do in Marsa Alam, Egypt;That Don’t Feel Like a Consolation Prize;2026.09.07;23:35;https://milesandflavors.com/free-things-to-do-in-marsa-alam/;Egypt Travel Guide;Free Things to Do in Marsa Alam, Egypt: That Don’t Feel Like a Consolation Prize;The house reef is free. The sunset over the Red Sea is free. Watching a sea turtle surface ten meters from your sun lounger costs exactly nothing extra beyond.;;
Ryokan in Japan;1;;1;Ryokan in Japan;What to Expect and the Best Places to Stay in Kyoto and Hakone;2026.09.07;23:47;https://milesandflavors.com/ryokan-in-japan-what-to-expect/;Japan Travel Guide;Ryokan in Japan: What to Expect and the Best Places to Stay in Kyoto and Hakone;What is a ryokan and how does a stay actually work? Everything to know before booking — plus the best ryokans in Kyoto and Hakone for first-timers.;;
9 Cheapest Countries to Visit;1;;1;9 Cheapest Countries to Visit;Dream Trips on a Budget;2026.09.08;20:51;https://milesandflavors.com/9-cheapest-countries/;Travel Costs & Budget Guides;9 Cheapest Countries to Visit: Dream Trips on a Budget;9 cheapest countries where your money goes furthest Vietnam, Nepal, Egypt and more. Real daily budgets, best timing, and honest tips for every destination.;;
Best Things to Do in Marsa Alam, Egypt;1;;1;Best Things to Do in Marsa Alam, Egypt;Including the One That Changes Everything;2026.09.08;22:27;https://milesandflavors.com/best-things-to-do-in-marsa-alam-egypt-including-the-one-that-changes-everything/;Egypt Travel Guide;Best Things to Do in Marsa Alam, Egypt: Including the One That Changes Everything;Marsa Alam doesn't pretend to be a city break. There are no museum queues, no crowded bazaars demanding your afternoon, no long checklist of cultural.;;
Best Travel Money Card;1;;1;Best Travel Money Card;The 4% Fee I Didn't Notice for Weeks;2026.09.08;23:03;https://milesandflavors.com/best-travel-money-card/;Best Travel Tips & Hacks;Best Travel Money Card: The 4% Fee I Didn't Notice for Weeks;A 4% currency conversion fee buried in a bank statement was the last straw — here's the exact three-card setup used on every trip since, and why most travel money advice gets this wrong.;;
Best Things to Do in Kyoto;1;;1;Best Things to Do in Kyoto;20 Experiences Worth Planning Around;2026.09.08;23:30;https://milesandflavors.com/best-things-to-do-in-kyoto/;Japan Travel Guide;Best Things to Do in Kyoto: 20 Experiences Worth Planning Around;The 20 best things to do in Kyoto — from Fushimi Inari at dawn to a tea ceremony in Gion. What to prioritize, what to book ahead, and what most visitors get wrong.;;
16 Cheap Beach Destinations Worldwide;1;;1;16 Cheap Beach Destinations Worldwide;The best cheap beach destinations are not the ones;2026.09.08;23:45;https://milesandflavors.com/16-cheap-beaches/;Travel Costs & Budget Guides;16 Cheap Beach Destinations Worldwide: The best cheap beach destinations are not the ones;The best cheap beach destinations are not the ones where you sleep in a dorm and eat street food every meal — they are the ones where $60 a day buys you a.;;
Boston to Salem Day Trip;1;;1;Boston to Salem Day Trip;;2026.09.09;21:30;https://milesandflavors.com/boston-to-salem-day-trip/;USA Travel Itineraries;Boston to Salem Day Trip;PENDING ARTICLE — placeholder copy, verify against the finished article before this pin renders. Working angle: an emotional, photo-led introduction to Boston to Salem Day Trip.;;
How to Plan a Trip;1;;1;How to Plan a Trip;Complete Step-by-Step Guide;2026.09.09;22:30;https://milesandflavors.com/how-to-plan-a-trip/;Best Travel Tips & Hacks;How to Plan a Trip: Complete Step-by-Step Guide;How to plan a trip step by step — flights, accommodation, budget, visa, travel cards and more. The exact system I use for every trip.;;
Where to Stay in Marsa Alam;1;;1;Where to Stay in Marsa Alam;Honest Guide to the Best Areas and Resorts;2026.09.09;23:03;https://milesandflavors.com/where-to-stay-in-marsa-alam/;Egypt Travel Guide;Where to Stay in Marsa Alam: Honest Guide to the Best Areas and Resorts;Where to stay in Marsa Alam comes down to one primary decision: Port Ghalib / Coraya Bay for most people, further south only if you're a dedicated diver.;;
Hakone Day Trip from Tokyo;1;;1;Hakone Day Trip from Tokyo;How to Do It Right (Without Wasting Half the Day);2026.09.09;23:30;https://milesandflavors.com/hakone-day-trip-from-tokyo/;Japan Travel Guide;Hakone Day Trip from Tokyo: How to Do It Right (Without Wasting Half the Day);How to do a Hakone day trip from Tokyo — the Hakone Free Pass explained, best route, what to skip, Mt. Fuji views, and whether one day is actually enough.;;
Japan Fall Foliage Guide;1;;1;Japan Fall Foliage Guide;When and Where to See the Best Autumn Colors;2026.09.10;20:59;https://milesandflavors.com/japan-fall-foliage/;Japan Travel Guide;Japan Fall Foliage Guide: When and Where to See the Best Autumn Colors;When does fall foliage peak in Japan? City-by-city timing, best spots for autumn colors, and practical tips for planning your koyo trip.;;
Where to Stay in the Dolomites;1;;1;Where to Stay in the Dolomites;Best Villages & Hotels Honestly Ranked;2026.09.10;21:36;https://milesandflavors.com/where-to-stay-in-the-dolomites/;Italy Travel Guide;Where to Stay in the Dolomites: Best Villages & Hotels Honestly Ranked;We chose the wrong base on our first day in the Dolomites. Not catastrophically wrong — the mountains were still extraordinary, the food was still excellent,.;;
European Summer Bucket List;1;;1;European Summer Bucket List;16 Dream Places to Visit;2026.09.10;22:30;https://milesandflavors.com/european-summer-bucket-list/;Bucket List Destinations;European Summer Bucket List: 16 Dream Places to Visit;16 dream European summer bucket list destinations from the Amalfi Coast to Santorini and Cyprus. Honest tips on timing, what to skip, how to plan every trip.;;
Japan 10-Day Itinerary;1;;1;Japan 10-Day Itinerary;The Perfect Plan for First-Time Visitors;2026.09.10;23:11;https://milesandflavors.com/japan-10-day-itinerary/;Japan Travel Guide;Japan 10-Day Itinerary: The Perfect Plan for First-Time Visitors;A realistic 10-day Japan itinerary covering Tokyo, Hakone, Kyoto, and Osaka — day-by-day structure, transport logistics, what to book ahead, and honest timing advice for first-time visitors.;;
Travelling with a Toddler;1;;1;Travelling with a Toddler;What Actually Works (From Someone Who’s Done It);2026.09.10;23:33;https://milesandflavors.com/travelling-with-a-toddler/;Best Travel Tips & Hacks;Travelling with a Toddler: What Actually Works (From Someone Who’s Done It);Travelling with a toddler — honest tips on flying, sleeping, and staying sane from someone who's actually done it. What works, what doesn't, and why it's worth it anyway.;;
Chicago Travel Costs;1;;1;Chicago Travel Costs;The Honest Budget Guide;2026.09.10;23:44;https://milesandflavors.com/chicago-travel-costs-the-honest-budget-guide/;Travel Costs & Budget Guides;Chicago Travel Costs: The Honest Budget Guide;Chicago Travel Costs: The Honest Budget Guide about accommodation, food, transport and attractions — with real prices and money-saving tips.;;
Best Time to Visit Japan;1;;1;Best Time to Visit Japan;A Honest Month-by-Month Guide;2026.09.11;20:50;https://milesandflavors.com/best-time-to-visit-japan/;Japan Travel Guide;Best Time to Visit Japan: A Honest Month-by-Month Guide;When is the best time to visit Japan? A month-by-month breakdown covering cherry blossoms, fall foliage, weather, crowds, and the dates most people get wrong.;;
The Perfect 7-Day New England Fall Road Trip Itinerary;1;;1;The Perfect 7-Day New England Fall Road Trip Itinerary;;2026.09.11;21:30;https://milesandflavors.com/new-england-fall-road-trip-itinerary/;USA Travel Itineraries;The Perfect 7-Day New England Fall Road Trip Itinerary;PENDING ARTICLE — placeholder copy, verify against the finished article before this pin renders. Working angle: an emotional, photo-led introduction to The Perfect 7-Day New England Fall Road Trip Itinerary.;;
7 Days in Marsa Alam Itinerary;1;;1;7 Days in Marsa Alam Itinerary;Dugongs, Desert Safari, and One Brilliant Boat Trip;2026.09.11;22:23;https://milesandflavors.com/7-days-in-marsa-alam-itinerary/;Egypt Travel Guide;7 Days in Marsa Alam Itinerary: Dugongs, Desert Safari, and One Brilliant Boat Trip;Affiliate disclosure: This post contains affiliate links. If you book or buy something through these links, I may earn a small commission at no extra cost to.;;
How to Find Cheap Flights in 2026;1;;1;How to Find Cheap Flights in 2026;The System That Actually Works;2026.09.11;23:33;https://milesandflavors.com/how-to-find-cheap-flights/;Best Travel Tips & Hacks;How to Find Cheap Flights in 2026: The System That Actually Works;How to find cheap flights in 2026 — the exact system I use every trip. Google Flights, fare alerts, the booking window myth, and how credit card points change the math entirely.;;
Best Time to Visit the Azores;1;;1;Best Time to Visit the Azores;Month by Month (Weather, Whales, Crowds & Costs);2026.09.11;23:46;https://milesandflavors.com/best-time-to-visit-the-azores/;Most Beautiful Places in the World;Best Time to Visit the Azores: Month by Month (Weather, Whales, Crowds & Costs);When is the best time to visit the Azores? A month-by-month guide to the weather, whale season, hydrangeas, crowds and prices to help you pick your dates.;;
Where to Stay in Tokyo;1;;1;Where to Stay in Tokyo;The Best Areas for First-Time Visitors;2026.09.12;1:43;https://milesandflavors.com/where-to-stay-in-tokyo/;Japan Travel Guide;Where to Stay in Tokyo: The Best Areas for First-Time Visitors;Shinjuku, Asakusa, Shibuya or Tokyo Station — where to stay in Tokyo? A neighborhood-by-neighborhood breakdown with honest hotel picks and price ranges for 2025–2026.;;
Hiking in the Dolomites;1;;1;Hiking in the Dolomites;Best Trails for Every Level;2026.09.12;20:51;https://milesandflavors.com/hiking-in-the-dolomites/;Italy Travel Guide;Hiking in the Dolomites: Best Trails for Every Level;Hiking in the Dolomites doesn't require serious skills. From easy lake walks to multi-day routes, here are the best trails for every level.;;
Salem in October;2;;1;Salem in October;;2026.09.12;21:30;https://milesandflavors.com/salem-in-october/;USA Travel Itineraries;Salem in October: One-day October route;PENDING ARTICLE — infographic content not yet extractable (no source article exists). Planned infographic type: One-day October route. Click-gap teaser: Parking strategy + booking order inside → Verify every fact against the finished article before rendering.;;
Day Trip to the Dolomites from Venice;1;;1;Day Trip to the Dolomites from Venice;Is It Worth It?;2026.09.12;21:45;https://milesandflavors.com/day-trip-to-the-dolomites-from-venice/;Italy Travel Guide;Day Trip to the Dolomites from Venice: Is It Worth It?;A day trip to the Dolomites from Venice is absolutely worth it — if you have a car and pick the right spot. Here's the honest guide.;;
Japan Travel Costs;1;;1;Japan Travel Costs;What to Budget for a 10-Day Trip;2026.09.12;22:25;https://milesandflavors.com/japan-travel-costs/;Japan Travel Guide;Japan Travel Costs: What to Budget for a 10-Day Trip;How much does Japan actually cost? A realistic 10-day budget breakdown for Tokyo, Hakone, Kyoto, and Osaka — hotels, food, transport, and activities in 2025–2026.;;
Azores Whale Watching;1;;1;Azores Whale Watching;Best Time & How to Pick a Tour;2026.09.12;23:10;https://milesandflavors.com/azores-whale-watching/;Most Beautiful Places in the World;Azores Whale Watching: Best Time & How to Pick a Tour;best time for whale watching in the Azores, Sao Miguel whale watching, Ponta Delgada whale watching, whale watching Azores tour, dolphins Azores.;;
How to Book Hotels Like a Pro;1;;1;How to Book Hotels Like a Pro;The Free Cancellation Strategy;2026.09.12;23:37;https://milesandflavors.com/how-to-book-hotels-like-a-pro/;Best Travel Tips & Hacks;How to Book Hotels Like a Pro: The Free Cancellation Strategy;How to book hotels like a pro — the free cancellation strategy, how to choose between hotel, resort and Airbnb, and tips for travelling with a toddler.;;
Best Time to Visit the Dolomites;1;;1;Best Time to Visit the Dolomites;And What Nobody Tells You;2026.09.13;1:33;https://milesandflavors.com/best-time-to-visit-the-dolomites-and-what-nobody-tells-you/;Italy Travel Guide;Best Time to Visit the Dolomites: And What Nobody Tells You;The best time to visit the Dolomites is September — fewer crowds, lower prices, autumn color. Honest month-by-month breakdown from someone who's been there.;;
Milan to Dolomites Road Trip;1;;1;Milan to Dolomites Road Trip;5-Day Self-Drive Itinerary;2026.09.13;20:59;https://milesandflavors.com/milan-to-dolomites-road-trip/;Italy Travel Guide;Milan to Dolomites Road Trip: 5-Day Self-Drive Itinerary;Lake Como, Val Gardena, Lago di Braies, Cortina — in 5 days by car. Real driving times, what to book ahead, and the one mistake that ruins Braies.;;
Vermont Fall Foliage Guide;1;;1;Vermont Fall Foliage Guide;;2026.09.13;21:30;https://milesandflavors.com/vermont-fall-foliage-guide/;USA Travel Itineraries;Vermont Fall Foliage Guide;PENDING ARTICLE — placeholder copy, verify against the finished article before this pin renders. Working angle: an emotional, photo-led introduction to Vermont Fall Foliage Guide.;;
Things to Do in São Miguel;1;;1;Things to Do in São Miguel;The Best of the Azores (+ How Many Days You Need);2026.09.13;22:31;https://milesandflavors.com/things-to-do-in-sao-miguel/;Most Beautiful Places in the World;Things to Do in São Miguel: The Best of the Azores (+ How Many Days You Need);Planning the Azores? Here's what to do in São Miguel — the crater lakes of Sete Cidades, the hot springs of Furnas, whale watching, and how many days you actually need.;;
Best Things to Do in Tokyo;1;;1;Best Things to Do in Tokyo;20 Experiences Worth Planning Around;2026.09.13;23:05;https://milesandflavors.com/best-things-to-do-in-tokyo/;Japan Travel Guide;Best Things to Do in Tokyo: 20 Experiences Worth Planning Around;From Senso-ji at dawn to Golden Gai at night — the 20 best things to do in Tokyo that are actually worth your time, with honest advice on what to skip and what to book early.;;
2 Days in Athens;1;;1;2 Days in Athens;The Perfect First-Timer Itinerary;2026.09.13;23:32;https://milesandflavors.com/2-days-in-athens/;Greece Travel Guide;2 Days in Athens: The Perfect First-Timer Itinerary;Planning 2 days in Athens? A first-timer's itinerary for the Acropolis, Plaka, the best food and sunset views — exactly how to see the city before the islands.;;
eSIM for Travel;1;;1;eSIM for Travel;Is It Worth It? (Honest Guide for 2026);2026.09.13;23:45;https://milesandflavors.com/esim-for-travel/;Best Travel Tips & Hacks;eSIM for Travel: Is It Worth It? (Honest Guide for 2026);eSIM for travel in 2026 — is it actually worth it? How to set it up before you fly, and why it matters even more when traveling with a toddler.;;
Is Christkindlmarket Worth It?;1;;1;Is Christkindlmarket Worth It?;An Honest Answer;2026.09.14;1:34;https://milesandflavors.com/christkindlmarket-chicago-worth-it/;Chicago Travel Guide;Is Christkindlmarket Worth It?: An Honest Answer;Christkindlmarket is the single biggest holiday event in Chicago's calendar, packed with mulled wine stalls, imported ornaments, and a genuinely large crowd.;;
Dolomites Travel Costs;1;;1;Dolomites Travel Costs;What We Actually Spent (Honest Breakdown);2026.09.14;21:01;https://milesandflavors.com/dolomites-travel-costs/;Italy Travel Guide;Dolomites Travel Costs: What We Actually Spent (Honest Breakdown);How much does a Dolomites travel costs? We spent €280 in one day. Here's the honest breakdown — accommodation, food, car rental, cable cars, and more.;;
Boston to Salem Day Trip;2;;1;Boston to Salem Day Trip;;2026.09.14;21:30;https://milesandflavors.com/boston-to-salem-day-trip/;USA Travel Itineraries;Boston to Salem Day Trip: Transport comparison;PENDING ARTICLE — infographic content not yet extractable (no source article exists). Planned infographic type: Transport comparison. Click-gap teaser: Best option for your October trip inside → Verify every fact against the finished article before rendering.;;
3 Days in Amsterdam;1;;1;3 Days in Amsterdam;The Honest First-Timer’s Itinerary;2026.09.14;22:30;https://milesandflavors.com/3-days-in-amsterdam/;Netherlands Travel Guide;3 Days in Amsterdam: The Honest First-Timer’s Itinerary;Exactly how to spend 3 days in Amsterdam — what's worth your time, what to skip, and how it plays out with a toddler in tow.;;
25 Best Things to Do in NYC;1;;1;25 Best Things to Do in NYC;A Local-Style Bucket List;2026.09.14;23:02;https://milesandflavors.com/25-best-things-to-do-in-nyc/;Bucket List Destinations;25 Best Things to Do in NYC: A Local-Style Bucket List;The 25 best things to do in NYC — iconic sights, free skyline views, and the neighborhoods most visitors miss. Honest picks, best times, and what to skip.;;
NYC Christmas Market;1;;1;NYC Christmas Market;Which One Is Actually Worth Your Time;2026.09.14;23:36;https://milesandflavors.com/nyc-christmas-market/;New York Travel Guide;NYC Christmas Market: Which One Is Actually Worth Your Time;New York doesn't have one Christmas market — it has several running at once, and they're genuinely different from each other.;;
What Chicago in December Actually Feels Like;1;;1;What Chicago in December Actually Feels Like;And How to Dress For It;2026.09.14;23:47;https://milesandflavors.com/chicago-in-december/;Chicago Travel Guide;What Chicago in December Actually Feels Like: And How to Dress For It;December in Chicago means real cold — wind chill off Lake Michigan is not a myth, and it's the coldest month you'll find on this site's Chicago calendar so.;;
Lincoln Park Zoo Chicago;1;;1;Lincoln Park Zoo Chicago;Is It Worth Your Time? (Free Admission Guide);2026.09.15;1:42;https://milesandflavors.com/lincoln-park-zoo-chicago-worth-it/;Chicago Travel Guide;Lincoln Park Zoo Chicago: Is It Worth Your Time? (Free Admission Guide);Lincoln Park Zoo has no admission fee, which makes it an easy add to a Chicago itinerary — but is it actually worth the hours it takes?;;
Stowe Vermont in Fall;1;;1;Stowe Vermont in Fall;;2026.09.15;21:30;https://milesandflavors.com/stowe-vermont-in-fall/;USA Travel Itineraries;Stowe Vermont in Fall;PENDING ARTICLE — placeholder copy, verify against the finished article before this pin renders. Working angle: an emotional, photo-led introduction to Stowe Vermont in Fall.;;
Best Canal Cruises in Amsterdam;1;;1;Best Canal Cruises in Amsterdam;Which One Is Actually Worth It;2026.09.15;21:44;https://milesandflavors.com/best-canal-cruises-in-amsterdam/;Netherlands Travel Guide;Best Canal Cruises in Amsterdam: Which One Is Actually Worth It;Amsterdam has dozens of canal cruise options. Here's how to pick the best canal cruises in Amsterdam by type, budget, and what actually makes a good experience.;;
Chicago Bucket List;1;;1;Chicago Bucket List;25 Best Things to Do;2026.09.15;22:27;https://milesandflavors.com/chicago-bucket-list-25-best-things-to-do/;Bucket List Destinations;Chicago Bucket List: 25 Best Things to Do;Chicago bucket list: 25 best things to do — from the architecture boat tour and Cloud Gate to blues clubs, deep-dish pizza and free lakefront sunsets.;;
NYC Halloween with Kids;1;;1;NYC Halloween with Kids;Parade Guide + What to Book;2026.09.15;23:14;https://milesandflavors.com/nyc-halloween-with-kids/;New York Travel Guide;NYC Halloween with Kids: Parade Guide + What to Book;The honest NYC Halloween guide for families: the Village Parade explained, NYBG's Fall-O-Ween, and the best trick-or-treating neighborhoods.;;
Chicago in November;1;;1;Chicago in November;Is It Worth Visiting? (Honest Guide);2026.09.15;23:32;https://milesandflavors.com/chicago-in-november/;Chicago Travel Guide;Chicago in November: Is It Worth Visiting? (Honest Guide);Chicago in November is really two different trips — quiet and cheap for 3 weeks, then the holiday season kicks off. Weather, events, and pricing.;;
Where to Stay in NYC with Kids;1;;1;Where to Stay in NYC with Kids;Best Neighborhoods + Hotel Picks;2026.09.15;23:51;https://milesandflavors.com/where-to-stay-in-nyc-with-kids/;Where to Stay: Best Hotels & Areas;Where to Stay in NYC with Kids: Best Neighborhoods + Hotel Picks;Family trip to NYC? Honest neighborhood guide — Upper West Side vs Midtown vs Brooklyn, what to look for in a family hotel room.;;
Where to Stay in Chicago with Kids;1;;1;Where to Stay in Chicago with Kids;Best Areas + Honest Picks;2026.09.16;1:41;https://milesandflavors.com/where-to-stay-in-chicago-with-kids/;Where to Stay: Best Hotels & Areas;Where to Stay in Chicago with Kids: Best Areas + Honest Picks;Family hotels near Chicago's Museum Campus, the Loop, and River North — honest picks with real family rooms, indoor pools, and no compromises.;;
Amsterdam at Christmas;1;;1;Amsterdam at Christmas;Ice Villages, Markets, and Canal Lights;2026.09.16;20:57;https://milesandflavors.com/amsterdam-at-christmas/;Netherlands Travel Guide;Amsterdam at Christmas: Ice Villages, Markets, and Canal Lights;Plan Amsterdam at Christmas with current 2026 market dates, Light Festival advice, winter weather, holiday openings, where to stay, and what to book.;;
The Perfect 7-Day New England Fall Road Trip Itinerary;2;;1;The Perfect 7-Day New England Fall Road Trip Itinerary;;2026.09.16;21:30;https://milesandflavors.com/new-england-fall-road-trip-itinerary/;USA Travel Itineraries;The Perfect 7-Day New England Fall Road Trip Itinerary: Road-trip route;PENDING ARTICLE — infographic content not yet extractable (no source article exists). Planned infographic type: Road-trip route. Click-gap teaser: Full route + rental-car strategy inside → Verify every fact against the finished article before rendering.;;
Amsterdam in October;1;;1;Amsterdam in October;Weather, ADE Warning & Prices;2026.09.16;21:41;https://milesandflavors.com/amsterdam-in-october/;Netherlands Travel Guide;Amsterdam in October: Weather, ADE Warning & Prices;Amsterdam in October: mild weather, cheaper hotels — and the one week (ADE) when prices triple if you don't plan around it.;;
Barcelona Bucket List;1;;1;Barcelona Bucket List;20 Best Things to Do;2026.09.16;22:25;https://milesandflavors.com/barcelona-bucket-list/;Bucket List Destinations;Barcelona Bucket List: 20 Best Things to Do;Barcelona has a way of making you feel like you're not seeing enough of it — no matter how much you see. We spent four days here and came back with a longer.;;
NYC in October;1;;1;NYC in October;18 Best Things to Do (Fall Guide);2026.09.16;23:05;https://milesandflavors.com/nyc-in-october/;New York Travel Guide;NYC in October: 18 Best Things to Do (Fall Guide);October in New York: Central Park at peak foliage, Comic Con, the Village Halloween Parade, and hotel rates still below the holiday spike.;;
Barcelona Airport to City Center;1;;1;Barcelona Airport to City Center;Fastest & Cheapest Ways;2026.09.16;23:39;https://milesandflavors.com/barcelona-airport-to-city-center/;Spain Travel Guide;Barcelona Airport to City Center: Fastest & Cheapest Ways;"Aerobus, train, metro, or taxi — Barcelona airport to city center compared honestly, including why the ""flat rate"" taxi claim is wrong.";;
Chicago in Winter;1;;1;Chicago in Winter;December, January, or February?;2026.09.16;23:46;https://milesandflavors.com/chicago-in-winter/;Chicago Travel Guide;Chicago in Winter: December, January, or February?;"Chicago winter isn't one season. December means the Christkindlmarket and peak prices; January and February are colder but far cheaper and quieter.";;
Barcelona in Winter;1;;1;Barcelona in Winter;December, January, or February?;2026.09.17;1:52;https://milesandflavors.com/barcelona-in-winter/;Spain Travel Guide;Barcelona in Winter: December, January, or February?;"Barcelona's winter is mild, not harsh. December means the Christmas market and peak prices; January and February are cheaper, quieter, and just as pleasant.";;
The Perfect Amsterdam Christmas Itinerary;1;;1;The Perfect Amsterdam Christmas Itinerary;2-3 Days, Planned Out;2026.09.17;21:02;https://milesandflavors.com/amsterdam-christmas-itinerary/;Netherlands Travel Guide;The Perfect Amsterdam Christmas Itinerary: 2-3 Days, Planned Out;Amsterdam's Christmas season isn't one big event you build a day around — it's three genuinely different things spread across the city, plus the canals.;;
Salem in October;3;;1;Salem in October;;2026.09.17;21:30;https://milesandflavors.com/salem-in-october/;USA Travel Itineraries;Salem in October — A Different Angle;PENDING ARTICLE — placeholder copy, verify against the finished article before this pin renders. Working angle: an alternate-angle photo or collage pin for Salem in October.;;
Amsterdam Bucket List;1;;1;Amsterdam Bucket List;25 Best Things to Do (First-Timer’s Guide);2026.09.17;21:39;https://milesandflavors.com/amsterdam-bucket-list/;Bucket List Destinations;Amsterdam Bucket List: 25 Best Things to Do (First-Timer’s Guide);Amsterdam bucket list— from canal cruises and the Rijksmuseum to stroopwafels, hidden courtyards, and the best spots first-timers always miss.;;
Amsterdam Light Festival;1;;1;Amsterdam Light Festival;The 2-Hour Canal Walk Worth Planning For;2026.09.17;22:22;https://milesandflavors.com/amsterdam-light-festival/;Netherlands Travel Guide;Amsterdam Light Festival: The 2-Hour Canal Walk Worth Planning For;Every winter, Amsterdam's canals turn into an open-air art gallery for the Amsterdam Light Festival — illuminated installations from artists around the world,.;;
Central Park with Kids;1;;1;Central Park with Kids;15 Activities for a Perfect Day;2026.09.17;23:11;https://milesandflavors.com/central-park-with-kids/;New York Travel Guide;Central Park with Kids: 15 Activities for a Perfect Day;21 playgrounds, a 1908 carousel, and a small zoo kids actually love — the Central Park family guide with playgrounds mapped by age group.;;
Amsterdam Travel Costs;1;;1;Amsterdam Travel Costs;What We Actually Spent (Honest Breakdown);2026.09.17;23:31;https://milesandflavors.com/amsterdam-travel-costs/;Travel Costs & Budget Guides;Amsterdam Travel Costs: What We Actually Spent (Honest Breakdown);Amsterdam travel costs: Our real spending breakdown for 3 days — accommodation, food, transport, and museum tickets, with sample budgets for every travel style.;;
Gothic Quarter at Night;1;;1;Gothic Quarter at Night;Is Barcelona’s Old Town Safe After Dark?;2026.09.17;23:52;https://milesandflavors.com/gothic-quarter-barcelona-at-night-safe/;Spain Travel Guide;Gothic Quarter at Night: Is Barcelona’s Old Town Safe After Dark?;The Gothic Quarter's narrow medieval streets feel different once the day-trip crowds clear out — quieter, atmospheric, and genuinely worth seeing after dark.;;
NYC Winter Bucket List;1;;1;NYC Winter Bucket List;The Version Nobody Rushes You Through;2026.09.18;1:36;https://milesandflavors.com/nyc-winter-bucket-list/;Bucket List Destinations;NYC Winter Bucket List: The Version Nobody Rushes You Through;The real NYC winter bucket list beyond the Rockefeller tree: a Bronx train show, the Coney Island Polar Bear Plunge, and Wollman Rink over the tourist rink.;;
Rockefeller Center vs Bryant Park Ice Skating;1;;1;Rockefeller Center vs Bryant Park Ice Skating;Which Rink Wins?;2026.09.18;20:55;https://milesandflavors.com/rockefeller-center-vs-bryant-park-ice-skating/;Bucket List Destinations;Rockefeller Center vs Bryant Park Ice Skating: Which Rink Wins?;Two of New York's most famous ice rinks sit less than a mile apart, and every winter visitor ends up asking the same question: which one is actually worth it?;;
Vermont Fall Foliage Guide;2;;1;Vermont Fall Foliage Guide;;2026.09.18;21:30;https://milesandflavors.com/vermont-fall-foliage-guide/;USA Travel Itineraries;Vermont Fall Foliage Guide: Foliage destination chooser;PENDING ARTICLE — infographic content not yet extractable (no source article exists). Planned infographic type: Foliage destination chooser. Click-gap teaser: Town comparison + scenic route inside → Verify every fact against the finished article before rendering.;;
Rijksmuseum vs Van Gogh Museum;1;;1;Rijksmuseum vs Van Gogh Museum;Which One Is Worth It?;2026.09.18;21:47;https://milesandflavors.com/rijksmuseum-vs-van-gogh-museum/;Netherlands Travel Guide;Rijksmuseum vs Van Gogh Museum: Which One Is Worth It?;Rijksmuseum or Van Gogh Museum — which earns your limited Amsterdam time? Honest comparison: price, hours, highlights, and whether to do both.;;
NYC in Winter;1;;1;NYC in Winter;The Season Most First-Timers Get Wrong;2026.09.18;22:28;https://milesandflavors.com/nyc-in-winter/;New York Travel Guide;NYC in Winter: The Season Most First-Timers Get Wrong;NYC winter isn't one season -- December's holiday crowds, then a cheaper, quieter January and February with Winter Jazzfest and Restaurant Week.;;
Sagrada Família Towers;1;;1;Sagrada Família Towers;Are the Tower Tickets Worth It?;2026.09.18;23:06;https://milesandflavors.com/sagrada-familia-towers-worth-it/;Spain Travel Guide;Sagrada Família Towers: Are the Tower Tickets Worth It?;Tower access adds €10 to Sagrada Família entry — is it worth it? Nativity vs Passion tower, when to skip it, honestly broken down.;;
Where to Stay in Chicago;1;;1;Where to Stay in Chicago;7 Best Areas & Hotels;2026.09.18;23:36;https://milesandflavors.com/where-to-stay-in-chicago-7-best-areas-hotels/;Where to Stay: Best Hotels & Areas;Where to Stay in Chicago: 7 Best Areas & Hotels;Where to stay in Chicago? Honest guide to 7 neighborhoods the Loop, River North, West Loop, Gold Coast and more with hotels for every budget.;;
Chicago Winter Bucket List;1;;1;Chicago Winter Bucket List;What’s Actually Worth the Cold;2026.09.18;23:45;https://milesandflavors.com/chicago-winter-bucket-list/;Bucket List Destinations;Chicago Winter Bucket List: What’s Actually Worth the Cold;The real Chicago winter bucket list beyond the Christkindlmarket: the North Avenue Beach Polar Plunge, Restaurant Week, and a rooftop rink most tourists never find.;;
Chicago in September;1;;1;Chicago in September;Best Things to Do + Why It’s the Best Month;2026.09.19;1:45;https://milesandflavors.com/chicago-in-september/;Chicago Travel Guide;Chicago in September: Best Things to Do + Why It’s the Best Month;Is September good for Chicago? Honest guide — weather, the free Jazz Festival, hotel prices vs. July, and what to pack for a first visit.;;
Amsterdam in December;1;;1;Amsterdam in December;Sinterklaas, Markets, and a Wild New Year;2026.09.19;20:58;https://milesandflavors.com/amsterdam-in-december/;Netherlands Travel Guide;Amsterdam in December: Sinterklaas, Markets, and a Wild New Year;December in Amsterdam runs from Sinterklaas through the Christmas markets to a genuinely loud, street-level New Year's Eve.;;
Boston to Salem Day Trip;3;;1;Boston to Salem Day Trip;;2026.09.19;21:30;https://milesandflavors.com/boston-to-salem-day-trip/;USA Travel Itineraries;Boston to Salem Day Trip — A Different Angle;PENDING ARTICLE — placeholder copy, verify against the finished article before this pin renders. Working angle: an alternate-angle photo or collage pin for Boston to Salem Day Trip.;;
Fall in New York City;1;;1;Fall in New York City;What to Do, See & Expect;2026.09.19;21:42;https://milesandflavors.com/fall-in-new-york-city/;New York Travel Guide;Fall in New York City: What to Do, See & Expect;Plan your fall trip to New York City. Best foliage spots, fall events (Halloween Parade, NYC Marathon), what to wear, and where to go in September, October & November.;;
Amsterdam in Winter;1;;1;Amsterdam in Winter;December, January, or February?;2026.09.19;22:23;https://milesandflavors.com/amsterdam-in-winter/;Netherlands Travel Guide;Amsterdam in Winter: December, January, or February?;"Amsterdam winter isn't one season. December brings the Christmas markets and peak prices; January and February are colder and wetter, but far cheaper and quieter.";;
NYC Travel Costs 2026;1;;1;NYC Travel Costs 2026;The Honest New York City Budget Guide (Hotels, Food, Transport & Tickets);2026.09.19;23:14;https://milesandflavors.com/nyc-travel-costs/;Travel Costs & Budget Guides;NYC Travel Costs 2026: The Honest New York City Budget Guide (Hotels, Food, Transport & Tickets);What does New York City actually cost in 2026? Hotels, subway, food, observation decks, Broadway. The honest NYC budget breakdown for first-time visitors.;;
Barcelona in September;1;;1;Barcelona in September;What It’s Really Like (+ La Mercè Guide);2026.09.19;23:32;https://milesandflavors.com/barcelona-in-september/;Spain Travel Guide;Barcelona in September: What It’s Really Like (+ La Mercè Guide);Is September good for Barcelona? Honest guide — weather, swimmable beaches, La Mercè festival dates, hotel prices vs. August, and what to pack.;;
Barcelona Winter Bucket List;1;;1;Barcelona Winter Bucket List;The Season Most Visitors Skip;2026.09.19;23:46;https://milesandflavors.com/barcelona-winter-bucket-list/;Bucket List Destinations;Barcelona Winter Bucket List: The Season Most Visitors Skip;The real Barcelona winter bucket list beyond the Christmas market: the Three Kings Parade, Festes de Santa Eulàlia, and a 150-year-old cup of hot chocolate.;;
Best Things to Do in Chicago for First-Timers;1;;1;Best Things to Do in Chicago for First-Timers;In the Right Order;2026.09.20;1:42;https://milesandflavors.com/best-things-to-do-in-chicago/;Chicago Travel Guide;Best Things to Do in Chicago for First-Timers: In the Right Order;First trip to Chicago? Start with the architecture river cruise on day one — it orients you to the whole city in 90 minutes.;;
Central Park NYC;1;;1;Central Park NYC;Pedicab Tour, Walking Tour or Self-Guided? (Visitor Guide);2026.09.20;20:56;https://milesandflavors.com/central-park-nyc-guide/;New York Travel Guide;Central Park NYC: Pedicab Tour, Walking Tour or Self-Guided? (Visitor Guide);Central Park pedicab tour, guided walk, or self-guided? Honest comparison of all three — prices, what you see, and which one suits your trip best.;;
Stowe Vermont in Fall;2;;1;Stowe Vermont in Fall;;2026.09.20;21:30;https://milesandflavors.com/stowe-vermont-in-fall/;USA Travel Itineraries;Stowe Vermont in Fall: Cozy 2-day itinerary;PENDING ARTICLE — infographic content not yet extractable (no source article exists). Planned infographic type: Cozy 2-day itinerary. Click-gap teaser: Full cozy weekend + rainy-day swaps inside → Verify every fact against the finished article before rendering.;;
Anne Frank House Tickets;1;;1;Anne Frank House Tickets;Book This Far Ahead or You Won’t Get In;2026.09.20;21:36;https://milesandflavors.com/anne-frank-house-tickets-guide/;Netherlands Travel Guide;Anne Frank House Tickets: Book This Far Ahead or You Won’t Get In;Anne Frank House tickets release every Tuesday at 10 AM, exactly six weeks before your visit date — and popular slots sell out in minutes.;;
NYC in September;1;;1;NYC in September;15 Best Things to Do (Honest Weather Guide);2026.09.20;22:31;https://milesandflavors.com/nyc-in-september/;New York Travel Guide;NYC in September: 15 Best Things to Do (Honest Weather Guide);Is September a good time for NYC? Honest guide — weather, the US Open, what to pack, hotel prices vs. October, and what first-timers get wrong.;;
Is Leavenworth Worth It at Christmas?;1;;1;Is Leavenworth Worth It at Christmas?;An Honest Answer;2026.09.20;23:03;https://milesandflavors.com/leavenworth-christmas-worth-it/;USA Travel Itineraries;Is Leavenworth Worth It at Christmas?: An Honest Answer;Is Leavenworth worth it at Christmas? Compare 2026 dates, crowds, costs, weather, Seattle transport, and what Christmastown actually offers.;;
Getting to Navy Pier;1;;1;Getting to Navy Pier;Parking, Rideshare & Transit Guide;2026.09.20;23:39;https://milesandflavors.com/getting-to-navy-pier-parking-rideshare-transit/;Chicago Travel Guide;Getting to Navy Pier: Parking, Rideshare & Transit Guide;Navy Pier parking costs, the $5 rideshare surcharge nobody expects, and the CTA bus route most visitors miss — everything you need before you go.;;
Where to Stay in Barcelona;1;;1;Where to Stay in Barcelona;5 Neighborhoods, 5 Different Trips;2026.09.20;23:52;https://milesandflavors.com/where-to-stay-in-barcelona/;Where to Stay: Best Hotels & Areas;Where to Stay in Barcelona: 5 Neighborhoods, 5 Different Trips;Eixample, Gothic Quarter, El Born, or Barceloneta — the neighborhoods here are different enough that the choice actually changes the trip. Honest pros, cons, and hotel picks for every budget.;;
Best Things to Do in Brooklyn;1;;1;Best Things to Do in Brooklyn;Complete First-Timer’s Guide;2026.09.21;1:44;https://milesandflavors.com/best-things-to-do-in-brooklyn/;New York Travel Guide;Best Things to Do in Brooklyn: Complete First-Timer’s Guide;Planning a Brooklyn visit? Here's what to actually prioritize — from the Brooklyn Bridge walk and DUMBO to Brooklyn Bridge Park at golden hour, a food tour, and Williamsburg.;;
Amsterdam in September;1;;1;Amsterdam in September;A Surprisingly Perfect Time to Visit;2026.09.21;21:02;https://milesandflavors.com/amsterdam-in-september/;Netherlands Travel Guide;Amsterdam in September: A Surprisingly Perfect Time to Visit;Is September good for Amsterdam? Honest guide — weather, Open Monumentendag dates, why it beats May's crowds, hotel prices, and what to pack.;;
The Perfect 7-Day New England Fall Road Trip Itinerary;3;;1;The Perfect 7-Day New England Fall Road Trip Itinerary;;2026.09.21;21:30;https://milesandflavors.com/new-england-fall-road-trip-itinerary/;USA Travel Itineraries;The Perfect 7-Day New England Fall Road Trip Itinerary — A Different Angle;PENDING ARTICLE — placeholder copy, verify against the finished article before this pin renders. Working angle: an alternate-angle photo or collage pin for The Perfect 7-Day New England Fall Road Trip Itinerary.;;
Times Square NYC;1;;1;Times Square NYC;Is It Worth Visiting? (Honest Guide);2026.09.21;21:41;https://milesandflavors.com/times-square-nyc-guide/;New York Travel Guide;Times Square NYC: Is It Worth Visiting? (Honest Guide);Is Times Square worth visiting? Honest guide — best time to go (hint: night), what to actually do, what to skip, TKTS explained, and how long to spend.;;
Montserrat Day Trip from Barcelona;1;;1;Montserrat Day Trip from Barcelona;How to Visit (Train, Cable Car & What to See);2026.09.21;22:26;https://milesandflavors.com/montserrat-day-trip-from-barcelona/;Day Trips & Excursions;Montserrat Day Trip from Barcelona: How to Visit (Train, Cable Car & What to See);How to do a Montserrat day trip from Barcelona — the train, cable car and rack railway, what to see at the monastery, and whether to go solo or on a tour.;;
Amsterdam Winter Bucket List;1;;1;Amsterdam Winter Bucket List;Cozy, Not Just Cold;2026.09.21;23:13;https://milesandflavors.com/amsterdam-winter-bucket-list/;Bucket List Destinations;Amsterdam Winter Bucket List: Cozy, Not Just Cold;The real Amsterdam winter bucket list beyond the Christmas market: the Museumplein ice rink, a Sloterplas New Year's dive, and warm greenhouses at the Hortus Botanicus.;;
Best Things to Do in Barcelona for Couples;1;;1;Best Things to Do in Barcelona for Couples;Romantic Guide;2026.09.21;23:32;https://milesandflavors.com/best-things-to-do-in-barcelona-for-couples/;Spain Travel Guide;Best Things to Do in Barcelona for Couples: Romantic Guide;Planning a couple's trip to Barcelona? Start with the sunset sailing, spend an evening in the Gothic Quarter, and don't skip the Sagrada Família interior — it's worth booking early.;;
Millennium Park & Cloud Gate Chicago;1;;1;Millennium Park & Cloud Gate Chicago;The Complete Guide;2026.09.21;23:53;https://milesandflavors.com/millennium-park-cloud-gate-chicago/;Chicago Travel Guide;Millennium Park & Cloud Gate Chicago: The Complete Guide;Everything you need to know about Millennium Park and Cloud Gate — hours, best times for photos, what else is in the park, and what I'd book nearby.;;
One World Observatory NYC;1;;1;One World Observatory NYC;Is It Worth the Ticket? (Honest Lower Manhattan Guide);2026.09.22;1:33;https://milesandflavors.com/one-world-observatory-nyc/;New York Travel Guide;One World Observatory NYC: Is It Worth the Ticket? (Honest Lower Manhattan Guide);One World Observatory on the 102nd floor of One World Trade Center — is it worth it vs Empire State and Top of the Rock?;;
5-day New York City Itinerary for first-time visitors;1;;1;5-Day New York City Itinerary;A realistic 5-day New York City itinerary;2026.09.22;20:59;https://milesandflavors.com/5-day-new-york-city-itinerary/;New York Travel Guide;5-Day New York City Itinerary: The Neighborhood-by-Neighborhood Route;Five days, each anchored in a different part of the city so you're not crisscrossing Manhattan: Midtown, then Downtown and Brooklyn, then Central Park and the Met, then the Statue of Liberty and Midtown icons (the ferry, Rockefeller Center, Top of the Rock), and finally a Greenwich Village and Chelsea day to close it out. Full daily timing, booking order + map inside →;;
The Chicago Architecture River Cruise;1;;1;The Chicago Architecture River Cruise;Which Tour to Pick & How to Book;2026.09.22;21:48;https://milesandflavors.com/chicago-architecture-river-cruise/;Chicago Travel Guide;The Chicago Architecture River Cruise: Which Tour to Pick & How to Book;The Chicago Architecture River Cruise is the city's top experience — here's which boat tour to choose, what you'll see, the best time to go, and how to book.;;
Best Things to Do in NYC This Weekend;1;;1;Best Things to Do in NYC This Weekend;The Perfect 2-Day New York City Guide;2026.09.22;22:28;https://milesandflavors.com/things-to-do-in-nyc-this-weekend/;New York Travel Guide;Best Things to Do in NYC This Weekend: The Perfect 2-Day New York City Guide;Two days in NYC done right — Central Park, the High Line, Brooklyn Bridge, and a free Statue of Liberty view most first-timers never find.;;
Sagrada Familia;1;;1;Sagrada Familia;Skip the Line or Not? (Honest Guide);2026.09.22;23:03;https://milesandflavors.com/sagrada-familia-skip-the-line/;Spain Travel Guide;Sagrada Familia: Skip the Line or Not? (Honest Guide);Do you need a skip-the-line tour at Sagrada Familia — or just a ticket? Here's the honest answer, what each option gives you, and what I'd actually book.;;
Where to Stay in NYC;1;;1;Where to Stay in NYC;Best Neighborhoods for First-Timers (+ All Budgets);2026.09.22;23:28;https://milesandflavors.com/where-to-stay-in-nyc/;Where to Stay: Best Hotels & Areas;Where to Stay in NYC: Best Neighborhoods for First-Timers (+ All Budgets);The best neighborhoods to stay in NYC — from Midtown's convenience to Brooklyn's vibe — with honest pros, cons, and hotel picks for every budget.;;
Leavenworth Christmas Itinerary;1;;1;Leavenworth Christmas Itinerary;A Practical 2–3 Day Guide;2026.09.22;23:48;https://milesandflavors.com/leavenworth-christmas-itinerary/;USA Travel Itineraries;Leavenworth Christmas Itinerary: A Practical 2–3 Day Guide;Plan a practical 2-3 day Leavenworth Christmas itinerary with lights, the Nutcracker Museum, winter activities, food, parking, and hotel tips.;;
Free Things to Do in Barcelona;1;;1;Free Things to Do in Barcelona;20 Best Experiences;2026.09.23;1:42;https://milesandflavors.com/free-things-to-do-in-barcelona/;Spain Travel Guide;Free Things to Do in Barcelona: 20 Best Experiences;Discover the best free things to do in Barcelona, from beaches and viewpoints to Gothic Quarter walks, parks, markets, and iconic landmarks—20 unforgettable experiences.;;
Park Güell and Sagrada Família;1;;1;Park Güell and Sagrada Família;How to Do Both Gaudí Icons in One Day;2026.09.23;21:01;https://milesandflavors.com/park-guell-sagrada-familia-barcelona/;Spain Travel Guide;Park Güell and Sagrada Família: How to Do Both Gaudí Icons in One Day;Park Güell at 8am, Sagrada Família before noon — the exact sequence for Gaudí's two icons in one Barcelona day. Tickets, timing, and the stained glass secret.;;
Vermont Fall Foliage Guide;3;;1;Vermont Fall Foliage Guide;;2026.09.23;21:30;https://milesandflavors.com/vermont-fall-foliage-guide/;USA Travel Itineraries;Vermont Fall Foliage Guide — A Different Angle;PENDING ARTICLE — placeholder copy, verify against the finished article before this pin renders. Working angle: an alternate-angle photo or collage pin for Vermont Fall Foliage Guide.;;
3 Days in Chicago with Kids;1;;1;3 Days in Chicago with Kids;A Family Itinerary That Works;2026.09.23;21:46;https://milesandflavors.com/chicago-family-itinerary-3-days/;Chicago Travel Guide;3 Days in Chicago with Kids: A Family Itinerary That Works;Family trip to Chicago? Honest 3-day itinerary — Millennium Park, Shedd Aquarium, Lincoln Park Zoo and Navy Pier, paced for kids.;;
Free Things to Do in NYC;1;;1;Free Things to Do in NYC;The Complete Guide (2026);2026.09.23;22:22;https://milesandflavors.com/free-things-to-do-in-nyc/;New York Travel Guide;Free Things to Do in NYC: The Complete Guide (2026);The Staten Island Ferry, Brooklyn Bridge at dawn, the High Line, DUMBO — every genuinely worthwhile free experience in New York City, honestly ranked.;;
4 Days in Barcelona;1;;1;4 Days in Barcelona;The Perfect Itinerary;2026.09.23;23:02;https://milesandflavors.com/4-days-in-barcelona-the-perfect-itinerary/;Spain Travel Guide;4 Days in Barcelona: The Perfect Itinerary;4 Days in Barcelona: The Perfect Itinerary.;;
3 Days in Amsterdam with Kids;1;;1;3 Days in Amsterdam with Kids;The Best Family Itinerary;2026.09.23;23:38;https://milesandflavors.com/amsterdam-family-itinerary-3-days/;Netherlands Travel Guide;3 Days in Amsterdam with Kids: The Best Family Itinerary;Family trip to Amsterdam? Honest 3-day itinerary — canal cruise, NEMO Science Museum, Vondelpark, and Zaanse Schans, paced for kids.;;
Chicago Fall Bucket List;1;;1;Chicago Fall Bucket List;What’s Actually Worth It;2026.09.23;23:55;https://milesandflavors.com/chicago-fall-bucket-list/;Bucket List Destinations;Chicago Fall Bucket List: Three Ways to Spend an October Afternoon;A guided fall food crawl for a crisp (not hot) afternoon, a corn-maze day trip out to the suburbs (bring an eSIM — data gets spotty off the highway), and a clear-weekday park walk once temperatures settle into the upper 50s°F. More fall experiences + planning details inside →;;
Best Florida Christmas Towns;1;;1;Best Florida Christmas Towns;Which One Is Worth the Trip;2026.09.24;1:36;https://milesandflavors.com/best-florida-christmas-towns/;USA Travel Itineraries;Best Florida Christmas Towns: Which One Is Worth the Trip;Florida and Christmas sound like a contradiction: no snow, no frost, and palm trees instead of pines. What Florida does instead is go all-in on lights.;;
Willis Tower Skydeck vs 360 Chicago;1;;1;Willis Tower Skydeck vs 360 Chicago;Which Observation Deck Is Worth It?;2026.09.24;21:00;https://milesandflavors.com/willis-tower-skydeck-vs-360-chicago/;Chicago Travel Guide;Willis Tower Skydeck vs 360 Chicago: Which Observation Deck Is Worth It?;Willis Tower Skydeck or 360 Chicago — which is worth it? Honest comparison of height, the Ledge, TILT, views, and tickets so you book the right one.;;
15 Best Christmas Markets in Europe Worth Traveling For;1;;1;15 Best Christmas Markets in Europe Worth Traveling For;;2026.09.24;21:30;https://milesandflavors.com/best-christmas-markets-in-europe/;Europe Travel Itineraries;15 Best Christmas Markets in Europe Worth Traveling For;PENDING ARTICLE — placeholder copy, verify against the finished article before this pin renders. Working angle: an emotional, photo-led introduction to 15 Best Christmas Markets in Europe Worth Traveling For.;;
One Day in New York;1;;1;One Day in New York;Statue of Liberty, 9/11 Memorial & Times Square;2026.09.24;21:45;https://milesandflavors.com/one-day-in-new-york/;New York Travel Guide;One Day in New York: Statue of Liberty, 9/11 Memorial & Times Square;The classic first-timer New York day done right — Liberty Island and Ellis Island in the morning, 9/11 Memorial in the afternoon, Times Square at night.;;
Barcelona in One Day;1;;1;Barcelona in One Day;Sagrada Família, Park Güell & Old Town Itinerary;2026.09.24;22:31;https://milesandflavors.com/barcelona-in-one-day-itinerary/;Spain Travel Guide;Barcelona in One Day: Sagrada Família, Park Güell & Old Town Itinerary;One day in Barcelona done right — Park Güell at 9am, Sagrada Família by 11am, Old Town in the afternoon, Barceloneta at sunset.;;
Navy Pier Chicago;1;;1;Navy Pier Chicago;What to Do, What to Skip, and When to Go;2026.09.24;23:09;https://milesandflavors.com/navy-pier-chicago/;Chicago Travel Guide;Navy Pier Chicago: What to Do, What to Skip, and When to Go;Navy Pier is free, the fireworks are spectacular, and most of what's inside is skippable. The honest guide to getting the most out of Chicago's biggest attraction.;;
NYC Fall Bucket List;1;;1;NYC Fall Bucket List;An Honest First-Timer’s Guide;2026.09.24;23:31;https://milesandflavors.com/nyc-fall-bucket-list/;Bucket List Destinations;NYC Fall Bucket List: Three Free Ways to See the Season;Green-Wood Cemetery in Brooklyn (free, 2-3 hrs, October through early November), a self-paced West Village walk past decorated stoops (free, weekday afternoons, late September to Halloween), and the Charles-Bank-Grove-St. Luke's Place route (free, 1.5-2 unhurried hours, same late-Sept-to-Halloween window). Full fall plan + best timing inside →;;
Best Fall Foliage Day Trips from NYC (Ranked Guide;1;;1;Best Fall Foliage Day Trips from NYC;Hudson Valley by train;2026.09.24;23:55;https://milesandflavors.com/nyc-fall-foliage-day-trips/;Day Trips & Excursions;Best Fall Foliage Day Trips from NYC: Which One Fits Your Day;Three real ways out of the city for color: the Catskills (car, ~2-3 hrs) for hiking and dramatic mountain scenery early-to-mid October, Connecticut's Litchfield Hills (car, ~2 hrs, no train option) for a quieter mid-to-late-October drive, or the Hudson River fall foliage cruise (~2.5 hrs round trip from Manhattan, no car needed) if a full day trip doesn't fit. Full day-trip comparison + timing details inside →;;
NYC Hidden Gems;1;;1;NYC Hidden Gems;10 Secret Spots Most First-Timers Never Find;2026.09.25;1:35;https://milesandflavors.com/nyc-hidden-gems/;New York Travel Guide;NYC Hidden Gems: 10 Secret Spots Most First-Timers Never Find;You've seen Times Square, you've crossed the Brooklyn Bridge, and you've taken the obligatory photo in front of the Flatiron Building.;;
Camp Nou Tour;1;;1;Camp Nou Tour;Is It Worth It If You Don’t Follow Soccer?;2026.09.25;21:00;https://milesandflavors.com/camp-nou-tour-worth-it/;Spain Travel Guide;Camp Nou Tour: Is It Worth It If You Don’t Follow Soccer?;Camp Nou's classic pitch-side tour is currently paused during the stadium's major renovation, replaced by a museum and immersive exhibition.;;
Stowe Vermont in Fall;3;;1;Stowe Vermont in Fall;;2026.09.25;21:30;https://milesandflavors.com/stowe-vermont-in-fall/;USA Travel Itineraries;Stowe Vermont in Fall — A Different Angle;PENDING ARTICLE — placeholder copy, verify against the finished article before this pin renders. Working angle: an alternate-angle photo or collage pin for Stowe Vermont in Fall.;;
Free Things to Do in Chicago;1;;1;Free Things to Do in Chicago;20 Best Experiences;2026.09.25;21:41;https://milesandflavors.com/20-free-things-to-do-in-chicago/;Chicago Travel Guide;Free Things to Do in Chicago: 20 Best Experiences;Free things to do in Chicago: 20 genuinely free experiences: Cloud Gate, Lincoln Park Zoo, the Riverwalk, Pilsen murals and the best free sunset in the city.;;
Casa Batlló Barcelona;1;;1;Casa Batlló Barcelona;Inside Look, Ticket Prices & the Complete Gaudí Trail;2026.09.25;22:21;https://milesandflavors.com/casa-batllo-gaudi-trail-barcelona/;Spain Travel Guide;Casa Batlló Barcelona: Inside Look, Ticket Prices & the Complete Gaudí Trail;Is Casa Batlló worth it? Honest guide to the interior, ticket tiers, La Pedrera, the Block of Discord and the complete Gaudí trail in Barcelona.;;
NYC at Christmas;1;;1;NYC at Christmas;What to See & Do;2026.09.25;23:09;https://milesandflavors.com/nyc-at-christmas/;New York Travel Guide;NYC at Christmas: What to See & Do;Plan NYC at Christmas with honest advice on Rockefeller Center, holiday markets, Dyker Heights, shows, hotels, crowds, and real trip costs.;;
Amsterdam with a Toddler;1;;1;Amsterdam with a Toddler;What Actually Works (And What to Skip);2026.09.25;23:32;https://milesandflavors.com/amsterdam-with-a-toddler/;Netherlands Travel Guide;Amsterdam with a Toddler: What Actually Works (And What to Skip);Amsterdam with a toddler is more doable than it looks — if you know which neighborhoods, attractions, and logistics actually work with a 2-3 year old in tow.;;
Is Disney World Worth It at Christmas?;1;;1;Is Disney World Worth It at Christmas?;An Honest Answer;2026.09.25;23:46;https://milesandflavors.com/disney-world-christmas-worth-it/;USA Travel Itineraries;Is Disney World Worth It at Christmas?: An Honest Answer;Walt Disney World does not do the holidays halfway. A 65-foot Christmas tree goes up on Main Street, wreaths and garlands cover every corner of every park,.;;
NYC Christmas Itinerary;1;;1;NYC Christmas Itinerary;A Day-by-Day Plan That Actually Works;2026.09.26;1:50;https://milesandflavors.com/nyc-christmas-itinerary/;New York Travel Guide;NYC Christmas Itinerary: A Day-by-Day Plan That Actually Works;Day 1: Rockefeller Center, the Fifth Avenue holiday windows (Saks and Bergdorf Goodman), and Bryant Park. Day 2: a Broadway show plus the rest of Manhattan. Dyker Heights' lit-up houses fit in as a roughly 4-hour round trip from Midtown if you want to add it. Complete festive route + booking order inside →;;
3 Days in Chicago Itinerary;1;;1;3 Days in Chicago Itinerary;The Perfect First-Time Guide;2026.09.26;20:51;https://milesandflavors.com/3-days-in-chicago-itinerary/;Chicago Travel Guide;3 Days in Chicago Itinerary: The Perfect First-Time Guide;3 Days in Chicago Itinerary: The Perfect First-Time Guide. This complete day-by-day itinerary covers the best of the city — organized by location.;;
Barcelona at Christmas;1;;1;Barcelona at Christmas;Mild Weather, Real Magic;2026.09.26;21:43;https://milesandflavors.com/barcelona-at-christmas/;Spain Travel Guide;Barcelona at Christmas: Mild Weather, Real Magic;Christmas in Barcelona is nothing like Chicago or NYC — mild weather, centuries-old markets, and Catalan traditions like Caga Tió and Three Kings' Day.;;
Thanksgiving in Chicago 2026;1;;1;Thanksgiving in Chicago 2026;Parade, Weather and What’s Open;2026.09.26;22:21;https://milesandflavors.com/thanksgiving-in-chicago/;Chicago Travel Guide;Thanksgiving in Chicago 2026: Parade, Weather and What’s Open;Planning Thanksgiving in Chicago in 2026? Compare parade timing, weather, closures, open attractions, dinner plans and the holiday weekend.;;
NYC in November;1;;1;NYC in November;The Bucket List Before Winter Hits;2026.09.26;23:05;https://milesandflavors.com/nyc-in-november/;New York Travel Guide;NYC in November: The Bucket List Before Winter Hits;Planning NYC in November 2026? Compare weather, fall color, holiday openings, Thanksgiving crowds and the best week for your trip.;;
Where to Stay in Amsterdam;1;;1;Where to Stay in Amsterdam;Best Neighborhoods Honestly Ranked;2026.09.26;23:39;https://milesandflavors.com/where-to-stay-in-amsterdam/;Where to Stay: Best Hotels & Areas;Where to Stay in Amsterdam: Best Neighborhoods Honestly Ranked;Where to stay in Amsterdam depends on what you value. Here's an honest neighborhood ranking — Jordaan, De Pijp, Museum Quarter, and Centrum compared.;;
Best Day Trips from Amsterdam;1;;1;Best Day Trips from Amsterdam;Worth It vs. Skip;2026.09.26;23:48;https://milesandflavors.com/best-day-trips-from-amsterdam/;Day Trips & Excursions;Best Day Trips from Amsterdam: Worth It vs. Skip;The best day trips from Amsterdam ranked honestly — Zaanse Schans, Giethoorn, Keukenhof, Haarlem, and what's actually worth leaving the city for.;;
Barcelona in October;1;;1;Barcelona in October;Weather, Prices & What to Know;2026.09.27;21:01;https://milesandflavors.com/barcelona-in-october/;Spain Travel Guide;Barcelona in October: Weather, Prices & What to Know;Barcelona in October: mild weather, 25-40% lower hotel rates, thinner crowds — and the rainiest month nobody warns you about.;;
Vienna Christmas Markets;1;;1;Vienna Christmas Markets;;2026.09.27;21:30;https://milesandflavors.com/vienna-christmas-markets/;Europe Travel Itineraries;Vienna Christmas Markets;PENDING ARTICLE — placeholder copy, verify against the finished article before this pin renders. Working angle: an emotional, photo-led introduction to Vienna Christmas Markets.;;
Chicago Hop-On Hop-Off Bus;1;;1;Chicago Hop-On Hop-Off Bus;Is It Worth the Money?;2026.09.27;21:39;https://milesandflavors.com/chicago-hop-on-hop-off/;Chicago Travel Guide;Chicago Hop-On Hop-Off Bus: Is It Worth the Money?;The Chicago hop-on hop-off bus covers the right stops — but is it worth $49? Honest verdict: who should buy it, who should skip it, and what to do instead.;;
Empire State Building vs Top of the Rock;1;;1;Empire State Building vs Top of the Rock, NYC;Which Should You Visit?;2026.09.27;22:27;https://milesandflavors.com/empire-state-building-vs-top-of-the-rock/;New York Travel Guide;Empire State Building vs Top of the Rock, NYC: The 90-Second Decision;"Top of the Rock's view includes the Empire State Building in the skyline — the Empire State Building's own view doesn't, for the obvious reason. Empire State gives you the 86th-floor main deck with an optional 102nd-floor upgrade; Top of the Rock is a single 70th-floor outdoor deck. The final winner by traveler type inside →";;
Barcelona in November;1;;1;Barcelona in November;The Cheapest Month to Visit;2026.09.27;23:08;https://milesandflavors.com/barcelona-in-november/;Spain Travel Guide;Barcelona in November: The Cheapest Month to Visit;Barcelona in November: the year's cheapest hotel rates, thinnest crowds, and actually less rain than October — what to know before you book.;;
How to Get to the Dolomites from Milan;1;;1;How to Get to the Dolomites from Milan;Before we booked flights, the question came up twice;2026.09.27;23:34;https://milesandflavors.com/dolomites-from-milan/;Italy Travel Guide;How to Get to the Dolomites from Milan: Before we booked flights, the question came up twice;Before we booked flights, the question came up twice: do we actually need a car? A friend who’d done the Dolomites by train said it was perfectly fine.;;
Best Things to Do in Osaka;1;;1;Best Things to Do in Osaka;Osaka has a reputation for food and a personality;2026.09.28;1:43;https://milesandflavors.com/best-things-to-do-in-osaka/;Japan Travel Guide;Best Things to Do in Osaka: Osaka has a reputation for food and a personality;Osaka has a reputation for food and a personality for fun — and both are earned. It’s the least formal of Japan’s major cities, the one where people eat standing at counters without embarrassment and strike up conversations with strangers.;;
Chicago at Christmas;1;;1;Chicago at Christmas;Christkindlmarket, Ice Skating & Holiday Magic;2026.09.28;20:57;https://milesandflavors.com/chicago-at-christmas/;Chicago Travel Guide;Chicago at Christmas: Christkindlmarket, Ice Skating & Holiday Magic;Plan Chicago at Christmas with honest advice on Christkindlmarket, ZooLights, Millennium Park skating, holiday lights, hotels, weather, and costs.;;
2 Days in Barcelona at Christmas;1;;1;2 Days in Barcelona at Christmas;A Practical Holiday Itinerary;2026.09.28;21:42;https://milesandflavors.com/barcelona-christmas-itinerary/;Spain Travel Guide;2 Days in Barcelona at Christmas: A Practical Holiday Itinerary;Two days is genuinely enough to get the best of Barcelona at Christmas, as long as you don't try to force every neighborhood into both of them.;;
O’Hare to Downtown Chicago;1;;1;O’Hare to Downtown Chicago;Fastest & Cheapest Ways In;2026.09.28;22:29;https://milesandflavors.com/ohare-to-downtown-chicago/;Chicago Travel Guide;O’Hare to Downtown Chicago: Fastest & Cheapest Ways In;O'Hare to downtown Chicago: the Blue Line's hidden $5 airport fare, rideshare surcharges, and which option actually makes sense for your trip.;;
Thanksgiving in NYC;1;;1;Thanksgiving in NYC;Is It Actually Worth It?;2026.09.28;23:06;https://milesandflavors.com/thanksgiving-in-nyc/;New York Travel Guide;Thanksgiving in NYC: Is It Actually Worth It?;New York on Thanksgiving Day is really two different cities layered on top of each other. Half of it shuts down completely — offices, most museums, most.;;
Marsa Alam Travel Costs;1;;1;Marsa Alam Travel Costs;A week in Marsa Alam — 5-star all-inclusive;2026.09.28;23:29;https://milesandflavors.com/marsa-alam-travel-costs/;Egypt Travel Guide;Marsa Alam Travel Costs: A week in Marsa Alam — 5-star all-inclusive;A week in Marsa Alam — 5-star all-inclusive, flights from the US included, three or four excursions — runs $1,800–2,800 per person.;;
Ryokan in Japan;1;;1;Ryokan in Japan;A ryokan is not just a hotel with a Japanese aesthetic;2026.09.29;1:40;https://milesandflavors.com/ryokan-in-japan-what-to-expect/;Japan Travel Guide;Ryokan in Japan: A ryokan is not just a hotel with a Japanese aesthetic;A ryokan is not just a hotel with a Japanese aesthetic.;;
4 Days in Barcelona with Kids;1;;1;4 Days in Barcelona with Kids;Our Best Family Itinerary;2026.09.29;20:54;https://milesandflavors.com/barcelona-family-itinerary-4-days/;Spain Travel Guide;4 Days in Barcelona with Kids: Our Best Family Itinerary;Barcelona with kids works better than you'd expect — Park Güell's dragon staircase, a 15-minute walk from the Gothic Quarter to the beach, and Sagrada Família explained the right way.;;
15 Best Christmas Markets in Europe Worth Traveling For;2;;1;15 Best Christmas Markets in Europe Worth Traveling For;;2026.09.29;21:30;https://milesandflavors.com/best-christmas-markets-in-europe/;Europe Travel Itineraries;15 Best Christmas Markets in Europe Worth Traveling For: Market chooser;PENDING ARTICLE — infographic content not yet extractable (no source article exists). Planned infographic type: Market chooser. Click-gap teaser: Which market fits your winter trip? → Verify every fact against the finished article before rendering.;;
Casa Milà vs Casa Batlló;1;;1;Casa Milà vs Casa Batlló;Which Gaudí House to Visit?;2026.09.29;21:47;https://milesandflavors.com/casa-mila-vs-casa-batllo/;Spain Travel Guide;Casa Milà vs Casa Batlló: Which Gaudí House to Visit?;Casa Milà and Casa Batlló are 5 minutes apart and both ~€29. Which Gaudí house is worth your time if you can only visit one?;;
Planning a Chicago Christmas Trip? Start With This Itinerary;1;;1;Chicago Christmas Itinerary;Chicago packs a genuine amount of holiday atmosphere;2026.09.29;22:27;https://milesandflavors.com/chicago-christmas-itinerary/;Chicago Travel Guide;Chicago Christmas Itinerary: The Plan for a Short Winter Trip;Day 1: The Loop, Christkindlmarket, and Millennium Park. Day 2: the Magnificent Mile and an evening beside the river, where the bridges and skyline lights reflect off the water. If Day 3's ZooLights is the priority, basing closer to Lincoln Park instead is worth considering. Full Christmas route + what to reserve inside →;;
Macy’s Thanksgiving Day Parade Turns 100 in 2026 — Plan Now;1;;1;Macy’s Thanksgiving Day Parade Turns 100 in 2026 — Plan Now;The Macy's Thanksgiving Day Parade first marched down;2026.09.29;23:07;https://milesandflavors.com/macys-thanksgiving-day-parade-2026/;New York Travel Guide;Macy’s Thanksgiving Day Parade Turns 100 in 2026 — Plan Now: The Macy's Thanksgiving Day Parade;"The Macy's Thanksgiving Day Parade first marched down the streets of New York in 1924, and 2026 is genuinely its 100th parade — not just a rounded ""100 years"".";;
Free Stopover Flights in 2026;1;;1;Free Stopover Flights in 2026;What Your Layover Could Actually Be;2026.09.29;23:37;https://milesandflavors.com/free-stopover-flights-in-2026/;Best Travel Tips & Hacks;Free Stopover Flights in 2026: What Your Layover Could Actually Be;Every major free stopover program available in 2026, what you actually get, and the rules that catch most travelers out — same ticket, a free city added on top.;;
Free Things to Do in Marsa Alam, Egypt;1;;1;Free Things to Do in Marsa Alam, Egypt;Marsa Alam is a destination where the best experiences;2026.09.29;23:50;https://milesandflavors.com/free-things-to-do-in-marsa-alam/;Egypt Travel Guide;Free Things to Do in Marsa Alam, Egypt: Marsa Alam is a destination where the best experiences;Marsa Alam is a destination where the best experiences are not necessarily the most expensive ones. In most destinations, the highlights cost the most — the best view requires a ticket, the best beach requires a boat.;;
Barcelona Travel Costs;1;;1;Barcelona Travel Costs;Where the Money Actually Goes;2026.09.30;1:41;https://milesandflavors.com/barcelona-travel-costs/;Travel Costs & Budget Guides;Barcelona Travel Costs: Where the Money Actually Goes;Barcelona travel costs surprised us in both directions — some things cost more than expected, some cost far less. The city isn't cheap, but it rewards people who know where the real value is.;;
Chicago Riverwalk;1;;1;Chicago Riverwalk;Free Things to Do (Full Guide);2026.09.30;20:52;https://milesandflavors.com/chicago-riverwalk-free-things-to-do/;Chicago Travel Guide;Chicago Riverwalk: Free Things to Do (Full Guide);The Chicago Riverwalk is free, 1.25 miles, and split into 6 distinct sections. What to see, what's actually free, and what to skip paying for.;;
Budapest Christmas Markets;1;;1;Budapest Christmas Markets;;2026.09.30;21:30;https://milesandflavors.com/budapest-christmas-markets/;Europe Travel Itineraries;Budapest Christmas Markets;PENDING ARTICLE — placeholder copy, verify against the finished article before this pin renders. Working angle: an emotional, photo-led introduction to Budapest Christmas Markets.;;
Barcelona in December;1;;1;Barcelona in December;Is It Better Than Madrid for a Winter Trip?;2026.09.30;21:37;https://milesandflavors.com/barcelona-in-december/;Spain Travel Guide;Barcelona in December: Is It Better Than Madrid for a Winter Trip?;December in Barcelona doesn't feel like the freezing, gray month most of Europe gets. Daytime temperatures stay mild by any winter-city standard, and that.;;
Art Institute of Chicago Free Days;1;;1;Art Institute of Chicago Free Days;Who Actually Qualifies;2026.09.30;22:23;https://milesandflavors.com/art-institute-chicago-free-days/;Chicago Travel Guide;Art Institute of Chicago Free Days: Who Actually Qualifies;Art Institute of Chicago free days are Illinois-resident only. What tourists actually pay, when locals get in free, and what free hours are really like.;;
5 Days in NYC with Kids;1;;1;5 Days in NYC with Kids;The Complete Family Itinerary;2026.09.30;23:04;https://milesandflavors.com/nyc-family-itinerary-5-days/;New York Travel Guide;5 Days in NYC with Kids: The Complete Family Itinerary;The 5-day NYC itinerary for families: Central Park, the Natural History Museum, Brooklyn, and the Statue of Liberty — paced for kids, not a checklist.;;
Japan Cherry Blossom Season;1;;1;Japan Cherry Blossom Season;Cherry blossom season is the reason Japan fills up;2026.09.30;23:30;https://milesandflavors.com/japan-cherry-blossom-season/;Japan Travel Guide;Japan Cherry Blossom Season: Cherry blossom season is the reason Japan fills up;Cherry blossom season is the reason Japan fills up in spring — and unlike most overhyped travel experiences, it holds up.;;
24 Hours in Milan;1;;1;24 Hours in Milan;Most people treat Milan as a passport stamp — land;2026.09.30;23:54;https://milesandflavors.com/24-hours-in-milan/;Italy Travel Guide;24 Hours in Milan: Most people treat Milan as a passport stamp — land;Most people treat Milan as a passport stamp — land at Malpensa, collect your rental car, and head straight for the mountains.;;
Best Things to Do in Marsa Alam, Egypt;1;;1;Best Things to Do in Marsa Alam, Egypt;Marsa Alam doesn’t pretend to be a city break;2026.10.01;1:26;https://milesandflavors.com/best-things-to-do-in-marsa-alam-egypt-including-the-one-that-changes-everything/;Egypt Travel Guide;Best Things to Do in Marsa Alam, Egypt: Marsa Alam doesn’t pretend to be a city break;Marsa Alam doesn’t pretend to be a city break. There are no museum queues, no crowded bazaars demanding your afternoon, no long checklist of cultural landmarks to work through.;;
La Boqueria Market;1;;1;La Boqueria Market;Tourist Trap or Worth It?;2026.10.01;20:50;https://milesandflavors.com/la-boqueria-market-tourist-trap/;Spain Travel Guide;La Boqueria Market: Tourist Trap or Worth It?;La Boqueria's front rows are overpriced — the back two-thirds isn't. Where locals actually shop, what to eat, and when to go, honestly broken down.;;
Chicago in October;1;;1;Chicago in October;Best Things to Do (Full Guide);2026.10.01;21:43;https://milesandflavors.com/chicago-in-october/;Chicago Travel Guide;Chicago in October: Best Things to Do (Full Guide);Chicago in October: real weather data, the full events calendar, fall foliage spots, and the one weekend (Marathon) that spikes hotel prices.;;
12 Day Greece Itinerary;1;;1;12 Day Greece Itinerary;Twelve days is the right amount of time for Athens;2026.10.01;22:30;https://milesandflavors.com/12-day-greece-itinerary/;Greece Travel Guide;12 Day Greece Itinerary: Twelve days is the right amount of time for Athens;Twelve days is the right amount of time for Athens, Mykonos, and Santorini — enough to do each place properly without padding any of them.;;
Best Travel Money Card;1;;1;Best Travel Money Card;The Three-Card Setup That Actually Works;2026.10.01;23:04;https://milesandflavors.com/best-travel-money-card/;Best Travel Tips & Hacks;Best Travel Money Card: The Three-Card Setup That Actually Works;With a background in statistics, getting hit with a hidden 4% conversion fee still happened on the first trip abroad. The exact three-card system built afterward, and why most advice on this misses the real cost.;;
9 Cheapest Countries to Visit;1;;1;9 Cheapest Countries to Visit;Budget travel does not mean uncomfortable travel;2026.10.01;23:31;https://milesandflavors.com/9-cheapest-countries/;Travel Costs & Budget Guides;9 Cheapest Countries to Visit: Budget travel does not mean uncomfortable travel;Budget travel does not mean uncomfortable travel. Some of the most extraordinary destinations in the world — places that will genuinely change how you see things — cost a fraction of what a week in Western Europe runs.;;
Vienna Christmas Markets;2;;1;Vienna Christmas Markets;;2026.10.02;21:30;https://milesandflavors.com/vienna-christmas-markets/;Europe Travel Itineraries;Vienna Christmas Markets: Market walking route;PENDING ARTICLE — infographic content not yet extractable (no source article exists). Planned infographic type: Market walking route. Click-gap teaser: Complete route + local planning tips inside → Verify every fact against the finished article before rendering.;;
Best Things to Do in Kyoto;1;;1;Best Things to Do in Kyoto;Kyoto is the reason most people decide to go to Japan;2026.10.02;22:29;https://milesandflavors.com/best-things-to-do-in-kyoto/;Japan Travel Guide;Best Things to Do in Kyoto: Kyoto is the reason most people decide to go to Japan;Kyoto is the reason most people decide to go to Japan. It has more UNESCO World Heritage Sites than almost anywhere else on earth, and unlike most places on that list, they’re consistently excellent.;;
16 Cheap Beach Destinations Worldwide;1;;1;16 Cheap Beach Destinations Worldwide;The best cheap beach destinations are not the ones;2026.10.02;23:07;https://milesandflavors.com/16-cheap-beaches/;Travel Costs & Budget Guides;16 Cheap Beach Destinations Worldwide: The best cheap beach destinations are not the ones;The best cheap beach destinations are not the ones where you sleep in a dorm and eat street food every meal — they are the ones where $60 a day buys you a private pool villa, fresh seafood on a terrace, and a beach that genuinely looks like a screensaver.;;
How to Plan a Trip;1;;1;How to Plan a Trip;Trip planning gets expensive when you book in the wrong;2026.10.02;23:36;https://milesandflavors.com/how-to-plan-a-trip/;Best Travel Tips & Hacks;How to Plan a Trip: Trip planning gets expensive when you book in the wrong;Trip planning gets expensive when you book in the wrong order.;;
Where to Stay in Marsa Alam;1;;1;Where to Stay in Marsa Alam;The wrong resort location in Marsa Alam doesn’t just;2026.10.02;23:53;https://milesandflavors.com/where-to-stay-in-marsa-alam/;Egypt Travel Guide;Where to Stay in Marsa Alam: The wrong resort location in Marsa Alam doesn’t just;The wrong resort location in Marsa Alam doesn’t just cost you taxi money — it can quietly unravel the whole trip. The coast stretches 60 km, there’s no walkable town center to anchor yourself to, and the distance between resort clusters is real driving time.;;
Japan 10-Day Itinerary;1;;1;Japan 10-Day Itinerary;Japan looks like one of the hardest trips to plan;2026.10.03;1:40;https://milesandflavors.com/japan-10-day-itinerary/;Japan Travel Guide;Japan 10-Day Itinerary: Japan looks like one of the hardest trips to plan;Japan looks like one of the hardest trips to plan. It’s not — if you keep the route simple and resist the urge to add every city you’ve ever heard of.;;
Vienna and Budapest Christmas Market Itinerary;1;;1;Vienna and Budapest Christmas Market Itinerary;;2026.10.03;21:30;https://milesandflavors.com/vienna-budapest-christmas-market-itinerary/;Europe Travel Itineraries;Vienna and Budapest Christmas Market Itinerary;PENDING ARTICLE — placeholder copy, verify against the finished article before this pin renders. Working angle: an emotional, photo-led introduction to Vienna and Budapest Christmas Market Itinerary.;;
Hakone Day Trip from Tokyo;1;;1;Hakone Day Trip from Tokyo;Hakone is the easiest full-day escape from Tokyo —;2026.10.03;22:29;https://milesandflavors.com/hakone-day-trip-from-tokyo/;Japan Travel Guide;Hakone Day Trip from Tokyo: Hakone is the easiest full-day escape from Tokyo —;Hakone is the easiest full-day escape from Tokyo — roughly 90 minutes by train, and a completely different landscape on the other end.;;
Chicago Travel Costs;1;;1;Chicago Travel Costs;Chicago surprises most visitors when it comes to cost;2026.10.03;23:37;https://milesandflavors.com/chicago-travel-costs-the-honest-budget-guide/;Travel Costs & Budget Guides;Chicago Travel Costs: Chicago surprises most visitors when it comes to cost;Chicago surprises most visitors when it comes to cost. It’s a major US city, but the cost structure is different from New York or Boston — the lakefront is free, the L train is $2.50 a ride, and you can eat extraordinarily well for very little.;;
Travelling with a Toddler;1;;1;Travelling with a Toddler;Before our first trip with our son;2026.10.03;23:54;https://milesandflavors.com/travelling-with-a-toddler/;Best Travel Tips & Hacks;Travelling with a Toddler: Before our first trip with our son;Before our first trip with our son, I was told — more than once — that travelling with a baby or toddler was not worth it.;;
Best Time to Visit Japan;1;;1;Best Time to Visit Japan;The best time to visit Japan depends almost entirely;2026.10.04;1:34;https://milesandflavors.com/best-time-to-visit-japan/;Japan Travel Guide;Best Time to Visit Japan: The best time to visit Japan depends almost entirely;The best time to visit Japan depends almost entirely on what you’re there for. Cherry blossoms and autumn foliage pull in the most visitors — and they’re genuinely worth the crowds.;;
15 Best Christmas Markets in Europe Worth Traveling For;3;;1;15 Best Christmas Markets in Europe Worth Traveling For;;2026.10.04;21:30;https://milesandflavors.com/best-christmas-markets-in-europe/;Europe Travel Itineraries;15 Best Christmas Markets in Europe Worth Traveling For — A Different Angle;PENDING ARTICLE — placeholder copy, verify against the finished article before this pin renders. Working angle: an alternate-angle photo or collage pin for 15 Best Christmas Markets in Europe Worth Traveling For.;;
Japan Fall Foliage Guide;1;;1;Japan Fall Foliage Guide;Japan’s autumn foliage — called koyo —;2026.10.04;21:43;https://milesandflavors.com/japan-fall-foliage/;Japan Travel Guide;Japan Fall Foliage Guide: Japan’s autumn foliage — called koyo —;Japan’s autumn foliage — called koyo — is as significant to Japanese culture as cherry blossom season, and for many visitors, more visually striking.;;
European Summer Bucket List;1;;1;European Summer Bucket List;Europe in summer is genuinely one of the best things;2026.10.04;22:33;https://milesandflavors.com/european-summer-bucket-list/;Bucket List Destinations;European Summer Bucket List: Europe in summer is genuinely one of the best things;Europe in summer is genuinely one of the best things you can do with a week or two of travel time. We have been to most of the places on this list — some as a couple, some with a toddler in tow, some solo on work trips that became more interesting than expected.;;
Where to Stay in the Dolomites;1;;1;Where to Stay in the Dolomites;We chose the wrong base on our first day;2026.10.04;23:12;https://milesandflavors.com/where-to-stay-in-the-dolomites/;Italy Travel Guide;Where to Stay in the Dolomites: We chose the wrong base on our first day;We chose the wrong base on our first day in the Dolomites. Not catastrophically wrong — the mountains were still extraordinary, the food was still excellent, the trip was still worth it.;;
Best Time to Visit the Azores;1;;1;Best Time to Visit the Azores;There’s no single “best” time to visit the Azores —;2026.10.04;23:39;https://milesandflavors.com/best-time-to-visit-the-azores/;Most Beautiful Places in the World;Best Time to Visit the Azores: There’s no single “best” time to visit the Azores —;There’s no single “best” time to visit the Azores — it depends on what you want from the trip.;;
How to Find Cheap Flights in 2026;1;;1;How to Find Cheap Flights in 2026;Most advice about finding cheap flights is either;2026.10.04;23:52;https://milesandflavors.com/how-to-find-cheap-flights/;Best Travel Tips & Hacks;How to Find Cheap Flights in 2026: Most advice about finding cheap flights is either;Most advice about finding cheap flights is either obvious or wrong.;;
Day Trip to the Dolomites from Venice;1;;1;Day Trip to the Dolomites from Venice;Yes, a day trip to the Dolomites from Venice is worth;2026.10.05;1:35;https://milesandflavors.com/day-trip-to-the-dolomites-from-venice/;Italy Travel Guide;Day Trip to the Dolomites from Venice: Yes, a day trip to the Dolomites from Venice is worth;Yes, a day trip to the Dolomites from Venice is worth it — but only under two conditions: you have a car, and you set realistic expectations.;;
Budapest Christmas Markets;2;;1;Budapest Christmas Markets;;2026.10.05;21:30;https://milesandflavors.com/budapest-christmas-markets/;Europe Travel Itineraries;Budapest Christmas Markets: Honest local comparison;PENDING ARTICLE — infographic content not yet extractable (no source article exists). Planned infographic type: Honest local comparison. Click-gap teaser: Honest local verdict + evening route inside → Verify every fact against the finished article before rendering.;;
7 Days in Marsa Alam Itinerary;1;;1;7 Days in Marsa Alam Itinerary;There’s a moment somewhere between the dugong gliding;2026.10.05;22:27;https://milesandflavors.com/7-days-in-marsa-alam-itinerary/;Egypt Travel Guide;7 Days in Marsa Alam Itinerary: There’s a moment somewhere between the dugong gliding;There’s a moment somewhere between the dugong gliding past your fins and the Nefertari boat rocking gently in the Red Sea breeze when you realize this isn’t a typical beach holiday.;;
Where to Stay in Tokyo;1;;1;Where to Stay in Tokyo;Tokyo has 23 wards, hundreds of neighborhoods;2026.10.05;23:34;https://milesandflavors.com/where-to-stay-in-tokyo/;Japan Travel Guide;Where to Stay in Tokyo: Tokyo has 23 wards, hundreds of neighborhoods;Tokyo has 23 wards, hundreds of neighborhoods, and enough hotel options to turn a simple accommodation search into a two-hour research spiral.;;
Azores Whale Watching;1;;1;Azores Whale Watching;The Azores sit alone in the middle of the North;2026.10.05;23:54;https://milesandflavors.com/azores-whale-watching/;Most Beautiful Places in the World;Azores Whale Watching: The Azores sit alone in the middle of the North;The Azores sit alone in the middle of the North Atlantic, surrounded by deep, plankton-rich water that draws an extraordinary number of whales and dolphins — more than two dozen cetacean species have been recorded around the islands.;;
15 Best Christmas Towns in the USA;1;;1;15 Best Christmas Towns in the USA;;2026.10.06;21:30;https://milesandflavors.com/best-christmas-towns-in-the-usa/;USA Travel Itineraries;15 Best Christmas Towns in the USA;PENDING ARTICLE — placeholder copy, verify against the finished article before this pin renders. Working angle: an emotional, photo-led introduction to 15 Best Christmas Towns in the USA.;;
Japan Travel Costs;1;;1;Japan Travel Costs;Japan has a reputation for being expensive;2026.10.06;21:39;https://milesandflavors.com/japan-travel-costs/;Japan Travel Guide;Japan Travel Costs: Japan has a reputation for being expensive;Japan has a reputation for being expensive. That reputation is about 30% accurate. Yes, flights are long and not cheap.;;
How to Book Hotels Like a Pro;1;;1;How to Book Hotels Like a Pro;Most people book accommodation the same way;2026.10.06;22:22;https://milesandflavors.com/how-to-book-hotels-like-a-pro/;Best Travel Tips & Hacks;How to Book Hotels Like a Pro: Most people book accommodation the same way;Most people book accommodation the same way: they find something that looks nice, check the price, and confirm.;;
Hiking in the Dolomites;1;;1;Hiking in the Dolomites;Hiking in the Dolomites sounds like something you need;2026.10.06;23:05;https://milesandflavors.com/hiking-in-the-dolomites/;Italy Travel Guide;Hiking in the Dolomites: Hiking in the Dolomites sounds like something you need;Hiking in the Dolomites sounds like something you need to train for. Serious boots, technical gear, a fitness baseline that doesn’t include chasing a two-and-a-half-year-old around a hotel room.;;
Things to Do in São Miguel;1;;1;Things to Do in São Miguel;São Miguel doesn’t look like the rest of Europe —;2026.10.06;23:34;https://milesandflavors.com/things-to-do-in-sao-miguel/;Most Beautiful Places in the World;Things to Do in São Miguel: São Miguel doesn’t look like the rest of Europe —;São Miguel doesn’t look like the rest of Europe — and that’s exactly the point.;;
2 Days in Athens;1;;1;2 Days in Athens;Athens caught us off guard;2026.10.06;23:46;https://milesandflavors.com/2-days-in-athens/;Greece Travel Guide;2 Days in Athens: Athens caught us off guard;Athens caught us off guard. We arrived expecting a day of ruins before catching a ferry, and ended up wishing we’d given it longer.;;
25 Best Things to Do in NYC;1;;1;25 Best Things to Do in NYC;New York doesn’t do subtle;2026.10.07;1:45;https://milesandflavors.com/25-best-things-to-do-in-nyc/;Bucket List Destinations;25 Best Things to Do in NYC: New York doesn’t do subtle;New York doesn’t do subtle. The skyline is as dramatic as the photos, the food is genuinely as good as the reputation, and the particular compressed energy that makes the city feel like it’s running at a frequency other places can’t reach is completely real.;;
Best Time to Visit the Dolomites;1;;1;Best Time to Visit the Dolomites;If you’re trying to figure out the best time to visit;2026.10.07;20:55;https://milesandflavors.com/best-time-to-visit-the-dolomites-and-what-nobody-tells-you/;Italy Travel Guide;Best Time to Visit the Dolomites: If you’re trying to figure out the best time to visit;If you’re trying to figure out the best time to visit the Dolomites, I’ll give you my honest answer upfront: it’s September.;;
Vienna Christmas Markets;3;;1;Vienna Christmas Markets;;2026.10.07;21:30;https://milesandflavors.com/vienna-christmas-markets/;Europe Travel Itineraries;Vienna Christmas Markets — A Different Angle;PENDING ARTICLE — placeholder copy, verify against the finished article before this pin renders. Working angle: an alternate-angle photo or collage pin for Vienna Christmas Markets.;;
eSIM for Travel;1;;1;eSIM for Travel;I used to land at a foreign airport;2026.10.07;21:45;https://milesandflavors.com/esim-for-travel/;Best Travel Tips & Hacks;eSIM for Travel: I used to land at a foreign airport;I used to land at a foreign airport, turn airplane mode off, watch my phone connect to some random local network, and then spend the next 20 minutes either finding free wifi or accepting that I was going to pay my home carrier’s roaming rates.;;
Best Things to Do in Tokyo;1;;1;Best Things to Do in Tokyo;Tokyo looks like one of the hardest cities in the world;2026.10.07;22:21;https://milesandflavors.com/best-things-to-do-in-tokyo/;Japan Travel Guide;Best Things to Do in Tokyo: Tokyo looks like one of the hardest cities in the world;Tokyo looks like one of the hardest cities in the world to navigate. It is not – if you stop trying to see everything and start planning around the handful of experiences that actually make the trip.;;
Milan to Dolomites Road Trip;1;;1;Milan to Dolomites Road Trip;There’s a moment about an hour north of Milan;2026.10.07;23:03;https://milesandflavors.com/milan-to-dolomites-road-trip/;Italy Travel Guide;Milan to Dolomites Road Trip: There’s a moment about an hour north of Milan;There’s a moment about an hour north of Milan, somewhere around Lecco, where the motorway narrows and the mountains close in from both sides and the flat Po plain you’ve been crossing just — disappears.;;
Is Christkindlmarket Worth It?;1;;1;Is Christkindlmarket Worth It?;Christkindlmarket is the single biggest holiday event;2026.10.07;23:27;https://milesandflavors.com/christkindlmarket-chicago-worth-it/;Chicago Travel Guide;Is Christkindlmarket Worth It?: Christkindlmarket is the single biggest holiday event;Christkindlmarket is the single biggest holiday event in Chicago’s calendar, packed with mulled wine stalls, imported ornaments, and a genuinely large crowd every evening it’s open.;;
3 Days in Amsterdam;1;;1;3 Days in Amsterdam;Three days in Amsterdam;2026.10.07;23:53;https://milesandflavors.com/3-days-in-amsterdam/;Netherlands Travel Guide;3 Days in Amsterdam: Three days in Amsterdam;Three days in Amsterdam, one toddler, no car. This is the itinerary that actually happened — not the one I planned at 11 PM with ambitious spreadsheets and zero realistic expectations.;;
Chicago in November;1;;1;Chicago in November;November in Chicago is really two different months;2026.10.08;1:25;https://milesandflavors.com/chicago-in-november/;Chicago Travel Guide;Chicago in November: November in Chicago is really two different months;November in Chicago is really two different months stitched together. For the first three weeks, it feels like genuine off-season — thinner crowds, lower hotel rates, colder weather, and a city that is easier to do on a tighter budget.;;
Dolomites Travel Costs;1;;1;Dolomites Travel Costs;We spent €140 in one day in the Dolomites;2026.10.08;20:58;https://milesandflavors.com/dolomites-travel-costs/;Italy Travel Guide;Dolomites Travel Costs: We spent €140 in one day in the Dolomites;We spent €140 in one day in the Dolomites. That’s the number I added up on the drive back, going over it in my head while my husband drove and our two-and-a-half-year-old finally fell asleep in his car seat.;;
Vienna and Budapest Christmas Market Itinerary;2;;1;Vienna and Budapest Christmas Market Itinerary;;2026.10.08;21:30;https://milesandflavors.com/vienna-budapest-christmas-market-itinerary/;Europe Travel Itineraries;Vienna and Budapest Christmas Market Itinerary: Five-day two-city route;PENDING ARTICLE — infographic content not yet extractable (no source article exists). Planned infographic type: Five-day two-city route. Click-gap teaser: Full 5-day route + booking order inside → Verify every fact against the finished article before rendering.;;
What Chicago in December Actually Feels Like;1;;1;What Chicago in December Actually Feels Like;December in Chicago means real cold — wind chill off;2026.10.08;21:37;https://milesandflavors.com/chicago-in-december/;Chicago Travel Guide;What Chicago in December Actually Feels Like: December in Chicago means real cold — wind chill off;December in Chicago means real cold — wind chill off Lake Michigan is not a myth, and it’s the coldest month you’ll find on this site’s Chicago calendar so far.;;
NYC Christmas Market;1;;1;NYC Christmas Market;New York doesn’t have one Christmas market — it has;2026.10.08;23:11;https://milesandflavors.com/nyc-christmas-market/;New York Travel Guide;NYC Christmas Market: New York doesn’t have one Christmas market — it has;New York doesn’t have one Christmas market — it has several running at once, and they’re genuinely different from each other.;;
Where to Stay in NYC with Kids;1;;1;Where to Stay in NYC with Kids;The hotel decision matters more with kids than it does;2026.10.08;23:27;https://milesandflavors.com/where-to-stay-in-nyc-with-kids/;Where to Stay: Best Hotels & Areas;Where to Stay in NYC with Kids: The hotel decision matters more with kids than it does;The hotel decision matters more with kids than it does solo. An extra fifteen minutes on the subway doesn’t register on a trip without children — with them, it’s the difference between a nap that happens and a meltdown that doesn’t.;;
Best Canal Cruises in Amsterdam;1;;1;Best Canal Cruises in Amsterdam;Amsterdam has dozens of canal cruise options;2026.10.08;23:45;https://milesandflavors.com/best-canal-cruises-in-amsterdam/;Netherlands Travel Guide;Best Canal Cruises in Amsterdam: Amsterdam has dozens of canal cruise options;"Amsterdam has dozens of canal cruise options and an overwhelming number of daily departures. If you are trying to choose the best canal cruises in Amsterdam, the hard part is not finding a boat; it is choosing the one that will actually feel worth your time.";;
Amsterdam at Christmas;1;;1;Amsterdam at Christmas;Amsterdam at Christmas is not about one enormous market;2026.10.09;1:29;https://milesandflavors.com/amsterdam-at-christmas/;Netherlands Travel Guide;Amsterdam at Christmas: Amsterdam at Christmas is not about one enormous market;Amsterdam at Christmas is not about one enormous market. The appeal is the combination of illuminated canals, museum days, a rink in front of the Rijksmuseum, and several very different winter events spread across the city.;;
NYC Halloween with Kids;1;;1;NYC Halloween with Kids;New York takes Halloween seriously;2026.10.09;20:59;https://milesandflavors.com/nyc-halloween-with-kids/;New York Travel Guide;NYC Halloween with Kids: New York takes Halloween seriously;New York takes Halloween seriously, and that’s both the appeal and the catch for families.;;
15 Best European Cities to Visit in Winter;1;;1;15 Best European Cities to Visit in Winter;;2026.10.09;21:30;https://milesandflavors.com/best-european-cities-to-visit-in-winter/;Europe Travel Itineraries;15 Best European Cities to Visit in Winter;PENDING ARTICLE — placeholder copy, verify against the finished article before this pin renders. Working angle: an emotional, photo-led introduction to 15 Best European Cities to Visit in Winter.;;
Lincoln Park Zoo Chicago;1;;1;Lincoln Park Zoo Chicago;Lincoln Park Zoo shows up on almost every Chicago;2026.10.09;21:42;https://milesandflavors.com/lincoln-park-zoo-chicago-worth-it/;Chicago Travel Guide;Lincoln Park Zoo Chicago: Lincoln Park Zoo shows up on almost every Chicago;Lincoln Park Zoo shows up on almost every Chicago itinerary for one reason: it’s free. No ticket, no timed entry, no reservation — you just walk in.;;
Chicago Bucket List;1;;1;Chicago Bucket List;Chicago doesn’t do anything small;2026.10.09;23:12;https://milesandflavors.com/chicago-bucket-list-25-best-things-to-do/;Bucket List Destinations;Chicago Bucket List: Chicago doesn’t do anything small;Chicago doesn’t do anything small. The architecture reaches higher, the food goes deeper, the lakefront stretches farther, and the neighborhoods feel more distinct than almost any other city in the United States.;;
NYC in October;1;;1;NYC in October;October in New York does something no other month quite;2026.10.09;23:31;https://milesandflavors.com/nyc-in-october/;New York Travel Guide;NYC in October: October in New York does something no other month quite;October in New York does something no other month quite manages: it makes the city feel both more alive and more livable at the same time.;;
Where to Stay in Chicago with Kids;1;;1;Where to Stay in Chicago with Kids;Chicago’s downtown neighborhoods sit close together;2026.10.09;23:49;https://milesandflavors.com/where-to-stay-in-chicago-with-kids/;Where to Stay: Best Hotels & Areas;Where to Stay in Chicago with Kids: Chicago’s downtown neighborhoods sit close together;Chicago’s downtown neighborhoods sit close together on a map, but they behave very differently with kids in tow. A hotel that’s perfect for a couple doing River North’s restaurant scene can mean an extra 25 minutes of tired-kid transit every time Shedd Aquarium is on the plan.;;
Amsterdam Bucket List;1;;1;Amsterdam Bucket List;Amsterdam looks manageable on a map — then turns out;2026.10.10;1:50;https://milesandflavors.com/amsterdam-bucket-list/;Bucket List Destinations;Amsterdam Bucket List: Amsterdam looks manageable on a map — then turns out;Amsterdam looks manageable on a map — then turns out to have an almost unlimited number of worthwhile things in it. This list cuts through it: 25 things actually worth your time, ranked and organized so you know what to prioritize.;;
Barcelona Airport to City Center;1;;1;Barcelona Airport to City Center;Barcelona-El Prat has two terminals spread far enough;2026.10.10;20:55;https://milesandflavors.com/barcelona-airport-to-city-center/;Spain Travel Guide;Barcelona Airport to City Center: Barcelona-El Prat has two terminals spread far enough;Barcelona-El Prat has two terminals spread far enough apart that your arrival terminal actually matters, and the fastest option on paper — the train — only serves one of them.;;
Budapest Christmas Markets;3;;1;Budapest Christmas Markets;;2026.10.10;21:30;https://milesandflavors.com/budapest-christmas-markets/;Europe Travel Itineraries;Budapest Christmas Markets — A Different Angle;PENDING ARTICLE — placeholder copy, verify against the finished article before this pin renders. Working angle: an alternate-angle photo or collage pin for Budapest Christmas Markets.;;
Chicago in Winter;1;;1;Chicago in Winter;Winter in Chicago isn’t one season — it’s three;2026.10.10;21:43;https://milesandflavors.com/chicago-in-winter/;Chicago Travel Guide;Chicago in Winter: Winter in Chicago isn’t one season — it’s three;Winter in Chicago isn’t one season — it’s three different trips depending on which weeks you land in. December is the Christkindlmarket, the tree, and prices to match.;;
Amsterdam in October;1;;1;Amsterdam in October;Amsterdam in October runs cooler and quieter;2026.10.10;22:22;https://milesandflavors.com/amsterdam-in-october/;Netherlands Travel Guide;Amsterdam in October: Amsterdam in October runs cooler and quieter;Amsterdam in October runs cooler and quieter than the version most visitors picture — think mid-40s°F mornings and upper-50s°F afternoons (roughly 7–14°C), canals lined with golden leaves, and a calmer museum rhythm than summer.;;
Barcelona Bucket List;1;;1;Barcelona Bucket List;Barcelona has a way of making you feel like you’re not;2026.10.10;23:03;https://milesandflavors.com/barcelona-bucket-list/;Bucket List Destinations;Barcelona Bucket List: Barcelona has a way of making you feel like you’re not;Barcelona has a way of making you feel like you’re not seeing enough of it — no matter how much you see. We spent four days here and came back with a longer list of things we wanted to do than when we arrived.;;
Amsterdam Travel Costs;1;;1;Amsterdam Travel Costs;Amsterdam’s reputation for being expensive is partly;2026.10.10;23:34;https://milesandflavors.com/amsterdam-travel-costs/;Travel Costs & Budget Guides;Amsterdam Travel Costs: Amsterdam’s reputation for being expensive is partly;Amsterdam’s reputation for being expensive is partly earned, partly lazy shorthand. You can blow your budget on canal-side restaurants and tourist-trap museums — or you can eat well at market stalls and walk some of the world’s most beautiful streets for free.;;
Barcelona in Winter;1;;1;Barcelona in Winter;Barcelona doesn’t really have a harsh winter — it has;2026.10.10;23:51;https://milesandflavors.com/barcelona-in-winter/;Spain Travel Guide;Barcelona in Winter: Barcelona doesn’t really have a harsh winter — it has;Barcelona doesn’t really have a harsh winter — it has a mild one that most visitors underestimate, and a genuinely festive December that most visitors overestimate the crowds of.;;
Rijksmuseum vs Van Gogh Museum;1;;1;Rijksmuseum vs Van Gogh Museum;Both museums use timed-entry tickets;2026.10.11;1:48;https://milesandflavors.com/rijksmuseum-vs-van-gogh-museum/;Netherlands Travel Guide;Rijksmuseum vs Van Gogh Museum: Both museums use timed-entry tickets;Both museums use timed-entry tickets, both sit on Museumplein in Amsterdam, and both get recommended in the same breath by almost every Amsterdam guide — which does not actually help you decide which one earns a spot on a short trip.;;
The Perfect Amsterdam Christmas Itinerary;1;;1;The Perfect Amsterdam Christmas Itinerary;Amsterdam’s Christmas season isn’t one big event you;2026.10.11;20:57;https://milesandflavors.com/amsterdam-christmas-itinerary/;Netherlands Travel Guide;The Perfect Amsterdam Christmas Itinerary: Amsterdam’s Christmas season isn’t one big event you;Amsterdam’s Christmas season isn’t one big event you build a day around — it’s three genuinely different things spread across the city, plus the canals themselves lit up after dark.;;
15 Best Christmas Towns in the USA;2;;1;15 Best Christmas Towns in the USA;;2026.10.11;21:30;https://milesandflavors.com/best-christmas-towns-in-the-usa/;USA Travel Itineraries;15 Best Christmas Towns in the USA: Destination chooser;PENDING ARTICLE — infographic content not yet extractable (no source article exists). Planned infographic type: Destination chooser. Click-gap teaser: Find your best-fit Christmas town inside → Verify every fact against the finished article before rendering.;;
Amsterdam Light Festival;1;;1;Amsterdam Light Festival;Every winter, Amsterdam’s canals turn into an open-air;2026.10.11;21:40;https://milesandflavors.com/amsterdam-light-festival/;Netherlands Travel Guide;Amsterdam Light Festival: Every winter, Amsterdam’s canals turn into an open-air;Every winter, Amsterdam’s canals turn into an open-air art gallery for the Amsterdam Light Festival — illuminated installations from artists around the world, strung along the water where you’d normally just see canal houses and bridges.;;
Gothic Quarter at Night;1;;1;Gothic Quarter at Night;The Gothic Quarter at night is one of those Barcelona;2026.10.11;22:22;https://milesandflavors.com/gothic-quarter-barcelona-at-night-safe/;Spain Travel Guide;Gothic Quarter at Night: The Gothic Quarter at night is one of those Barcelona;The Gothic Quarter at night is one of those Barcelona questions that needs an honest answer: yes, it can be worth doing after dark, but only with normal big-city awareness.;;
Central Park with Kids;1;;1;Central Park with Kids;Central Park earns its reputation as New York City’s;2026.10.11;23:04;https://milesandflavors.com/central-park-with-kids/;New York Travel Guide;Central Park with Kids: Central Park earns its reputation as New York City’s;Central Park earns its reputation as New York City’s best family day out honestly.;;
NYC Winter Bucket List;1;;1;NYC Winter Bucket List;The Rockefeller tree and the Fifth Avenue windows get;2026.10.11;23:28;https://milesandflavors.com/nyc-winter-bucket-list/;Bucket List Destinations;NYC Winter Bucket List: The Rockefeller tree and the Fifth Avenue windows get;The Rockefeller tree and the Fifth Avenue windows get all the attention, and they earn it — but they’re also the version of NYC winter that shows up on every generic listicle.;;
Where to Stay in Chicago;1;;1;Where to Stay in Chicago;Stay in the Loop and you walk out your door;2026.10.11;23:55;https://milesandflavors.com/where-to-stay-in-chicago-7-best-areas-hotels/;Where to Stay: Best Hotels & Areas;Where to Stay in Chicago: Stay in the Loop and you walk out your door;Stay in the Loop and you walk out your door to Millennium Park and the Bean before the crowds arrive. Stay in Wicker Park and you eat at restaurants most Chicago visitors never find.;;
Amsterdam in Winter;1;;1;Amsterdam in Winter;Amsterdam’s winter isn’t one season — it’s three;2026.10.12;1:37;https://milesandflavors.com/amsterdam-in-winter/;Netherlands Travel Guide;Amsterdam in Winter: Amsterdam’s winter isn’t one season — it’s three;Amsterdam’s winter isn’t one season — it’s three different trips depending on which weeks you land in. December is the Christmas markets, canal lights, and the highest prices of the winter.;;
NYC in Winter;1;;1;NYC in Winter;Winter in New York City isn’t one season — it’s three;2026.10.12;21:01;https://milesandflavors.com/nyc-in-winter/;New York Travel Guide;NYC in Winter: Winter in New York City isn’t one season — it’s three;Winter in New York City isn’t one season — it’s three different trips depending on which weeks you land in. December is the tree, the windows, the crowds, and prices to match.;;
15 Best Winter Vacations in the USA;1;;1;15 Best Winter Vacations in the USA;;2026.10.12;21:30;https://milesandflavors.com/best-winter-vacations-in-the-usa/;USA Travel Itineraries;15 Best Winter Vacations in the USA;PENDING ARTICLE — placeholder copy, verify against the finished article before this pin renders. Working angle: an emotional, photo-led introduction to 15 Best Winter Vacations in the USA.;;
Rockefeller Center vs Bryant Park Ice Skating;1;;1;Rockefeller Center vs Bryant Park Ice Skating;Two of New York’s most famous ice rinks sit less;2026.10.12;21:40;https://milesandflavors.com/rockefeller-center-vs-bryant-park-ice-skating/;Bucket List Destinations;Rockefeller Center vs Bryant Park Ice Skating: The Better Rink for Your Trip;Rockefeller Center wins for the classic postcard view and the quintessential New York photo, but the rink itself is small and often crowded. Bryant Park's rink is part of the larger Winter Village, so skating pairs naturally with the Holiday Shops and food vendors around it — an easy full afternoon in one stop. The better rink for your trip inside →;;
Sagrada Família Towers;1;;1;Sagrada Família Towers;Every Sagrada Família ticket gets you inside;2026.10.12;22:28;https://milesandflavors.com/sagrada-familia-towers-worth-it/;Spain Travel Guide;Sagrada Família Towers: Every Sagrada Família ticket gets you inside;Every Sagrada Família ticket gets you inside the basilica. The tower ticket adds €10 on top for one very specific experience: a lift ride up one of the towers, a walk down a narrow spiral staircase, and a view over Barcelona from inside Gaudí’s stonework.;;
NYC Travel Costs 2026;1;;1;NYC Travel Costs 2026;New York is expensive — but the way it’s expensive;2026.10.12;23:13;https://milesandflavors.com/nyc-travel-costs/;Travel Costs & Budget Guides;NYC Travel Costs 2026: New York is expensive — but the way it’s expensive;New York is expensive — but the way it’s expensive is specific. The hotel room costs more than almost anywhere else in the US.;;
Chicago in September;1;;1;Chicago in September;Ask enough Chicagoans when to visit and September comes;2026.10.12;23:29;https://milesandflavors.com/chicago-in-september/;Chicago Travel Guide;Chicago in September: Ask enough Chicagoans when to visit and September comes;Ask enough Chicagoans when to visit and September comes up more than any other month.;;
Amsterdam in December;1;;1;Amsterdam in December;December in Amsterdam isn’t one steady month — it’s;2026.10.12;23:52;https://milesandflavors.com/amsterdam-in-december/;Netherlands Travel Guide;Amsterdam in December: December in Amsterdam isn’t one steady month — it’s;December in Amsterdam isn’t one steady month — it’s three distinct weeks stacked together. Early December still belongs to Sinterklaas, a Dutch tradition most visitors have never heard of.;;
Where to Stay in Barcelona;1;;1;Where to Stay in Barcelona;Why the Neighborhood Choice Actually Matters;2026.10.13;1:44;https://milesandflavors.com/where-to-stay-in-barcelona/;Where to Stay: Best Hotels & Areas;Where to Stay in Barcelona: Why the Neighborhood Choice Actually Matters;Where you stay in Barcelona shapes the whole trip more than most cities — Eixample, Gothic Quarter, El Born, and Barceloneta each give a genuinely different version of the city. The 5 best areas, compared honestly.;;
Chicago Winter Bucket List;1;;1;Chicago Winter Bucket List;The Christkindlmarket and the Millennium Park rink get;2026.10.13;20:53;https://milesandflavors.com/chicago-winter-bucket-list/;Bucket List Destinations;Chicago Winter Bucket List: The Christkindlmarket and the Millennium Park rink get;The Christkindlmarket and the Millennium Park rink get all the attention, and they earn it — but they’re also the version of Chicago winter that shows up on every generic listicle.;;
Vienna and Budapest Christmas Market Itinerary;3;;1;Vienna and Budapest Christmas Market Itinerary;;2026.10.13;21:30;https://milesandflavors.com/vienna-budapest-christmas-market-itinerary/;Europe Travel Itineraries;Vienna and Budapest Christmas Market Itinerary — A Different Angle;PENDING ARTICLE — placeholder copy, verify against the finished article before this pin renders. Working angle: an alternate-angle photo or collage pin for Vienna and Budapest Christmas Market Itinerary.;;
Fall in New York City;1;;1;Fall in New York City;New York in fall doesn’t announce itself quietly;2026.10.13;21:44;https://milesandflavors.com/fall-in-new-york-city/;New York Travel Guide;Fall in New York City: New York in fall doesn’t announce itself quietly;New York in fall doesn’t announce itself quietly.;;
Barcelona Winter Bucket List;1;;1;Barcelona Winter Bucket List;The Christmas markets and Sagrada Família lights get;2026.10.13;22:26;https://milesandflavors.com/barcelona-winter-bucket-list/;Bucket List Destinations;Barcelona Winter Bucket List: The Christmas markets and Sagrada Família lights get;The Christmas markets and Sagrada Família lights get all the attention, and they earn it — but they’re also the version of Barcelona winter that shows up on every generic listicle.;;
Barcelona in September;1;;1;Barcelona in September;August in Barcelona is the month locals leave;2026.10.13;23:04;https://milesandflavors.com/barcelona-in-september/;Spain Travel Guide;Barcelona in September: August in Barcelona is the month locals leave;August in Barcelona is the month locals leave. The city fills with tourists, the heat sits somewhere near unbearable, and half the neighborhood restaurants put up “Tancat per vacances” signs and disappear until September.;;
Best Things to Do in Chicago for First-Timers;1;;1;Best Things to Do in Chicago for First-Timers;Chicago doesn’t get the same first-timer attention;2026.10.13;23:38;https://milesandflavors.com/best-things-to-do-in-chicago/;Chicago Travel Guide;Best Things to Do in Chicago for First-Timers: Chicago doesn’t get the same first-timer attention;Chicago doesn’t get the same first-timer attention as New York or LA — which is exactly why it tends to surprise people.;;
Is Leavenworth Worth It at Christmas?;1;;1;Is Leavenworth Worth It at Christmas?;Leavenworth shows up on every “best Christmas towns;2026.10.13;23:52;https://milesandflavors.com/leavenworth-christmas-worth-it/;USA Travel Itineraries;Is Leavenworth Worth It at Christmas?: Leavenworth shows up on every “best Christmas towns;Leavenworth shows up on every “best Christmas towns in America” list for a reason. This deliberately Bavarian-style village sits against the real Cascade Mountains, and more than half a million lights cover downtown during the holiday season.;;
Millennium Park & Cloud Gate Chicago;1;;1;Millennium Park & Cloud Gate Chicago;Millennium Park is the reason most people end up;2026.10.14;1:35;https://milesandflavors.com/millennium-park-cloud-gate-chicago/;Chicago Travel Guide;Millennium Park & Cloud Gate Chicago: Millennium Park is the reason most people end up;Millennium Park is the reason most people end up spending more time in the Chicago Loop than they planned.;;
NYC in September;1;;1;NYC in September;New York in August is a city trying to survive itself —;2026.10.14;21:02;https://milesandflavors.com/nyc-in-september/;New York Travel Guide;NYC in September: New York in August is a city trying to survive itself —;New York in August is a city trying to survive itself — subway platforms like saunas, tourists melting on the Top of the Rock line, everyone local either gone or hiding.;;
15 Best European Cities to Visit in Winter;2;;1;15 Best European Cities to Visit in Winter;;2026.10.14;21:30;https://milesandflavors.com/best-european-cities-to-visit-in-winter/;Europe Travel Itineraries;15 Best European Cities to Visit in Winter: Winter city chooser;PENDING ARTICLE — infographic content not yet extractable (no source article exists). Planned infographic type: Winter city chooser. Click-gap teaser: Best winter city for your travel style inside → Verify every fact against the finished article before rendering.;;
Getting to Navy Pier;1;;1;Getting to Navy Pier;Navy Pier sits at the end of a long finger of land;2026.10.14;21:44;https://milesandflavors.com/getting-to-navy-pier-parking-rideshare-transit/;Chicago Travel Guide;Getting to Navy Pier: Navy Pier sits at the end of a long finger of land;Navy Pier sits at the end of a long finger of land jutting into Lake Michigan, which means it is not naturally on the Loop sightseeing grid and getting to Navy Pier means making a specific decision before you even leave the hotel.;;
Central Park NYC;1;;1;Central Park NYC;Central Park is 843 acres in the middle of Manhattan —;2026.10.14;22:25;https://milesandflavors.com/central-park-nyc-guide/;New York Travel Guide;Central Park NYC: Central Park is 843 acres in the middle of Manhattan —;Central Park is 843 acres in the middle of Manhattan — and genuinely large enough to spend a full morning there and still feel like you missed something.;;
Anne Frank House Tickets;1;;1;Anne Frank House Tickets;The Anne Frank House is one of the most meaningful;2026.10.14;23:12;https://milesandflavors.com/anne-frank-house-tickets-guide/;Netherlands Travel Guide;Anne Frank House Tickets: The Anne Frank House is one of the most meaningful;The Anne Frank House is one of the most meaningful stops in Amsterdam, and also one of the easiest to miss entirely if you don’t understand how the ticketing actually works.;;
Montserrat Day Trip from Barcelona;1;;1;Montserrat Day Trip from Barcelona;Montserrat is the day trip we’d tell anyone;2026.10.14;23:28;https://milesandflavors.com/montserrat-day-trip-from-barcelona/;Day Trips & Excursions;Montserrat Day Trip from Barcelona: Montserrat is the day trip we’d tell anyone;Montserrat is the day trip we’d tell anyone with a spare day in Barcelona to take.;;
Amsterdam Winter Bucket List;1;;1;Amsterdam Winter Bucket List;The Christmas markets and canal lights get all;2026.10.14;23:55;https://milesandflavors.com/amsterdam-winter-bucket-list/;Bucket List Destinations;Amsterdam Winter Bucket List: The Christmas markets and canal lights get all;The Christmas markets and canal lights get all the attention, and they earn it — but they’re also the version of Amsterdam winter that shows up on every generic listicle.;;
Best Things to Do in Barcelona for Couples;1;;1;Best Things to Do in Barcelona for Couples;Barcelona has a way of making everything feel a little;2026.10.15;1:42;https://milesandflavors.com/best-things-to-do-in-barcelona-for-couples/;Spain Travel Guide;Best Things to Do in Barcelona for Couples: Barcelona has a way of making everything feel a little;Barcelona has a way of making everything feel a little more romantic than it probably needed to be — Gaudí’s buildings look like they’re melting in the golden hour light, the tapas bars spill out onto tiny streets, and the sea is a metro ride from the old town.;;
15 Best Christmas Towns in the USA;3;;1;15 Best Christmas Towns in the USA;;2026.10.16;21:30;https://milesandflavors.com/best-christmas-towns-in-the-usa/;USA Travel Itineraries;15 Best Christmas Towns in the USA — A Different Angle;PENDING ARTICLE — placeholder copy, verify against the finished article before this pin renders. Working angle: an alternate-angle photo or collage pin for 15 Best Christmas Towns in the USA.;;
15 Best Winter Vacations in the USA;2;;1;15 Best Winter Vacations in the USA;;2026.10.17;21:30;https://milesandflavors.com/best-winter-vacations-in-the-usa/;USA Travel Itineraries;15 Best Winter Vacations in the USA: Snow-or-sun chooser;PENDING ARTICLE — infographic content not yet extractable (no source article exists). Planned infographic type: Snow-or-sun chooser. Click-gap teaser: Choose your perfect winter escape inside → Verify every fact against the finished article before rendering.;;
15 Best European Cities to Visit in Winter;3;;1;15 Best European Cities to Visit in Winter;;2026.10.19;21:30;https://milesandflavors.com/best-european-cities-to-visit-in-winter/;Europe Travel Itineraries;15 Best European Cities to Visit in Winter — A Different Angle;PENDING ARTICLE — placeholder copy, verify against the finished article before this pin renders. Working angle: an alternate-angle photo or collage pin for 15 Best European Cities to Visit in Winter.;;
15 Best Winter Vacations in the USA;3;;1;15 Best Winter Vacations in the USA;;2026.10.22;21:30;https://milesandflavors.com/best-winter-vacations-in-the-usa/;USA Travel Itineraries;15 Best Winter Vacations in the USA — A Different Angle;PENDING ARTICLE — placeholder copy, verify against the finished article before this pin renders. Working angle: an alternate-angle photo or collage pin for 15 Best Winter Vacations in the USA.;;
Shipwreck Beach Zakynthos;1;;1;Shipwreck Beach Zakynthos;Everything You Need to Know Before You Go;2026.10.23;20:56;https://milesandflavors.com/shipwreck-beach-zakynthos/;Greece Travel Guide;Shipwreck Beach Zakynthos: Everything You Need to Know Before You Go;Shipwreck Beach Zakynthos is still stunning, but a lot has changed. The landing ban, the broken wreck, how to get there, and what the experience actually.;;
Zakynthos Travel Costs;1;;1;Zakynthos Travel Costs;What a Week on the Island Actually Costs;2026.10.23;21:42;https://milesandflavors.com/zakynthos-travel-costs/;Greece Travel Guide;Zakynthos Travel Costs: What a Week on the Island Actually Costs;Zakynthos travel costs explained: real prices for a trip including hotels, food, car rental, and activities. Plan your budget with real numbers.;;
Best Beaches in Zakynthos;1;;1;Best Beaches in Zakynthos;Ranked by Someone Who Drove to All of Them;2026.10.23;22:27;https://milesandflavors.com/best-beaches-in-zakynthos/;Greece Travel Guide;Best Beaches in Zakynthos: Ranked by Someone Who Drove to All of Them;Best beaches in Zakynthos ranked with honest opinions, real driving tips, and what each beach is actually like to visit.;;
Free Things to Do on the Amalfi Coast;1;;1;Free Things to Do on the Amalfi Coast;20 Best Experiences;2026.10.23;23:08;https://milesandflavors.com/free-things-to-do-on-the-amalfi-coast/;Italy Travel Guide;Free Things to Do on the Amalfi Coast: 20 Best Experiences;Free things to do on the Amalfi Coast: 20 genuinely free experiences the Path of the Gods, hidden beaches, medieval villages and free sunset viewpoints.;;
Where to Stay in Rome;1;;1;Where to Stay in Rome;Best Neighborhoods for Every Type of Traveler;2026.10.23;23:33;https://milesandflavors.com/where-to-stay-in-rome/;Italy Travel Guide;Where to Stay in Rome: Best Neighborhoods for Every Type of Traveler;The best neighborhoods to stay in Rome — from the historic center to Trastevere and Monti — with honest pros, cons, and tips for every budget.;;
Best Things to Do in Rome;1;;1;Best Things to Do in Rome;The Icons + the Hidden Gems Most Visitors Miss;2026.10.23;23:50;https://milesandflavors.com/best-things-to-do-in-rome/;Italy Travel Guide;Best Things to Do in Rome: The Icons + the Hidden Gems Most Visitors Miss;The best things to do in Rome — the must-see icons like the Colosseum and Vatican, plus the hidden gems and local secrets most visitors walk right past.;;
Zakynthos Road Trip Itinerary;1;;1;Zakynthos Road Trip Itinerary;How We Explored the Island by Car;2026.10.24;1:31;https://milesandflavors.com/zakynthos-road-trip-itinerary/;Greece Travel Guide;Zakynthos Road Trip Itinerary: How We Explored the Island by Car;Zakynthos road trip itinerary with real routes, beaches, and driving tips. See how we explored the island by car in 4 days.;;
How to Get to Zakynthos from Athens;1;;1;How to Get to Zakynthos from Athens;and Whether It’s Worth the Trip;2026.10.24;20:56;https://milesandflavors.com/how-to-get-to-zakynthos/;Greece Travel Guide;How to Get to Zakynthos from Athens: and Whether It’s Worth the Trip;How to get to Zakynthos from Athens by plane, ferry, or car, plus real travel times, costs, and whether the trip is worth it.;;
Amalfi Coast Bucket List;1;;1;Amalfi Coast Bucket List;25 Best Things to Do;2026.10.24;21:42;https://milesandflavors.com/amalfi-coast-bucketlist-25-best-thing-to-do/;Italy Travel Guide;Amalfi Coast Bucket List: 25 Best Things to Do;Amalfi Coast bucket list: 25 best things to do — from the Path of the Gods and Capri to hidden villages and free sunsets.;;
Amalfi Coast Travel Costs;1;;1;Amalfi Coast Travel Costs;The Honest Budget Guide;2026.10.24;22:27;https://milesandflavors.com/amalfi-coast-travel-costs/;Italy Travel Guide;Amalfi Coast Travel Costs: The Honest Budget Guide;How much does the Amalfi Coast travel costs? Honest breakdown of accommodation, food, transport and activities plus money-saving tips that actually work.;;
5 Days on the Amalfi Coast;1;;1;5 Days on the Amalfi Coast;The Perfect Itinerary;2026.10.24;23:08;https://milesandflavors.com/5-days-on-the-amalfi-coast-itinerary/;Italy Travel Guide;5 Days on the Amalfi Coast: The Perfect Itinerary;Planning 5 days on the Amalfi Coast? Complete day-by-day itinerary: Positano, Ravello, Capri, Path of the Gods — with hotels, tips and real costs.;;
3 Days in Rome;1;;1;3 Days in Rome;The Perfect First-Timer Itinerary;2026.10.24;23:33;https://milesandflavors.com/3-days-in-rome-itinerary/;Italy Travel Guide;3 Days in Rome: The Perfect First-Timer Itinerary;A perfect 3 days in Rome itinerary for first-timers: the Colosseum, Vatican, and Trastevere mapped day by day, plus where to stay, what to book, and real costs.;;
Car Rental in Zakynthos;1;;1;Car Rental in Zakynthos;Do You Actually Need One? (Yes. Here’s Why);2026.10.24;23:50;https://milesandflavors.com/car-rental-in-zakynthos/;Greece Travel Guide;Car Rental in Zakynthos: Do You Actually Need One? (Yes. Here’s Why);Here's everything you need to know about car rental in Zakynthos before you book.;;
Rome Travel Costs 2026;1;;1;Rome Travel Costs 2026;Honest Budget Guide for First-Timers;2026.10.25;1:38;https://milesandflavors.com/rome-travel-costs/;Italy Travel Guide;Rome Travel Costs 2026: Honest Budget Guide for First-Timers;Wondering how much Rome costs in 2026? This honest budget guide breaks down hotels, food, transport, attractions, tours, and daily spending for first-timers.;;
Things to Do in Zakynthos;1;;1;Things to Do in Zakynthos;The Complete Guide;2026.10.25;20:56;https://milesandflavors.com/things-to-do-in-zakynthos/;Greece Travel Guide;Things to Do in Zakynthos: The Complete Guide;The best things to do in Zakynthos — from the full-day boat tour and Blue Caves to Gerakas Beach and Zakynthos Town. Honest guide based on our own trip.;;
Where to Stay on the Amalfi Coast;1;;1;Where to Stay on the Amalfi Coast;The Amalfi Coast is one of those destinations where;2026.10.25;21:42;https://milesandflavors.com/where-to-stay-on-the-amalfi-coast/;Italy Travel Guide;Where to Stay on the Amalfi Coast: The Amalfi Coast is one of those destinations where;The Amalfi Coast is one of those destinations where your base can make the whole trip easier — or quietly make it expensive, crowded, and exhausting.;;
14-Day Southern Italy Road Trip Itinerary;1;;1;14-Day Southern Italy Road Trip Itinerary;Southern Italy does not need much convincing;2026.10.26;23:08;https://milesandflavors.com/14-day-southern-italy-road-trip-itinerary/;Italy Travel Guide;14-Day Southern Italy Road Trip Itinerary: Southern Italy does not need much convincing;Southern Italy does not need much convincing: dramatic coastlines, cave cities, baroque towns, Greek and Roman history, and food that changes completely from one region to the next.;;
Where to Stay in Zakynthos;1;;1;Where to Stay in Zakynthos;Best Areas & Hotels Honestly Ranked;2026.10.27;1:31;https://milesandflavors.com/where-to-stay-in-zakynthos/;Greece Travel Guide;Where to Stay in Zakynthos: Best Areas & Hotels Honestly Ranked;Where to stay in Zakynthos comes down to one honest question: are you renting a car? If yes, Zakynthos Town is the best base on the island — genuine.;;
Shipwreck Beach Zakynthos;1;;1;Shipwreck Beach Zakynthos;Navagio is the most photographed beach in Greece;2026.10.28;20:56;https://milesandflavors.com/shipwreck-beach-zakynthos/;Greece Travel Guide;Shipwreck Beach Zakynthos: Navagio is the most photographed beach in Greece;Navagio is the most photographed beach in Greece. A rusted shipwreck sitting on white sand, enclosed by 200-meter limestone cliffs, surrounded by water so turquoise it looks altered in post-production.;;
Zakynthos Travel Costs;1;;1;Zakynthos Travel Costs;Zakynthos is not the cheapest option in Greece;2026.10.28;21:42;https://milesandflavors.com/zakynthos-travel-costs/;Greece Travel Guide;Zakynthos Travel Costs: Zakynthos is not the cheapest option in Greece;"Zakynthos is not the cheapest option in Greece. Corfu and Crete have more budget infrastructure; Santorini costs considerably more.";;
Best Beaches in Zakynthos;1;;1;Best Beaches in Zakynthos;We spent four days on Zakynthos with a rental car;2026.10.28;22:27;https://milesandflavors.com/best-beaches-in-zakynthos/;Greece Travel Guide;Best Beaches in Zakynthos: We spent four days on Zakynthos with a rental car;We spent four days on Zakynthos with a rental car and one clear goal: reach every beach worth reaching. Some needed longer drives, one needed a boat, and one smelled faintly of sulfur.;;
Free Things to Do on the Amalfi Coast;1;;1;Free Things to Do on the Amalfi Coast;The Amalfi Coast has a reputation for being expensive —;2026.10.28;23:08;https://milesandflavors.com/free-things-to-do-on-the-amalfi-coast/;Italy Travel Guide;Free Things to Do on the Amalfi Coast: The Amalfi Coast has a reputation for being expensive —;The Amalfi Coast has a reputation for being expensive — and it is not entirely undeserved. But here is what most travel guides miss: the experiences that make this coastline extraordinary are often free at the point of entry.;;
Best Things to Do in Rome;1;;1;Best Things to Do in Rome;Rome rewards two kinds of traveler;2026.10.28;23:33;https://milesandflavors.com/best-things-to-do-in-rome/;Italy Travel Guide;Best Things to Do in Rome: Rome rewards two kinds of traveler;Rome rewards two kinds of traveler: the one who wants to stand inside 2,000 years of history at the Colosseum and the Vatican, and the one who’d rather find the quiet keyhole on a hill that frames St.;;
Where to Stay in Rome;1;;1;Where to Stay in Rome;Rome is a compact city;2026.10.29;1:44;https://milesandflavors.com/where-to-stay-in-rome/;Italy Travel Guide;Where to Stay in Rome: Rome is a compact city;"Rome is a compact city, but where you stay makes a real difference. Base yourself near the Pantheon and you’ll be wandering ancient piazzas before breakfast; choose Trastevere and your evenings will feel like a film.";;
Zakynthos Road Trip Itinerary;1;;1;Zakynthos Road Trip Itinerary;Zakynthos is small enough to feel manageable and varied;2026.10.29;20:56;https://milesandflavors.com/zakynthos-road-trip-itinerary/;Greece Travel Guide;Zakynthos Road Trip Itinerary: Zakynthos is small enough to feel manageable and varied;Zakynthos is small enough to feel manageable and varied enough to reward four full days of exploration.;;
How to Get to Zakynthos from Athens;1;;1;How to Get to Zakynthos from Athens;If you’re flying to Greece from the US;2026.10.29;21:42;https://milesandflavors.com/how-to-get-to-zakynthos/;Greece Travel Guide;How to Get to Zakynthos from Athens: If you’re flying to Greece from the US;If you’re flying to Greece from the US, Athens is almost certainly where you land. And if Zakynthos is your destination, the next question is straightforward: how do you get from Athens to Zakynthos, and which option is actually worth your time?;;
Amalfi Coast Bucket List;1;;1;Amalfi Coast Bucket List;The Amalfi Coast earns its place on every serious;2026.10.29;22:27;https://milesandflavors.com/amalfi-coast-bucketlist-25-best-thing-to-do/;Italy Travel Guide;Amalfi Coast Bucket List: The Amalfi Coast earns its place on every serious;The Amalfi Coast earns its place on every serious traveler’s bucket list: dramatic coastal cliffs, medieval towns, clear water, lemon terraces, and some of the most memorable coastal scenery in Europe.;;
5 Days on the Amalfi Coast;1;;1;5 Days on the Amalfi Coast;The Amalfi Coast has a way of making you feel like;2026.10.29;23:08;https://milesandflavors.com/5-days-on-the-amalfi-coast-itinerary/;Italy Travel Guide;5 Days on the Amalfi Coast: The Amalfi Coast has a way of making you feel like;The Amalfi Coast has a way of making you feel like you’ve wandered into a painting.;;
3 Days in Rome;1;;1;3 Days in Rome;Three days in Rome is not enough to see everything —;2026.10.29;23:33;https://milesandflavors.com/3-days-in-rome-itinerary/;Italy Travel Guide;3 Days in Rome: Three days in Rome is not enough to see everything —;Three days in Rome is not enough to see everything — and that’s exactly the right way to think about it.;;
Car Rental in Zakynthos;1;;1;Car Rental in Zakynthos;Planning a trip to Zakynthos and still on the fence;2026.10.30;1:31;https://milesandflavors.com/car-rental-in-zakynthos/;Greece Travel Guide;Car Rental in Zakynthos: Planning a trip to Zakynthos and still on the fence;Planning a trip to Zakynthos and still on the fence about renting a car? We did four days on the island — three of us, me pregnant — and renting a car wasn’t just convenient.;;
Where to Stay on the Amalfi Coast;1;;1;Where to Stay on the Amalfi Coast;Best Towns & Hotels for Every Trip;2026.10.30;1:38;https://milesandflavors.com/where-to-stay-on-the-amalfi-coast/;Italy Travel Guide;Where to Stay on the Amalfi Coast: Best Towns & Hotels for Every Trip;Where to stay on the Amalfi Coast? Honest guide to 7 towns — Positano, Praiano, Amalfi, Ravello, Sorrento — with hotels for every budget.;;
Rome Travel Costs 2026;1;;1;Rome Travel Costs 2026;Rome will surprise you with what it costs — usually;2026.10.30;20:56;https://milesandflavors.com/rome-travel-costs/;Italy Travel Guide;Rome Travel Costs 2026: Rome will surprise you with what it costs — usually;Rome will surprise you with what it costs — usually in both directions.;;
Things to Do in Zakynthos;1;;1;Things to Do in Zakynthos;I went to Zakynthos in June;2026.10.30;21:42;https://milesandflavors.com/things-to-do-in-zakynthos/;Greece Travel Guide;Things to Do in Zakynthos: I went to Zakynthos in June;I went to Zakynthos in June, rented a car the day we arrived, and spent every day trying to see as much of the island as possible.;;
14-Day Southern Italy Road Trip Itinerary;1;;1;14-Day Southern Italy Road Trip Itinerary;The Complete Guide;2026.10.31;1:31;https://milesandflavors.com/14-day-southern-italy-road-trip-itinerary/;Italy Travel Guide;14-Day Southern Italy Road Trip Itinerary: The Complete Guide;14-Day Southern Italy Road Trip Itinerary: The complete guide covers Southern Italy region — with the best driving tips, hotels and real costs.;;
Amalfi Coast Travel Costs;1;;1;Amalfi Coast Travel Costs;The Amalfi Coast is expensive;2026.10.31;1:38;https://milesandflavors.com/amalfi-coast-travel-costs/;Italy Travel Guide;Amalfi Coast Travel Costs: The Amalfi Coast is expensive;The Amalfi Coast is expensive: genuinely, noticeably, sometimes shockingly expensive. A hotel in Positano in July can run $500-1,500 per night.;;
Where to Stay in Zakynthos;1;;1;Where to Stay in Zakynthos;Zakynthos has a reputation for being one of the most;2026.11.01;20:56;https://milesandflavors.com/where-to-stay-in-zakynthos/;Greece Travel Guide;Where to Stay in Zakynthos: Zakynthos has a reputation for being one of the most;Zakynthos has a reputation for being one of the most beautiful islands in Greece — and it earns it. It also has a reputation for Laganas, which earns that too.;;
