Cikk;Pin #;Template;Photos;Pin bold (vastag);Pin light (vekony);Datum;Idopont;URL;Board;Pin cim;Pin leiras;Alt text;Foto
12-Day Greece Itinerary;1;Title top;1;The perfect 12 days in Greece;islands, Athens & beaches;2026.06.06;10:20;https://milesandflavors.com/12-day-greece-itinerary/;Europe Travel Itineraries;12-Day Greece Itinerary: The Perfect First Trip;Athens at dawn, the Acropolis before the crowds, then a ferry to islands so blue they don't look real. A 12-day Greece itinerary that balances ancient history with island-hopping — day-by-day with ferry timings, where to stay, and what first-timers always regret skipping.;A sun-drenched Greek island view with white buildings above the deep blue Aegean Sea.;
Amalfi Coast 5-Day Itinerary;1;Title top;1;The perfect 5 days on the Amalfi Coast;the perfect plan, day by day;2026.06.06;11:20;https://milesandflavors.com/5-days-on-the-amalfi-coast-itinerary/;Europe Travel Itineraries;5 Days on the Amalfi Coast: The Perfect Itinerary;Positano tumbles straight into the sea. Ravello sits above the clouds. The ferry between Amalfi towns feels like a scene from a film you want to live in. A 5-day Amalfi Coast itinerary that gives every village the time it deserves.;The pastel houses of Positano tumbling down to the turquoise sea on the Amalfi Coast.;
4 Days in Barcelona;1;Title top;1;The perfect 4 days in Barcelona;a first-timer's itinerary;2026.06.06;12:20;https://milesandflavors.com/4-days-in-barcelona-the-perfect-itinerary/;Europe Travel Itineraries;4 Days in Barcelona: The Perfect First-Timer Itinerary;Sagrada Familia the moment it opens, before any tour group arrives — that's how a Barcelona day earns itself. A 4-day Barcelona itinerary where the pacing is right, the Gaudi timing is sorted, and the tapas are planned. First-timer guide.;The colorful mosaic curves of Park Guell overlooking Barcelona and the sea.;
3 Days in Rome Itinerary (VERIFY SLUG);1;Title top;1;The perfect 3 days in Rome;the route that flows;2026.06.06;13:20;https://milesandflavors.com/3-days-in-rome-itinerary/;Italy Travel Guide;3 Days in Rome Itinerary: The Perfect First-Timer Route;The Colosseum at opening time, when you're almost alone inside 2,000 years of history. The Vatican before noon. The Pantheon's oculus letting in perfect afternoon light. A 3-day Rome itinerary timed around the moments that make the crowds disappear.;The ancient arches of the Roman Colosseum glowing in the afternoon light.;
How to Plan a Trip;1;Title top;1;How to plan a trip;step by step;2026.06.06;14:20;https://milesandflavors.com/how-to-plan-a-trip/;Best Travel Tips & Hacks;How to Plan a Trip: A Step-by-Step Guide;Most trips fall apart in the planning phase — too ambitious, wrong booking order, budget set too late. How to plan a trip from scratch, step by step, so the logistics actually support the experience you want.;A traveler planning a trip with a map, passport and notebook on a table.;
25 Best Things to Do in NYC;1;Title top;1;The best things to do in NYC;ranked for first-timers;2026.06.06;15:20;https://milesandflavors.com/25-best-things-to-do-in-nyc/;Bucket list destinations;25 Best Things to Do in NYC for First-Timers;Central Park in October. The Brooklyn Bridge at dawn. The skyline from the Staten Island Ferry (which is free). The best things to do in New York City, ranked honestly for first-timers — what's actually worth it.;The New York City skyline of towering skyscrapers on a bright, clear day.;
Hiking in the Dolomites;1;Title top;1;The 5 best hikes in the Dolomites;you have to do;2026.06.06;9:20;https://milesandflavors.com/hiking-in-the-dolomites/;Italy Travel Guide;Best Hiking Trails in the Dolomites You Must Do;Tre Cime di Lavaredo: three 3,000-meter rock towers rising from nothing, one of the most recognizable landscapes on Earth. The most famous hike in the Dolomites, and everything you need to know before you walk it.;A hiking trail leading through the dramatic limestone peaks of the Dolomites in northern Italy.;
Best Things to Do in Marsa Alam;1;Title top;1;The best things to do in Marsa Alam;Red Sea paradise;2026.06.07;13:45;https://milesandflavors.com/best-things-to-do-in-marsa-alam-egypt-including-the-one-that-changes-everything/;Best Things to Do Around the World;Best Things to Do in Marsa Alam, Egypt;The house reef at Marsa Alam is right off the beach — no boat required. You put your mask in and immediately there are turtles. The best things to do in Marsa Alam, ranked for first-time Red Sea visitors.;Crystal-clear turquoise water over a coral reef on Egypt's Red Sea coast at Marsa Alam.;
Best Travel Money Card;1;Title top;1;The best travel money card;for 2026;2026.06.07;14:00;https://milesandflavors.com/best-travel-money-card/;Best Travel Tips & Hacks;Best Travel Money Card for 2026 (Compared);Every time you use your bank card abroad, there's a small fee you probably don't notice. On a two-week trip, those fees add up to your dinner budget. The best travel money cards that eliminate them entirely.;A traveler holding a bank card and phone, ready to pay abroad without fees.;
Amalfi Coast Bucket List;1;Title top;1;The most beautiful places on the Amalfi Coast;and how to see them;2026.06.07;14:30;https://milesandflavors.com/amalfi-coast-bucketlist-25-best-thing-to-do/;Best Things to Do Around the World;Amalfi Coast Bucket List: The Most Beautiful Stops;Positano from the water. Ravello's terrace at sunset. A hidden cove you reach by boat and swim in alone. The most beautiful places on the Amalfi Coast — the bucket list that goes beyond the main towns.;The pastel houses of Positano tumbling down to the turquoise sea on the Amalfi Coast.;
Japan 10-Day Itinerary;1;Title top;1;The perfect 10 days in Japan;Tokyo, Kyoto & beyond;2026.06.07;14:55;https://milesandflavors.com/japan-10-day-itinerary/;Asia Travel Itineraries;Japan 10-Day Itinerary: Tokyo, Kyoto & Osaka;Tokyo's neon and Kyoto's temple quiet and Osaka's food market energy — all in 10 days. A Japan itinerary that hits the icons without rushing, with the bullet train schedule, booking tips, and day-by-day plan.;Snow-capped Mount Fuji rising above a calm lake in Japan.;
2 Days in Athens;1;Title bottom;1;The perfect 2 days in Athens;mapped so it actually flows;2026.06.07;20:00;https://milesandflavors.com/2-days-in-athens/;Europe Travel Itineraries;2 Days in Athens: The Perfect Itinerary;The Acropolis at first light, before the heat and the crowds, and the whole city spread out below you. A 2-day Athens itinerary that gets you there at the right time — with the Plaka, rooftop dinner, and ancient ruins all mapped out.;The ancient marble columns of the Acropolis rising above the city of Athens, Greece.;
3 Days in Amsterdam;1;Title top;1;The perfect 3 days in Amsterdam;a first-timer's itinerary;2026.06.07;21:00;https://milesandflavors.com/3-days-in-amsterdam/;Netherlands Travel Guide;3 Days in Amsterdam: The Perfect Itinerary;Canals at golden hour, the Van Gogh Museum at 9am before the tour groups, the Jordaan's quiet backstreets. A 3-day Amsterdam itinerary that gets the pacing right — day by day, with where to stay and what to book.;A picturesque Amsterdam canal lined with narrow gabled houses and bicycles.;
Chicago Bucket List;1;Centered;1;The Chicago bucket list;for first-timers;2026.06.07;22:00;https://milesandflavors.com/chicago-bucket-list-25-best-things-to-do/;Best Things to Do Around the World;Chicago Bucket List: 25 Best Things to Do;Cloud Gate reflecting an infinite Chicago skyline. Deep dish at Lou Malnati's. The architecture cruise at golden hour. The Chicago bucket list is genuinely good — here's how to do it in the right order.;The mirrored surface of Cloud Gate, the Bean, reflecting the Chicago skyline.;
How to Find Cheap Flights;1;Title top;1;How to find cheap flights;the real tricks that work;2026.06.08;0:00;https://milesandflavors.com/how-to-find-cheap-flights/;Best Travel Tips & Hacks;How to Find Cheap Flights (Real Tricks That Work);Booking on a Tuesday doesn't save you money — that's a myth. What actually does: flexible dates, error fares, the right search tools, and one booking timing rule that consistently works. The real cheap flight guide.;An airplane taking off into a clear sky, representing finding cheap flights.;
7 Days in Marsa Alam;1;Title top;1;The perfect 7 days in Marsa Alam;a Red Sea itinerary;2026.06.08;1:00;https://milesandflavors.com/7-days-in-marsa-alam-itinerary/;Egypt Travel Guide;7 Days in Marsa Alam: The Perfect Itinerary;You put your face in the water in Marsa Alam and a school of angelfish parts around you. Dolphins at Sataya. A desert sunset with no city lights for 50 miles. A 7-day Marsa Alam itinerary that balances the Red Sea with the Sahara.;Crystal-clear turquoise water over a coral reef on Egypt's Red Sea coast at Marsa Alam.;
Amsterdam Bucket List;1;Title bottom dark;1;The Amsterdam bucket list;what's actually worth it;2026.06.08;20:00;https://milesandflavors.com/amsterdam-bucket-list/;Best Things to Do Around the World;Amsterdam Bucket List: Best Things to Do;A canal boat at golden hour with wine. The Van Gogh Museum first thing in the morning. The Jordaan at dusk, before the restaurants fill up. The Amsterdam bucket list that earns every moment.;A picturesque Amsterdam canal lined with narrow gabled houses and bicycles.;
Best Things to Do in Tokyo;1;Title bottom;1;The best things to do in Tokyo;ranked honestly;2026.06.08;21:00;https://milesandflavors.com/best-things-to-do-in-tokyo/;Japan Travel Guide;Best Things to Do in Tokyo for First-Timers;Shibuya Crossing at night, lit by 50 screens. Senso-ji at dawn, smoke from the incense, cherry blossoms overhead. The best things to do in Tokyo, ranked for first-timers — what earns the trip.;The neon-lit streets and crowds of the Shibuya crossing in Tokyo, Japan.;
Barcelona Bucket List;1;Title bottom light;1;Barcelona First Timer?;the bucket list that's actually worth it;2026.06.08;22:00;https://milesandflavors.com/barcelona-bucket-list/;Best Things to Do Around the World;Barcelona Bucket List: 25 Best Things to Do for First-Timers;Sagrada Familia at morning light, when the stained glass turns the interior into something that doesn't look like it belongs on Earth. Barcelona's bucket list, ranked honestly — what earns the hype and what doesn't.;The colorful mosaic curves of Park Guell overlooking Barcelona and the sea.;
3 Days in Chicago;1;Title bottom;1;The perfect 3 days in Chicago;day by day, done right;2026.06.08;23:00;https://milesandflavors.com/3-days-in-chicago-itinerary/;USA Travel Itineraries;3 Days in Chicago: The Perfect Itinerary;The Bean at sunrise, the architecture cruise through the river canyon, deep dish that requires two hands, the lakefront at golden hour — a 3-day Chicago itinerary that earns its reputation as America's most underrated city.;The mirrored surface of Cloud Gate, the Bean, reflecting the Chicago skyline.;
Where to Stay in the Dolomites;1;Title bottom dark;1;Where to stay in the Dolomites;the best base for your trip;2026.06.08;2:00;https://milesandflavors.com/where-to-stay-in-the-dolomites/;Italy Travel Guide;Where to Stay in the Dolomites: Best Areas for First-Timers;Cortina is glamorous and expensive. Val Gardena is ski-resort central with the best trail access. Alta Badia is quieter and more beautiful. The Dolomites bases compared — which valley to pick for your trip.;A stylish, sunlit hotel room with a comfortable bed and a view, ready for a stay in the Dolomites.;
5-Day New York City Itinerary;1;Title top;1;The perfect 5 days in NYC;no wasted steps;2026.06.09;0:00;https://milesandflavors.com/5-day-new-york-city-itinerary/;USA Travel Itineraries;5 Days in New York City: The Perfect Itinerary;Five days in New York: Manhattan in the morning, Brooklyn at sunset, the food you've been reading about, the skyline views that make you understand the obsession. Day-by-day with neighborhoods, timings, and what to book first.;The New York City skyline of towering skyscrapers on a bright, clear day.;
How to Book Hotels Like a Pro;1;Title top dark;1;How to book hotels like a pro;and pay less;2026.06.09;1:00;https://milesandflavors.com/how-to-book-hotels-like-a-pro/;Best Travel Tips & Hacks;How to Book Hotels Like a Pro (and Pay Less);The hotel that cost 180 euros on the booking site was 140 on the hotel's own website with breakfast included. The booking tricks that quietly get you a better room for less — and when they work.;A traveler planning a trip with a map, passport and notebook on a table.;
Best Day Trips from Amsterdam;1;Title bottom;1;The best day trips from Amsterdam;windmills, tulips & more;2026.06.09;20:00;https://milesandflavors.com/best-day-trips-from-amsterdam/;Day Trips & Excursions;Best Day Trips from Amsterdam;Zaanse Schans windmills at sunrise. Keukenhof's tulip fields in bloom. Giethoorn's car-free canals at any time of year. The day trips from Amsterdam that justify an extra day in the Netherlands.;A picturesque Amsterdam canal lined with narrow gabled houses and bicycles.;
Best Things to Do in Kyoto;1;Title top;1;The best things to do in Kyoto;temples, geisha & bamboo;2026.06.09;21:00;https://milesandflavors.com/best-things-to-do-in-kyoto/;Best Things to Do Around the World;Best Things to Do in Kyoto for First-Timers;Fushimi Inari's torii gates stretch 4km up a mountain — start at 6am and you'll have the first section almost to yourself. The best things to do in Kyoto: when to go, what to skip, and what earns the trip.;Rows of vermilion torii gates winding up the hillside at Fushimi Inari shrine in Kyoto.;
Best Beaches in Zakynthos;1;Title bottom;1;The most beautiful beaches in Zakynthos;ranked;2026.06.09;22:00;https://milesandflavors.com/best-beaches-in-zakynthos/;Best Beach Destinations;Best Beaches in Zakynthos, Greece (Ranked);Navagio Shipwreck Beach surrounded by white cliffs so steep they block the horizon. The Blue Caves glowing an impossible turquoise beneath the boat. Zakynthos beaches are a different category — here are the best ones.;The famous Navagio Shipwreck Beach with its rusting wreck and turquoise water in Zakynthos.;
Best Things to Do in Rome (NEW);1;Title top;1;The most beautiful places in Rome;and how to see them in one trip;2026.06.09;23:00;https://milesandflavors.com/best-things-to-do-in-rome/;Best Things to Do Around the World;The Most Beautiful Places in Rome (First-Timer's Guide);The Pantheon has been standing for 2,000 years, open to the sky through the same oculus. It's free before 9am. The best things to do in Rome — from the Colosseum and Vatican to Trastevere's secret lanes.;The ancient arches of the Roman Colosseum glowing in the afternoon light.;
Where to Stay in Marsa Alam;1;Title bottom light;1;Where to stay in Marsa Alam;best resorts & areas;2026.06.09;2:00;https://milesandflavors.com/where-to-stay-in-marsa-alam/;Where to Stay: Best Hotels & Areas;Where to Stay in Marsa Alam, Egypt;All-inclusive on a house reef, or a boutique hotel near a dive site? The different kinds of Marsa Alam stays compared — what each offers, who each suits, and how to choose for the Red Sea holiday you want.;A stylish, sunlit hotel room with a comfortable bed and a view, ready for a stay in Marsa Alam.;
Where to Stay in Chicago;1;Title top;1;Where to stay in Chicago;the best areas compared;2026.06.10;0:00;https://milesandflavors.com/where-to-stay-in-chicago-7-best-areas-hotels/;Where to Stay: Best Hotels & Areas;Where to Stay in Chicago for First-Time Visitors;The Loop puts you next to the sights. River North has the best nightlife. The Gold Coast has the lakefront. Wicker Park has the locals. The best Chicago neighborhoods compared — so you book the right base.;A stylish, sunlit hotel room with a comfortable bed and a view, ready for a stay in Chicago.;
Marsa Alam Travel Costs;1;Title bottom;1;Is Marsa Alam expensive?;the honest answer;2026.06.10;1:00;https://milesandflavors.com/marsa-alam-travel-costs/;Egypt Travel Guide;Marsa Alam Travel Costs: An Honest Budget Guide;A week in Marsa Alam with full board, snorkeling day trips, a Sataya dolphin cruise, and a desert safari. Here's what it actually cost — and whether an all-inclusive makes financial sense.;Crystal-clear turquoise water over a coral reef on Egypt's Red Sea coast at Marsa Alam.;
Best Things to Do in Osaka;1;Title top dark;1;The best things to do in Osaka;Japan's food capital;2026.06.10;20:00;https://milesandflavors.com/best-things-to-do-in-osaka/;Best Things to Do Around the World;Best Things to Do in Osaka for First-Timers;Dotonbori's neon reflections in the canal. Takoyaki that burns your fingers and is worth it. Osaka Castle at golden hour. The best things to do in Osaka — Japan's most underrated city, done right.;Glowing neon signs and street-food stalls along the Dotonbori canal in Osaka, Japan.;
Where to Stay in Amsterdam;1;Centered dark;1;Where to stay in Amsterdam;for first-time visitors;2026.06.10;21:00;https://milesandflavors.com/where-to-stay-in-amsterdam/;Netherlands Travel Guide;Where to Stay in Amsterdam for First-Time Visitors;The Canal Ring puts you in the most beautiful Amsterdam, but the prices show it. The Jordaan is charming and quieter. De Pijp has the best market and the locals. The best Amsterdam neighborhoods compared — so you book the right one.;A stylish, sunlit hotel room with a comfortable bed and a view, ready for a stay in Amsterdam.;
eSIM for Travel;1;Title top dark;1;How to use an eSIM for travel;stay connected for less;2026.06.10;22:00;https://milesandflavors.com/esim-for-travel/;Best Travel Tips & Hacks;eSIM for Travel: How to Stay Connected for Less;Your phone works the moment the plane lands. No SIM card swap. No roaming bill surprise. An eSIM costs about the same as a cheap SIM card — here's how it works, the best ones to buy, and how to set it up.;A smartphone showing a strong mobile connection while traveling abroad.;
Where to Stay in Barcelona;1;Title top;1;Where to stay in Barcelona;for first-time visitors;2026.06.10;23:00;https://milesandflavors.com/where-to-stay-in-barcelona/;Where to Stay: Best Hotels & Areas;Where to Stay in Barcelona for First-Time Visitors;Eixample is central and walkable. The Gothic Quarter is atmospheric and noisy. Gracia is a village inside the city. The best Barcelona neighborhoods compared — so you book the right one for your trip.;A stylish, sunlit hotel room with a comfortable bed and a view, ready for a stay in Barcelona.;
Where to Stay on the Amalfi Coast;1;Title top light;1;Where to stay on the Amalfi Coast;for first-time visitors;2026.06.10;2:00;https://milesandflavors.com/where-to-stay-on-the-amalfi-coast/;Where to Stay: Best Hotels & Areas;Where to Stay on the Amalfi Coast for First-Timers;Positano is photogenic and expensive. Amalfi is central and manageable. Praiano is quieter and half the price. The Amalfi Coast towns compared — who each one suits and what you're trading off.;A stylish, sunlit hotel room with a comfortable bed and a view, ready for a stay in the Amalfi Coast.;
3 Days in Rome Itinerary (VERIFY SLUG);2;Title bottom dark;1;The Rome mistakes to avoid;and what to skip;2026.06.11;0:00;https://milesandflavors.com/3-days-in-rome-itinerary/;Europe Travel Itineraries;3 Days in Rome: Mistakes to Avoid;Noon at the Colosseum. Eating next to the Trevi. Skipping Trastevere until after dinner. The Rome mistakes that eat an entire day — and a 3-day itinerary that avoids every one of them.;Water cascading over the marble figures of the Trevi Fountain in Rome.;
How to Plan a Trip;2;Centered;1;Trip planning, made simple;the step-by-step guide;2026.06.11;1:00;https://milesandflavors.com/how-to-plan-a-trip/;Budget Travel & Cheap Destinations;How to Plan a Trip the Easy Way;Dates, budget, flights, accommodation, itinerary — in that exact order, for a reason. How to plan any trip so the pieces fall into place instead of fighting each other.;An open suitcase packed for a trip beside a world map.;
Hiking in the Dolomites;2;Centered;1;Lago di Braies & the Dolomites' best trails;for every level;2026.06.11;20:00;https://milesandflavors.com/hiking-in-the-dolomites/;Italy Travel Guide;Hiking in the Dolomites: Best Trails for Every Level;From the easy Lago di Braies shoreline loop to the dramatic Tre Cime circuit — the best Dolomites hikes matched to your fitness level, with real descriptions of what each trail actually feels like.;The turquoise water of Lago di Braies beneath towering Dolomite peaks.;
12-Day Greece Itinerary;2;Title top light;1;Greece in 12 days;exactly which islands to pick;2026.06.11;21:00;https://milesandflavors.com/12-day-greece-itinerary/;Greece Travel Guide;12-Day Greece Itinerary: Which Islands to Choose;You only have 12 days and there are 6,000 Greek islands. Here's exactly which ones to choose — Santorini, Naxos, Milos or Paros — and how to string them together without wasting half your trip on ferries.;Whitewashed houses and blue domes overlooking the sea in Greece.;
Amalfi Coast 5-Day Itinerary;2;Title top;1;Amalfi Coast in 5 days;exactly what to do each day;2026.06.11;22:00;https://milesandflavors.com/5-days-on-the-amalfi-coast-itinerary/;Best Beach Destinations;5-Day Amalfi Coast Itinerary: A Day-by-Day Plan;Five days on the Amalfi Coast: Positano for the photos, Amalfi for the history, Ravello for the views, Capri for the day trip, and the Path of the Gods for the morning you'll talk about forever. Day by day.;A cliffside view over the deep blue water of the Amalfi Coast, Italy.;
4 Days in Barcelona;2;Title top;1;Barcelona in 4 days;exactly what to do each day;2026.06.11;23:00;https://milesandflavors.com/4-days-in-barcelona-the-perfect-itinerary/;City Breaks & Weekend Getaways;4-Day Barcelona Itinerary: A Day-by-Day Plan;Four days in Barcelona, mapped without the guesswork: Gaudi mornings, neighborhood afternoons, sunset spots with wine, and the food that makes people move here. Day-by-day with where to eat and where to stay.;Sunlight on the soaring spires of Gaudi's Sagrada Familia in Barcelona, Spain.;
25 Best Things to Do in NYC;2;Centered;1;NYC without the overwhelm;where to start;2026.06.11;2:00;https://milesandflavors.com/25-best-things-to-do-in-nyc/;New York Travel Guide;Best Things to Do in NYC: Where to Start;New York has a thousand things competing for your time. Here's what actually earns it: Central Park, the Brooklyn Bridge, the High Line, the food halls, and the views that stop you mid-sentence.;Yellow taxis and tall buildings on a busy street in New York City.;
Best Things to Do in Marsa Alam;2;Title top;1;Snorkeling in Marsa Alam;the best reefs;2026.06.12;0:00;https://milesandflavors.com/best-things-to-do-in-marsa-alam-egypt-including-the-one-that-changes-everything/;Egypt Travel Guide;Best Things to Do in Marsa Alam: Snorkeling & Reefs;Sataya dolphin reef has a resident pod of 300 dolphins. You snorkel in the middle of them. Marsa Mubarak has dugongs and turtles. The wildlife encounters that make Marsa Alam different from any other Red Sea resort.;A sandy beach meeting the vivid blue Red Sea in Marsa Alam, Egypt.;
Best Travel Money Card;2;Centered;1;Stop losing money abroad;the best travel cards compared;2026.06.12;1:00;https://milesandflavors.com/best-travel-money-card/;Budget Travel & Cheap Destinations;Best Travel Money Card: Stop Paying Fees Abroad;The hidden fees that quietly drain a travel budget: ATM withdrawal charges, currency conversion markups, foreign transaction fees. The travel money cards that kill all three — compared honestly.;Travel cards and a smartphone laid out on a map, ready for a trip.;
2 Days in Athens;2;Title top;1;Athens in 2 days;exactly what to do;2026.06.12;20:00;https://milesandflavors.com/2-days-in-athens/;Europe Travel Itineraries;2 Days in Athens: A Day-by-Day Plan;Two days is actually enough for Athens, if you do it right. The Acropolis and Parthenon, the ancient Agora, the Plaka, a rooftop sunset — all mapped hour by hour so nothing gets rushed.;The Parthenon glowing at golden hour atop the Acropolis in Athens.;
3 Days in Amsterdam;2;Centered dark;1;Amsterdam in 3 days;exactly what to do each day;2026.06.12;21:00;https://milesandflavors.com/3-days-in-amsterdam/;Europe Travel Itineraries;3-Day Amsterdam Itinerary: A Day-by-Day Plan;Three days in Amsterdam, mapped without the guesswork: the canal ring in the morning, the Jordaan for lunch, world-class museums in the afternoon, and Vondelpark at sunset. The complete first-timer route.;Bridges and houseboats along a tree-lined canal in Amsterdam, Netherlands.;
Chicago Bucket List;2;Title top;1;The most beautiful spots in Chicago;and how to see them;2026.06.12;22:00;https://milesandflavors.com/chicago-bucket-list-25-best-things-to-do/;City Breaks & Weekend Getaways;Most Beautiful Places in Chicago;The Bean's mirror. The river lit gold at sunset. The lakefront stretching to the horizon. Millennium Park in any season. The Chicago moments that make people understand why this city has such loyal fans.;The Chicago skyline rising above the river and downtown architecture.;
Japan 10-Day Itinerary;2;Centered light;1;The Japan mistakes to avoid;what I'd plan differently;2026.06.12;23:00;https://milesandflavors.com/japan-10-day-itinerary/;Japan Travel Guide;Japan 10-Day Itinerary: Mistakes to Avoid;Over-packing the route. Skipping the JR Pass math. Spending too many days in Tokyo. The Japan first-timer mistakes — and a 10-day itinerary that avoids all of them.;Cherry blossoms framing a traditional temple in Japan.;
Amalfi Coast Bucket List;2;Centered;1;Amalfi by boat: the bucket-list day;Capri, coves & the Blue Grotto;2026.06.12;2:00;https://milesandflavors.com/amalfi-coast-bucketlist-25-best-thing-to-do/;Italy Travel Guide;Amalfi Coast Bucket List: The Best Things to Do by Sea;The coast looks different from a boat. The Blue Grotto. The coves you can't drive to. A private swim below Positano. The Amalfi experiences that only happen on the water — and how to do them.;A cliffside view over the deep blue water of the Amalfi Coast, Italy.;
How to Find Cheap Flights;2;Title top light;1;Stop overpaying for flights;find them cheap;2026.06.13;0:00;https://milesandflavors.com/how-to-find-cheap-flights/;Budget Travel & Cheap Destinations;How to Find Cheap Flights and Stop Overpaying;The alert timing, the flexible date view, the incognito tab myth — how to find cheap flights using the strategies that actually work, explained without the nonsense.;A departures board and airplane wing on the way to a new destination.;
7 Days in Marsa Alam;2;Title top;1;A week in Marsa Alam;exactly what to do;2026.06.13;1:00;https://milesandflavors.com/7-days-in-marsa-alam-itinerary/;Egypt Travel Guide;7 Days in Marsa Alam: A Day-by-Day Plan;Seven days on Egypt's Red Sea mapped out: the best reefs to snorkel, a dolphin trip to Sataya, a desert safari to the dunes, and enough beach days to genuinely decompress. The Marsa Alam itinerary, day by day.;A sandy beach meeting the vivid blue Red Sea in Marsa Alam, Egypt.;
Amsterdam Bucket List;2;Title bottom dark;1;The most beautiful spots in Amsterdam;and how to see them;2026.06.13;20:00;https://milesandflavors.com/amsterdam-bucket-list/;City Breaks & Weekend Getaways;Most Beautiful Places in Amsterdam;The canal ring at golden hour, the Jordaan's hidden bridges, tulip fields in bloom an hour from the city. Amsterdam's most beautiful moments — and a bucket list that puts them all in the right order.;Bridges and houseboats along a tree-lined canal in Amsterdam, Netherlands.;
Best Things to Do in Tokyo;2;Title top dark;1;Tokyo hidden gems;beyond Shibuya & Shinjuku;2026.06.13;21:00;https://milesandflavors.com/best-things-to-do-in-tokyo/;Best Things to Do Around the World;Tokyo Hidden Gems: Beyond the Big Sights;The old wooden streets of Yanaka, hidden izakaya alleys in Shinjuku, quiet shrines in Yanesen. Tokyo's best-kept-secret neighborhoods — where the city feels like itself rather than a tourist destination.;A traditional red temple gate against the modern Tokyo skyline.;
Barcelona Bucket List;2;Title top light;1;The most beautiful spots in Barcelona;and how to see them in one trip;2026.06.13;22:00;https://milesandflavors.com/barcelona-bucket-list/;Spain Travel Guide;The Most Beautiful Places in Barcelona, Spain;From Sagrada Familia's stained glass to the Bunkers del Carmel sunset, from Park Guell's mosaics to El Born's wine bars. The Barcelona bucket list that covers the icons and the places locals actually love.;Sunlight on the soaring spires of Gaudi's Sagrada Familia in Barcelona, Spain.;
3 Days in Chicago;2;Title bottom;1;Chicago in 3 days;exactly what to do each day;2026.06.13;23:00;https://milesandflavors.com/3-days-in-chicago-itinerary/;Chicago Travel Guide;3-Day Chicago Itinerary: A Day-by-Day Plan;Three days in Chicago, mapped out: Millennium Park in the morning, the architecture river cruise midday, the Art Institute in the afternoon, the lakefront at sunset. The first-timer route, hour by hour.;The Chicago skyline rising above the river and downtown architecture.;
Where to Stay in the Dolomites;2;Title bottom dark;1;The Dolomites base you don't need a car for;stay here;2026.06.13;2:00;https://milesandflavors.com/where-to-stay-in-the-dolomites/;Where to Stay: Best Hotels & Areas;Where to Stay in the Dolomites Without a Car;Villages where the trail starts at your front door, the gondola is a 5-minute walk, and breakfast comes with a peak view. The Dolomites bases that work best for hikers.;A cozy boutique hotel interior in the Dolomites.;
5-Day New York City Itinerary;2;Title top;1;NYC in 5 days;exactly what to do each day;2026.06.14;0:00;https://milesandflavors.com/5-day-new-york-city-itinerary/;New York Travel Guide;5-Day New York City Itinerary: A Day-by-Day Plan;Five days in New York, mapped by neighborhood so you're never crossing the city twice: Midtown icons, Lower Manhattan history, Brooklyn for sunsets, the Village for food. The smart first-timer route.;Yellow taxis and tall buildings on a busy street in New York City.;
How to Book Hotels Like a Pro;2;Centered;1;Stop overpaying for hotels;book like a pro;2026.06.14;1:00;https://milesandflavors.com/how-to-book-hotels-like-a-pro/;Budget Travel & Cheap Destinations;How to Book Hotels and Stop Overpaying;The sites that add resort fees at checkout. The booking days that get you better rates. The loyalty program tricks that work even if you're not a frequent traveler. How to book hotels like someone who does it professionally.;An open suitcase packed for a trip beside a world map.;
Best Day Trips from Amsterdam;2;Title top dark;1;Tulips, windmills & fairytale villages;day trips from Amsterdam;2026.06.14;20:00;https://milesandflavors.com/best-day-trips-from-amsterdam/;Netherlands Travel Guide;Best Day Trips from Amsterdam: Tulips & Windmills;Keukenhof in April when 7 million tulips are in bloom at once. The Zaanse Schans windmills reflected in still water. The best Amsterdam day trips for people who want more of the Netherlands.;Bridges and houseboats along a tree-lined canal in Amsterdam, Netherlands.;
Best Things to Do in Kyoto;2;Centered dark;1;The most beautiful spots in Kyoto;and when to go;2026.06.14;21:00;https://milesandflavors.com/best-things-to-do-in-kyoto/;Japan Travel Guide;Most Beautiful Places in Kyoto (+ Best Times);Fushimi Inari before the crowds arrive. The bamboo grove at dawn, before any tour bus stops. Golden Kinkaku-ji in morning light. The most beautiful Kyoto moments and the times that make them possible.;The towering green stalks of the Arashiyama bamboo grove in Kyoto.;
Best Beaches in Zakynthos;2;Centered;1;Navagio Shipwreck Beach & beyond;the best beaches in Zakynthos;2026.06.14;22:00;https://milesandflavors.com/best-beaches-in-zakynthos/;Greece Travel Guide;Best Beaches in Zakynthos: Navagio & Hidden Coves;Navagio for the drama. The Blue Caves for the color. Gerakas for the loggerhead turtles at dawn. The Zakynthos beaches that earn their reputation — plus the quieter coves locals actually swim at.;Sheer white cliffs above the impossibly blue water of a Zakynthos beach.;
Best Things to Do in Rome (NEW);2;Title top;1;Best things to do in Rome;ranked honestly for first-timers;2026.06.14;23:00;https://milesandflavors.com/best-things-to-do-in-rome/;City Breaks & Weekend Getaways;Best Things to Do in Rome: An Honest First-Timer List;The Colosseum, the Vatican, the Pantheon and Piazza Navona — Rome's icons, ranked by what they're actually worth. The best things to do in Rome for first-timers who want the real Eternal City.;Water cascading over the marble figures of the Trevi Fountain in Rome.;
Where to Stay in Marsa Alam;2;Centered;1;The best house reefs in Marsa Alam;stay where you can snorkel;2026.06.14;2:00;https://milesandflavors.com/where-to-stay-in-marsa-alam/;Egypt Travel Guide;Where to Stay in Marsa Alam: Best House Reefs;The Marsa Alam resorts with the best house reefs — where you can snorkel directly off the beach, without a boat. The key thing most travelers don't check when booking, and how to verify it.;A cozy boutique hotel interior in Marsa Alam.;
Where to Stay in Barcelona;2;Centered;1;Don't book Barcelona;before reading this neighborhood guide;2026.06.15;0:00;https://milesandflavors.com/where-to-stay-in-barcelona/;Spain Travel Guide;Where to Stay in Barcelona: The Neighborhood Guide;Before you book Barcelona, read this: Eixample for convenience, the Gothic Quarter for atmosphere, El Born for nightlife, Gracia for locals. The neighborhood breakdown that makes the decision simple.;A cozy boutique hotel interior in Barcelona.;
Where to Stay in Chicago;2;Title bottom;1;The Loop or River North?;where to stay in Chicago;2026.06.15;1:00;https://milesandflavors.com/where-to-stay-in-chicago-7-best-areas-hotels/;Chicago Travel Guide;Where to Stay in Chicago: The Loop vs River North;Sightseeing central or evenings-out neighborhood? How to choose your Chicago base — what the Loop, River North, Gold Coast and Wicker Park are actually like to stay in.;A cozy boutique hotel interior in Chicago.;
Dolomites Day Trip from Venice;1;Title bottom;1;Venice to the Dolomites in a day;how to do it;2026.06.15;20:00;https://milesandflavors.com/day-trip-to-the-dolomites-from-venice/;Day Trips & Excursions;Dolomites Day Trip from Venice: How to Do It;Three hours from Venice, the landscape changes completely: canals become mountain passes, flatness becomes jagged peaks, and the Alps take over the entire horizon. Everything you need to know about a Dolomites day trip from Venice.;A hiking trail leading through the dramatic limestone peaks of the Dolomites in northern Italy.;
Best Things to Do in Osaka;2;Title top dark;1;Eat your way through Osaka;takoyaki, okonomiyaki & more;2026.06.15;21:00;https://milesandflavors.com/best-things-to-do-in-osaka/;Japan Travel Guide;Best Things to Do in Osaka: The Food Guide;Takoyaki, okonomiyaki, kushikatsu deep-fried everything — eating your way through Osaka is a legitimate travel plan. The best food streets, the best dishes, the best neighborhoods for eating in Japan's kitchen.;Osaka Castle rising above green gardens under a blue sky.;
Where to Stay in Amsterdam;2;Centered dark;1;The Jordaan or the Canal Ring?;where to stay in Amsterdam;2026.06.15;22:00;https://milesandflavors.com/where-to-stay-in-amsterdam/;Where to Stay: Best Hotels & Areas;Where to Stay in Amsterdam: Jordaan vs Canal Ring;Postcard canals or local charm? How to choose your Amsterdam base — what each neighborhood is actually like to stay in, what they cost, and what you're giving up with each choice.;A cozy boutique hotel interior in Amsterdam.;
eSIM for Travel;2;Centered;1;Stop paying roaming fees;use a travel eSIM;2026.06.15;23:00;https://milesandflavors.com/esim-for-travel/;Budget Travel & Cheap Destinations;eSIM for Travel: Ditch the Roaming Fees;Cheap data that activates before you land, no SIM tray needed. How a travel eSIM works, which ones give the best value, and how to install it in 5 minutes from your phone.;A traveler using a phone with a travel eSIM in a foreign city.;
Marsa Alam Travel Costs;2;Title top;1;What a week in Marsa Alam costs;everything included;2026.06.15;2:00;https://milesandflavors.com/marsa-alam-travel-costs/;Egypt Travel Guide;What 7 Days in Marsa Alam Actually Cost;Flights, a beachfront all-inclusive, snorkeling trips and a desert night. A realistic Marsa Alam trip cost in 2026, line by line — so you know what to budget before you fall in love with the Red Sea.;A sandy beach meeting the vivid blue Red Sea in Marsa Alam, Egypt.;
3 Days in Rome Itinerary (VERIFY SLUG);3;Title top;1;The most beautiful corners of Rome;mapped into 3 perfect days;2026.06.16;0:00;https://milesandflavors.com/3-days-in-rome-itinerary/;City Breaks & Weekend Getaways;3 Days in Rome: The Most Beautiful Route;The Pantheon's open dome. The Trevi Fountain at midnight, empty. Trastevere's lit-up cobblestones. The Rome moments so beautiful they don't look real — a 3-day itinerary built around all of them.;The open dome of the Pantheon above a sunlit piazza in Rome, Italy.;
How to Plan a Trip;3;Title bottom;1;Plan your dream trip;without the overwhelm;2026.06.16;1:00;https://milesandflavors.com/how-to-plan-a-trip/;Best Travel Tips & Hacks;How to Plan a Trip Without the Overwhelm;Where to start, what to book first, when to lock in the itinerary. The stress-free trip planning guide that works for any destination and any budget.;An airplane wing above a sea of clouds on the way to a new destination.;
Hiking in the Dolomites;3;Title bottom;1;The Dolomites hike worth a 5am alarm;Tre Cime at sunrise;2026.06.16;20:00;https://milesandflavors.com/hiking-in-the-dolomites/;Italy Travel Guide;Best Sunrise Hikes in the Dolomites;First light on Tre Cime di Lavaredo and the whole valley turns pink. The Dolomites trails worth starting before sunrise — the most beautiful early-morning hikes in northern Italy.;Jagged Dolomite mountains rising above green alpine meadows.;
12-Day Greece Itinerary;3;Title top;1;Athens, Santorini & the islands;12 unforgettable days in Greece;2026.06.16;21:00;https://milesandflavors.com/12-day-greece-itinerary/;Best Beach Destinations;12 Days in Greece: Athens, Santorini & Island-Hopping;The Acropolis lit up at golden hour, a midnight swim in Santorini's caldera, and a cove in Naxos you had entirely to yourself. This 12-day Greece itinerary is built around the moments you'll still be talking about years later.;A turquoise cove framed by dramatic cliffs on a Greek island.;
Amalfi Coast 5-Day Itinerary;3;Centered dark;1;The Amalfi day worth spending on the water;Capri & the coast by boat;2026.06.16;22:00;https://milesandflavors.com/5-days-on-the-amalfi-coast-itinerary/;Italy Travel Guide;5 Days on the Amalfi Coast: The Ferry & Capri Day;The Amalfi Coast looks completely different from the water. A boat day to Capri, the Blue Grotto, and the coves you can only reach by sea — how to add the boat experience to a 5-day coast itinerary.;Lemon groves and terraces above the sea on the Amalfi Coast.;
4 Days in Barcelona;3;Title bottom;1;How to do the Gaudi sites right;in 4 perfect Barcelona days;2026.06.16;23:00;https://milesandflavors.com/4-days-in-barcelona-the-perfect-itinerary/;Spain Travel Guide;4 Days in Barcelona: The Gaudi Highlights, Done Right;Sagrada Familia, Park Guell, Casa Batllo: three Gaudi icons, three very different crowds, three very different price points. Which ones earn their ticket, when to book, and what to skip.;A narrow, atmospheric stone street in Barcelona's Gothic Quarter.;
Best Canal Cruises in Amsterdam;1;Title bottom;1;The best canal cruise in Amsterdam;how to choose;2026.06.16;2:00;https://milesandflavors.com/best-canal-cruises-in-amsterdam/;Bucket list destinations;Best Canal Cruises in Amsterdam: How to Choose;Day cruise, evening cruise, or a small private boat with wine and no schedule — Amsterdam canal cruises are not all the same. The best ones compared honestly, so you book the right one.;A canal boat gliding past historic gabled houses in Amsterdam.;
Japan 10-Day Itinerary;3;Title bottom;1;Tokyo to Kyoto in 10 days;the can't-miss route;2026.06.17;0:00;https://milesandflavors.com/japan-10-day-itinerary/;Bucket list destinations;10 Days in Japan: Tokyo to Kyoto, Done Right;Shibuya, Senso-ji, Fushimi Inari at dawn, the Arashiyama bamboo, a Mt Fuji day trip — the 10-day Japan route that earns every bullet train connection.;A bullet train speeding past the Japanese countryside.;
Best Travel Money Card;3;Title top;1;Which travel card actually pays off?;compared;2026.06.17;1:00;https://milesandflavors.com/best-travel-money-card/;Best Travel Tips & Hacks;Best Travel Money Card: Which One Wins;Exchange rate, ATM fees, top-up limits, the fine print — the travel money card comparison that cuts through the marketing to tell you which one actually keeps the most money in your pocket.;A traveler holding a bank card and phone, ready to pay abroad without fees.;
25 Best Things to Do in NYC;3;Title top dark;1;The best NYC views;and where to find them;2026.06.17;20:00;https://milesandflavors.com/25-best-things-to-do-in-nyc/;City Breaks & Weekend Getaways;Best Things to Do in NYC: The Best Skyline Views;Top of the Rock or the Edge? Brooklyn Bridge or Manhattan Bridge? The New York skyline debate, settled with honest opinions. The best NYC viewpoints, plus every other bucket-list experience ranked.;The Brooklyn Bridge stretching toward the Manhattan skyline at sunset.;
2 Days in Athens;3;Title bottom;1;Is 2 days in Athens enough?;here's how to make it count;2026.06.17;21:00;https://milesandflavors.com/2-days-in-athens/;Europe Travel Itineraries;2 Days in Athens: How to Make It Count;Yes, you can do Athens justice in 2 days. The Acropolis, the Roman Agora, the Plaka's labyrinths, and the market neighborhoods most first-timers miss — a tight itinerary that earns every hour.;A charming cafe-lined street in the Plaka district below the Acropolis in Athens.;
3 Days in Amsterdam;3;Title bottom dark;1;Amsterdam without the crowds;where locals actually go;2026.06.17;22:00;https://milesandflavors.com/3-days-in-amsterdam/;City Breaks & Weekend Getaways;3 Days in Amsterdam: Beyond the Crowds;The crowds pile up at the Dam Square while the Jordaan's bridges are almost empty. Three days in Amsterdam that skip the tourist circuits and find the city's quieter, lovelier side.;Bicycles parked along a canal bridge in central Amsterdam.;
Chicago Bucket List;3;Title top;1;Chicago hidden gems;beyond the Bean;2026.06.17;23:00;https://milesandflavors.com/chicago-bucket-list-25-best-things-to-do/;Chicago Travel Guide;Chicago Hidden Gems: Beyond the Tourist Spots;The speakeasy in Wicker Park that still feels like a secret. The lakefront neighborhood that changes every two blocks. The local eats that don't appear on any tourist list. Chicago's hidden bucket list.;Tour boats on the Chicago River winding between towering skyscrapers.;
Where to Stay on the Amalfi Coast;2;Title top;1;Positano or Praiano?;where to stay on the Amalfi Coast;2026.06.17;2:00;https://milesandflavors.com/where-to-stay-on-the-amalfi-coast/;Italy Travel Guide;Where to Stay on the Amalfi Coast: Positano vs Praiano;The glamour of Positano or the value and calm of Praiano? How to choose your Amalfi Coast base — what the ferry connections look like, what each town is like to stay in, and what each costs.;A cozy boutique hotel interior in the Amalfi Coast.;
Barcelona Bucket List;3;Title bottom dark;1;Sagrada Familia, Park Guell & beyond;your complete Barcelona bucket list;2026.06.18;0:00;https://milesandflavors.com/barcelona-bucket-list/;City Breaks & Weekend Getaways;Barcelona Bucket List: Sagrada Familia, Park Guell & More;Sagrada Familia, Park Guell, Casa Batllo, the Bunkers del Carmel sunset, the Gothic Quarter at night, tapas you'll still think about months later. The Barcelona bucket list, honest about what every experience is really like.;A narrow, atmospheric stone street in Barcelona's Gothic Quarter.;
How to Find Cheap Flights;3;Title top dark;1;The cheap flight secrets;airlines don't advertise;2026.06.18;1:00;https://milesandflavors.com/how-to-find-cheap-flights/;Best Travel Tips & Hacks;How to Find Cheap Flights: Secrets Airlines Don't Share;Error fares disappear in hours. Flexible-date tricks find prices no one else sees. The booking window for transatlantic flights is different from budget European routes. The cheap flight secrets that actually hold up.;An airplane taking off into a clear sky, representing finding cheap flights.;
Best Things to Do in Marsa Alam;3;Centered;1;The most beautiful spots in Marsa Alam;Red Sea & desert;2026.06.18;20:00;https://milesandflavors.com/best-things-to-do-in-marsa-alam-egypt-including-the-one-that-changes-everything/;Egypt Travel Guide;Most Beautiful Places in Marsa Alam, Egypt;Turquoise lagoons, coral walls, desert dunes at sunset, and a sky full of stars with no light pollution. The most beautiful places in Marsa Alam — and a guide to experiencing all of them.;Colorful coral and tropical fish beneath the surface of the Red Sea.;
Amsterdam Bucket List;3;Title bottom dark;1;Amsterdam hidden gems;beyond the canals;2026.06.18;21:00;https://milesandflavors.com/amsterdam-bucket-list/;Netherlands Travel Guide;Amsterdam Hidden Gems: Beyond the Tourist Trail;Quiet courtyards, brown cafes, backstreet museums, the Jordaan at dusk. Amsterdam's bucket list without the crowds — the experiences that make the city feel like yours.;Bicycles parked along a canal bridge in central Amsterdam.;
Best Things to Do in Tokyo;3;Title top;1;The most beautiful spots in Tokyo;and when to go;2026.06.18;22:00;https://milesandflavors.com/best-things-to-do-in-tokyo/;Japan Travel Guide;Most Beautiful Places in Tokyo (+ Best Times);Senso-ji before 8am. The Shibuya lights at midnight. Cherry blossoms reflected in the Meguro River. The Tokyo moments that make you wish you'd booked a longer trip.;Glowing lanterns and signs in a narrow Tokyo backstreet at night.;
Amalfi Coast Bucket List;3;Title bottom;1;The Amalfi lemon experience;limoncello, granita & long lunches;2026.06.18;23:00;https://milesandflavors.com/amalfi-coast-bucketlist-25-best-thing-to-do/;Italy Travel Guide;Amalfi Coast Bucket List: Lemons, Limoncello & Long Lunches;A granita in the shade in Praiano. A long lunch in Amalfi. Lemon groves terraced up the hillside. The flavors and slow moments the Amalfi Coast is actually about, beyond the views.;Lemon groves and terraces above the sea on the Amalfi Coast.;
Where to Stay in the Dolomites;3;Title bottom dark;1;Val Gardena or Alta Badia?;where to stay in the Dolomites;2026.06.18;2:00;https://milesandflavors.com/where-to-stay-in-the-dolomites/;Best Things to Do Around the World;Where to Stay in the Dolomites: Val Gardena vs Alta Badia;Val Gardena or Alta Badia — two of the best Dolomites valleys, compared by scenery, trail access, Seceda proximity, and what staying in each actually feels like.;A hotel balcony looking out over the rooftops of the Dolomites.;
Best Beaches in Zakynthos;3;Title bottom;1;The bluest water in Greece;is in Zakynthos;2026.06.19;0:00;https://milesandflavors.com/best-beaches-in-zakynthos/;Greece Travel Guide;Best Beaches in Zakynthos: Greece's Bluest Water;Navagio, the Blue Caves, Porto Limnionas — the Zakynthos beaches with the most unreal water color on the planet, all in one corner of Greece. What makes each one different and how to get to them.;A small boat floating on the clear turquoise sea near the Blue Caves of Zakynthos.;
How to Book Hotels Like a Pro;3;Title bottom;1;The hotel booking secrets;that cut the cost;2026.06.19;1:00;https://milesandflavors.com/how-to-book-hotels-like-a-pro/;Best Travel Tips & Hacks;Hotel Booking Tips: Secrets to Spend Less;Free upgrades happen more often than hotels let on. The timing of your booking, the direct call trick, the loyalty status shortcut — the hotel booking secrets that get you a better room than you paid for.;An airplane wing above a sea of clouds on the way to a new destination.;
3 Days in Chicago;3;Title bottom;1;Before you book Chicago;read this first;2026.06.19;20:00;https://milesandflavors.com/3-days-in-chicago-itinerary/;City Breaks & Weekend Getaways;3 Days in Chicago: Read This Before You Book;Before you book Chicago, there's a short list of things to know: what to book weeks ahead, where to stay, and what's actually worth spending money on. The things first-timers always Google at the last minute.;Tour boats on the Chicago River winding between towering skyscrapers.;
Best Day Trips from Amsterdam;3;Title bottom;1;See the Dutch countryside;easy day trips from Amsterdam;2026.06.19;21:00;https://milesandflavors.com/best-day-trips-from-amsterdam/;Bucket list destinations;Best Day Trips from Amsterdam by Train;Windmills, tulip fields, cheese markets and canal villages — all under an hour from Amsterdam Centraal. The easiest and most beautiful day trips from Amsterdam by train.;Bicycles parked along a canal bridge in central Amsterdam.;
Best Things to Do in Kyoto;3;Title bottom;1;Kyoto's temples & torii gates;the can't-miss sights;2026.06.19;22:00;https://milesandflavors.com/best-things-to-do-in-kyoto/;Japan Travel Guide;Best Things to Do in Kyoto: Temples & Torii;Fushimi Inari, Kinkaku-ji, Kiyomizu-dera, the geisha streets of Gion at dusk — Kyoto's most iconic sights, honestly ranked. What earns the hype and what's better skipped on a first visit.;A golden temple reflected in a still pond in Kyoto, Japan.;
7 Days in Marsa Alam;3;Title top;1;Marsa Alam without the guesswork;how to plan the week;2026.06.19;23:00;https://milesandflavors.com/7-days-in-marsa-alam-itinerary/;Bucket list destinations;7 Days in Marsa Alam: How to Plan the Week;Which reefs are worth the boat trip? Is a desert safari better at sunrise or sunset? How much time in the pool vs. the sea? Everything you need to plan a week in Marsa Alam, answered honestly.;Colorful coral and tropical fish beneath the surface of the Red Sea.;
Best Things to Do in Rome (NEW);3;Title bottom;1;Rome's hidden gems;beyond the Colosseum and Trevi;2026.06.19;2:00;https://milesandflavors.com/best-things-to-do-in-rome/;Italy Travel Guide;Rome Hidden Gems: Beyond the Tourist Trail;The Aventine keyhole that frames a perfect view of St Peter's dome. The orange garden viewpoint. Monti's backstreet trattorias. Rome's hidden gems that most first-timers walk past without knowing they exist.;The open dome of the Pantheon above a sunlit piazza in Rome, Italy.;
Where to Stay in Amsterdam;3;Title bottom;1;Don't book Amsterdam;before reading this neighborhood guide;2026.06.20;0:00;https://milesandflavors.com/where-to-stay-in-amsterdam/;City Breaks & Weekend Getaways;Where to Stay in Amsterdam: The Neighborhood Guide;Before you book Amsterdam, read this: the Canal Ring is beautiful but expensive, the Jordaan is better value, and De Pijp is where the locals eat. The neighborhood breakdown that makes the booking decision easy.;A hotel balcony looking out over the rooftops of Amsterdam.;
eSIM for Travel;3;Title bottom;1;The travel eSIM guide;for stress-free data abroad;2026.06.20;1:00;https://milesandflavors.com/esim-for-travel/;Best Travel Tips & Hacks;eSIM for Travel: The Complete Guide;What an eSIM is, how to activate it before you travel, and which travel eSIMs offer the best data at the best price. The complete guide to staying connected abroad without the carrier bill.;A smartphone showing a strong mobile connection while traveling abroad.;
Things to Do in São Miguel, Azores;1;Title top light;1;São Miguel, Azores;the bucket list nobody talks about;2026.06.20;20:00;https://milesandflavors.com/things-to-do-in-sao-miguel/;Best Things to Do Around the World;Best Things to Do in São Miguel, Azores (Honestly Ranked);Twin crater lakes, geothermal hot springs, black sand beaches, whale watching — Sao Miguel fits more extraordinary experiences into one small volcanic island than most countries fit in a continent. Here's what to actually do there.;The vivid blue-green waters of Sete Cidades twin crater lakes surrounded by rolling green hills in São Miguel, Azores.;
5-Day New York City Itinerary;3;Title bottom;1;The biggest NYC mistakes to avoid;what to know before you go;2026.06.20;21:00;https://milesandflavors.com/5-day-new-york-city-itinerary/;City Breaks & Weekend Getaways;5 Days in NYC: Mistakes to Avoid;Trying to fit Times Square, Wall Street, Central Park, and Brooklyn into the same morning — that's how first-time New York trips fall apart. Five days mapped right, with neighborhoods grouped and sights timed.;The Brooklyn Bridge stretching toward the Manhattan skyline at sunset.;
Best Things to Do in Osaka;3;Title bottom;1;Osaka in a day or two;the can't-miss spots;2026.06.20;22:00;https://milesandflavors.com/best-things-to-do-in-osaka/;Japan Travel Guide;Best Things to Do in Osaka: The Highlights;Osaka Castle, Dotonbori's glowing canal, Shinsekai's old-school streets, a Nara deer-park day trip. The can't-miss Osaka experiences for first-timers, with what to skip and what earns the time.;A lively Osaka street filled with food stalls and bright lights at night.;
Where to Stay in Marsa Alam;3;Title bottom;1;All-inclusive in Marsa Alam?;where to book;2026.06.20;23:00;https://milesandflavors.com/where-to-stay-in-marsa-alam/;Best Things to Do Around the World;Where to Stay in Marsa Alam: Best All-Inclusive Resorts;The best all-inclusive resorts in Marsa Alam, compared by reef quality, beach, snorkeling access, and value. Which resort to book and what to ask before you confirm.;A hotel balcony looking out over the rooftops of Marsa Alam.;
Where to Stay in Barcelona;3;Title bottom;1;Gothic Quarter or Eixample?;where to stay in Barcelona, sorted;2026.06.20;2:00;https://milesandflavors.com/where-to-stay-in-barcelona/;City Breaks & Weekend Getaways;Where to Stay in Barcelona: Gothic Quarter vs Eixample;Atmospheric Gothic Quarter cobblestones or convenient Eixample avenues? The two most popular Barcelona bases compared — what staying in each is actually like, day to day.;A hotel balcony looking out over the rooftops of Barcelona.;
3 Days in Rome Itinerary (VERIFY SLUG);4;Accent;1;Rome in 3 days, no chaos;exactly what to do each day;2026.06.21;0:00;https://milesandflavors.com/3-days-in-rome-itinerary/;Italy Travel Guide;3-Day Rome Itinerary: A Day-by-Day Plan;Three days in Rome, mapped hour by hour: where to go at opening time, when crowds peak, where to eat between sights, and what to book weeks ahead. The only Rome itinerary you need.;Ivy-draped lanes and warm stone buildings in Rome's Trastevere district.;
Where to Stay in Chicago;3;Title bottom;1;Don't book Chicago;before reading this neighborhood guide;2026.06.21;1:00;https://milesandflavors.com/where-to-stay-in-chicago-7-best-areas-hotels/;City Breaks & Weekend Getaways;Where to Stay in Chicago: The Neighborhood Guide;Before you book Chicago, read this: the Loop is convenient but corporate at night, River North is lively and central, and the Gold Coast has lakefront access. The Chicago neighborhood breakdown.;A hotel balcony looking out over the rooftops of Chicago.;
Best Time to Visit the Azores;1;Title top light;1;Best Time to Visit the Azores;the honest answer (it's not what you expect);2026.06.21;20:00;https://milesandflavors.com/best-time-to-visit-the-azores/;Europe Travel Itineraries;Best Time to Visit the Azores: Month-by-Month Honest Guide;The Azores are open year-round — but when you go makes a huge difference. Spring means whale watching peak season, hydrangeas in bloom, and crowds that don't yet exist. Here's the best time to visit the Azores for what you want.;Lush green hillsides of São Miguel, Azores, covered in hydrangeas under partly cloudy Atlantic skies.;
12-Day Greece Itinerary;4;Accent;1;The biggest Greece mistakes to avoid;and what to do instead;2026.06.21;21:00;https://milesandflavors.com/12-day-greece-itinerary/;Europe Travel Itineraries;12-Day Greece Itinerary: Mistakes to Avoid;Bad ferry timing. Spending too many nights in Santorini. Missing the quieter islands. These are the mistakes that wreck a first Greece trip — and a 12-day itinerary that fixes all of them.;A traditional Greek taverna with sea views and pink bougainvillea.;
Amalfi Coast 5-Day Itinerary;4;Accent;1;Ravello: the Amalfi town people skip;and regret missing;2026.06.21;22:00;https://milesandflavors.com/5-days-on-the-amalfi-coast-itinerary/;Europe Travel Itineraries;5-Day Amalfi Coast Itinerary: Why Ravello Deserves a Day;Ravello sits 350 meters above the sea. The gardens look out over the whole coastline. Fewer tourists, better views, and the best terrace dinner on the Amalfi Coast — why Ravello earns its own day.;Colorful Italian buildings and a tiled church dome on the Amalfi Coast.;
4 Days in Barcelona;4;Accent;1;Barcelona without the crowds;where locals actually go;2026.06.21;23:00;https://milesandflavors.com/4-days-in-barcelona-the-perfect-itinerary/;Europe Travel Itineraries;4 Days in Barcelona: Beyond the Crowds;Las Ramblas is for first timers who don't know yet. The Gracia squares, El Born's wine bars, the Bunkers del Carmel at sunset — a 4-day Barcelona itinerary for people who want the city the locals have.;The Barcelona skyline glowing at sunset, seen from a hilltop viewpoint.;
Free Stopover Flights in 2026;1;Title top;1;How to get a free stopover flight;two trips for one;2026.06.21;2:00;https://milesandflavors.com/free-stopover-flights-in-2026/;Best Travel Tips & Hacks;Free Stopover Flights: Two Destinations for One;Icelandair lets you stop in Reykjavik for up to 7 days at no extra cost on the way to or from Europe. So does Emirates in Dubai. The airlines with free stopovers — and how to turn one flight into two trips.;An airplane taking off into a clear sky, representing finding cheap flights.;
Japan 10-Day Itinerary;4;Accent;1;Japan in 10 days, no rush;the itinerary that works;2026.06.22;0:00;https://milesandflavors.com/japan-10-day-itinerary/;Asia Travel Itineraries;Japan 10-Day Itinerary: The Route That Works;Neon nights in Tokyo, ancient temples in Kyoto, the best food on earth in Osaka — a 10-day Japan itinerary balanced so you get enough of each city without rushing any of them.;Rows of vermilion torii gates on a forested hillside in Japan.;
Best Travel Money Card;4;Accent;1;The travel card every traveler needs;fee-free spending abroad;2026.06.22;1:00;https://milesandflavors.com/best-travel-money-card/;Best Travel Tips & Hacks;The Best Travel Money Card for Fee-Free Spending;Spend in any currency and withdraw from any ATM without fees — that's what the right travel money card does. The best options compared for 2026, with honest picks for every kind of traveler.;Travel cards and a smartphone laid out on a map, ready for a trip.;
Azores Whale Watching;1;Title top light;1;Azores Whale Watching;what no one tells you before you go;2026.06.22;20:00;https://milesandflavors.com/azores-whale-watching/;Best Things to Do Around the World;Azores Whale Watching: The Complete Guide (What to Expect + Best Tours);Sao Miguel is one of the best places in the world to see sperm whales in the wild — not from a distance, but close enough to feel the spray. Here's what to expect, how to book, and why this is the wildlife experience that makes people cry.;A sperm whale surfacing and diving in the deep blue waters off São Miguel island, Azores, with a small whale watching boat visible in the distance.;
2 Days in Athens;4;Accent;1;The Acropolis at opening;start your 2 days in Athens here;2026.06.22;21:00;https://milesandflavors.com/2-days-in-athens/;Europe Travel Itineraries;2 Days in Athens: Beat the Crowds at the Acropolis;Go at 8am and the Acropolis is quiet enough to hear the wind. Go at 11am and it's a queue. A 2-day Athens itinerary timed around the sweet spots — the ancient sites, the neighborhoods, the rooftop dinners.;Whitewashed rooftops of Athens stretching toward the Acropolis hill.;
3 Days in Amsterdam;4;Accent;1;Amsterdam's canals, museums & charm;in 3 perfect days;2026.06.22;22:00;https://milesandflavors.com/3-days-in-amsterdam/;Netherlands Travel Guide;3 Days in Amsterdam: Canals, Museums & Charm;Golden-hour bridges, the Van Gogh in the morning quiet, a canal boat at dusk, dinner in the Jordaan. The Amsterdam moments worth planning 3 days around — a first-timer itinerary that earns every hour.;Colorful tulips blooming in front of a row of Amsterdam canal houses.;
Chicago Bucket List;4;Accent;1;The best Chicago views;skyline, river & lake;2026.06.22;23:00;https://milesandflavors.com/chicago-bucket-list-25-best-things-to-do/;Best Things to Do Around the World;Chicago Bucket List: The Best Skyline Views;The Skydeck ledge, 412 meters above the street. 360 Chicago. The architecture cruise. The river at golden hour. The Chicago viewpoints that make you recalibrate your sense of scale.;The Chicago lakefront and skyline on a clear blue day.;
Free Things to Do in Marsa Alam;1;Title top;1;The best free things to do in Marsa Alam;beaches & reefs;2026.06.22;2:00;https://milesandflavors.com/free-things-to-do-in-marsa-alam/;Budget Travel & Cheap Destinations;Free Things to Do in Marsa Alam;The house reef is right off the beach. No boat, no tour, no ticket — just your mask and 10 meters of coral. The best free things to do in Marsa Alam, starting with the snorkeling most resorts charge you extra for.;Crystal-clear turquoise water over a coral reef on Egypt's Red Sea coast at Marsa Alam.;
Barcelona Bucket List;4;Title bottom dark;1;Barcelona's hidden gems;past the tourist crowds;2026.06.23;0:00;https://milesandflavors.com/barcelona-bucket-list/;Best Things to Do Around the World;Barcelona Hidden Gems: Beyond the Tourist Trail;Las Ramblas will disappoint you. The Bunkers del Carmel won't. The hidden side of the Barcelona bucket list: Gràcia's village squares, El Born's cocktail bars, Montjuïc at dusk, and the lesser-known spots that make you want to move here. Barcelona travel guide beyond the tourist trail.;The Barcelona skyline glowing at sunset, seen from a hilltop viewpoint.;
Where to Stay in NYC (NEW);1;Title top;1;Where to stay in NYC;the best neighborhoods compared;2026.06.23;1:00;https://milesandflavors.com/where-to-stay-in-nyc/;Where to Stay: Best Hotels & Areas;Where to Stay in NYC for First-Time Visitors;Midtown is convenient and soulless after dark. The West Village is beautiful and expensive. Brooklyn is great value if you're fine with one subway stop to Manhattan. The best New York neighborhoods compared — Midtown, Chelsea, the Village, Upper West Side, and Brooklyn — so you book the right NYC hotel location.;A stylish, sunlit hotel room with a comfortable bed and a view, ready for a stay in New York City.;
Montserrat Day Trip from Barcelona;1;Title bottom light;1;Montserrat Day Trip;from Barcelona, worth every minute;2026.06.23;20:00;https://milesandflavors.com/montserrat-day-trip-from-barcelona/;Spain Travel Guide;Montserrat Day Trip from Barcelona: The Complete Honest Guide;Montserrat is one of those places that genuinely earns its hype — reddish serrated rock formations rising 1,200 meters above Barcelona, a Benedictine monastery that's been here since the 9th century, and hiking trails that put all of Catalonia below your feet. Everything to know before your Barcelona day trip.;The jagged serrated rock formations of Montserrat mountain towering above the monastery, viewed from the Sant Joan hiking trail above Barcelona.;
Amsterdam Bucket List;4;Title bottom dark;1;First time in Amsterdam?;start with these must-dos;2026.06.23;21:00;https://milesandflavors.com/amsterdam-bucket-list/;Best Things to Do Around the World;Best Things to Do in Amsterdam for First-Timers;A canal cruise at golden hour. The Van Gogh Museum with a timed ticket before the tour groups. A bike ride through Vondelpark and the Jordaan's quiet backstreets. The Amsterdam must-dos that actually live up to the hype — a first-timer's Netherlands travel guide with the honest picks.;Colorful tulips blooming in front of a row of Amsterdam canal houses.;
Best Things to Do in Tokyo;4;Title bottom;1;Eat your way through Tokyo;the food worth the flight;2026.06.23;22:00;https://milesandflavors.com/best-things-to-do-in-tokyo/;Japan Travel Guide;Best Things to Do in Tokyo: The Food Worth the Flight;Ramen that costs 7 euros and takes an hour to make. Sushi at 7am in Tsukiji outer market. Convenience store snacks that beat any packaged food you've tasted. Eating your way through Tokyo — the best food experiences in Japan's capital, from Shibuya izakayas to Shinjuku ramen alleys.;Cherry blossoms framing a canal in springtime Tokyo, Japan.;
Amalfi Coast Bucket List;4;Accent;1;The Amalfi beach worth the climb down;hidden coves & swims;2026.06.23;23:00;https://milesandflavors.com/amalfi-coast-bucketlist-25-best-thing-to-do/;Best Things to Do Around the World;Amalfi Coast Bucket List: The Best Beaches & Coves;Fornillo Beach instead of Positano's main strip. Furore's hidden fjord. The coves only accessible by kayak. The Amalfi Coast swims that require a little effort — and reward you with the kind of afternoon you talk about for years. Southern Italy travel guide for the beaches worth finding.;Colorful Italian buildings and a tiled church dome on the Amalfi Coast.;12
Where to Stay in Rome (NEW);1;Title top;1;Where to stay in Rome;by neighborhood, honestly;2026.06.23;2:00;https://milesandflavors.com/where-to-stay-in-rome/;Where to Stay: Best Hotels & Areas;Where to Stay in Rome for First-Time Visitors;Monti has the best trattorias and the most local character. Centro Storico gives you the icons on foot. Trastevere has the evening atmosphere. The best Rome neighborhoods for first-time visitors compared — Monti, Trastevere, Centro Storico, Prati — so you book the right Rome hotel location.;A stylish, sunlit hotel room with a comfortable bed and a view, ready for a stay in Rome.;
Hakone Day Trip from Tokyo;1;Centered;1;The perfect Hakone day trip;Mt Fuji, onsen & Lake Ashi;2026.06.24;0:00;https://milesandflavors.com/hakone-day-trip-from-tokyo/;Day Trips & Excursions;Hakone Day Trip from Tokyo: The Perfect Plan;Mt Fuji on a clear morning from the Hakone ropeway, Lake Ashi glittering below. An onsen soak in the afternoon. Back in Tokyo for dinner. The complete Hakone day trip guide from Tokyo — what to see, how to use the Hakone Free Pass, and how to make the day flow without wasting an hour.;The neon-lit streets and crowds of the Shibuya crossing in Tokyo, Japan.;
Where to Stay on the Amalfi Coast;3;Title top;1;The Amalfi base that costs you less;without missing the views;2026.06.24;1:00;https://milesandflavors.com/where-to-stay-on-the-amalfi-coast/;Best Things to Do Around the World;Where to Stay on the Amalfi Coast on a Budget;Towns that keep you ferry-connected without Positano prices: Praiano for clifftop quiet, Atrani for a local village feel, Cetara for the best food on the coast. The smart Amalfi Coast bases that give you everything without the famous-town premium — Southern Italy travel guide.;A hotel balcony looking out over the rooftops of the Amalfi Coast.;
Chicago Architecture River Cruise;1;Title top light;1;Chicago Architecture Cruise;the one thing every Chicago visitor does;2026.06.24;20:00;https://milesandflavors.com/chicago-architecture-river-cruise/;Chicago Travel Guide;Chicago Architecture River Cruise: Everything You Need to Know;The Chicago Architecture Foundation river cruise is one of those rare tourist activities that's genuinely worth more than it costs. You're floating through a canyon of skyscrapers while an expert explains exactly what you're looking at. Everything to know before you book — which tour to choose, when to go, and why it tops every Chicago itinerary.;The Chicago skyline reflected in the calm Chicago River at golden hour with skyscrapers towering on both sides during an architecture boat tour.;
Best Day Trips from Amsterdam;4;Centered;1;Giethoorn & Zaanse Schans;the best Amsterdam day trips;2026.06.24;21:00;https://milesandflavors.com/best-day-trips-from-amsterdam/;Day Trips & Excursions;Best Day Trips from Amsterdam: Giethoorn & Zaanse Schans;A car-free village where everyone travels by boat. Giethoorn is 90 minutes from Amsterdam and looks like it belongs in a fairy tale. The most beautiful Amsterdam day trip for first-timers — and the other Netherlands day trips worth the journey: Keukenhof tulip fields, Zaanse Schans windmills, Haarlem.;Colorful tulips blooming in front of a row of Amsterdam canal houses.;
Best Beaches in Zakynthos;4;Accent;1;Zakynthos beaches you can drive to;no boat needed;2026.06.24;22:00;https://milesandflavors.com/best-beaches-in-zakynthos/;Best Beach Destinations;Best Beaches in Zakynthos You Can Drive To;Some of Zakynthos's best beaches are reachable by car, no boat required. Gerakas sea turtle beach, Porto Limnionas' rocky cove, and the west coast swims you can drive to in a morning. The complete guide to Zakynthos beaches for first-timers — what to expect, when to go, and which are worth the detour.;A hidden cove with crystal-clear water on the coast of Zakynthos, Greece.;
Best Things to Do in Rome (NEW);4;Accent;1;The most Instagrammable spots in Rome;and when to shoot them;2026.06.24;23:00;https://milesandflavors.com/best-things-to-do-in-rome/;Best Things to Do Around the World;Most Instagrammable Spots in Rome (+ Best Times);The Colosseum at opening time, before the tour groups arrive. The Trevi Fountain after 10pm, quiet and glowing with no one between you and 18th-century stone. The Aventine keyhole with St Peter's dome perfectly framed. The Rome experiences worth timing right — Italy travel tips for a first-time visit.;Ivy-draped lanes and warm stone buildings in Rome's Trastevere district.;
Traveling With a Toddler;1;Title top;1;Traveling with a toddler;tips that actually work;2026.06.24;2:00;https://milesandflavors.com/travelling-with-a-toddler/;Best Travel Tips & Hacks;Traveling With a Toddler: Tips That Actually Work;The flight with a toddler is the part everyone dreads most. Here's what actually works: the packing list that fits in a carry-on, the timing tricks for overnight vs daytime flights, the jet-lag plan, and the one thing to do in the first hour that keeps everyone sane. Family travel tips for flying with young children.;A family exploring a new destination together with a young child.;
Zakynthos Road Trip Itinerary;1;Title bottom;1;The perfect Zakynthos road trip;beaches, caves & viewpoints;2026.06.25;0:00;https://milesandflavors.com/zakynthos-road-trip-itinerary/;Europe Travel Itineraries;Zakynthos Road Trip Itinerary: The Perfect Route;The Navagio viewpoint above chalk-white cliffs, the Blue Caves lit turquoise from below, hidden west-coast coves, cliff-top tavernas with no printed menu. A Zakynthos road trip itinerary that covers the whole Greek island — day by day, with the best driving route, where to stop, and what to book in advance.;The famous Navagio Shipwreck Beach with its rusting wreck and turquoise water in Zakynthos.;
Where to Stay in Barcelona;4;Centered;1;The Barcelona neighborhood;you'll wish you'd booked;2026.06.25;1:00;https://milesandflavors.com/where-to-stay-in-barcelona/;Where to Stay: Best Hotels & Areas;Best Areas to Stay in Barcelona;Village squares in Gràcia. Art Nouveau architecture lining the Eixample boulevards. Medieval lanes threading through El Born. The Barcelona neighborhoods compared — Eixample, Gràcia, El Born, Gothic Quarter, Barceloneta — so you choose the one that actually suits the trip you're planning.;A stylish, sunlit hotel room with a comfortable bed and a view, ready for a stay in Barcelona.;
Things to Do in São Miguel, Azores;2;Title bottom dark;1;Sete Cidades;"the view that redefines ""worth it""";2026.06.25;20:00;https://milesandflavors.com/things-to-do-in-sao-miguel/;Europe Travel Itineraries;Sete Cidades Azores: How to See the Twin Lakes (Without the Crowds);Sete Cidades is one of those places that genuinely lives up to the hype — twin crater lakes, one emerald green and one deep blue, surrounded by the walls of an ancient volcano. Sao Miguel, Azores' most beautiful landscape, and everything around it worth adding to your Portugal travel itinerary.;Panoramic view of the Sete Cidades caldera in São Miguel showing two contrasting colored lakes from the Vista do Rei viewpoint.;4
5-Day New York City Itinerary;4;Accent;1;NYC by neighborhood in 5 days;the smart way to see it;2026.06.25;21:00;https://milesandflavors.com/5-day-new-york-city-itinerary/;USA Travel Itineraries;5-Day NYC Itinerary: Neighborhood by Neighborhood;One neighborhood at a time: Midtown for the NYC icons, Lower Manhattan for the Brooklyn Bridge and history, Brooklyn Heights for the skyline views, the West Village for the food. A 5-day New York itinerary that uses the city the way locals do — without zigzagging across Manhattan.;Autumn colors in Central Park with skyscrapers rising behind the trees.;
Best Things to Do in Osaka;4;Accent;1;Osaka after dark;neon, food & nightlife;2026.06.25;22:00;https://milesandflavors.com/best-things-to-do-in-osaka/;Best Things to Do Around the World;Best Things to Do in Osaka at Night;Dotonbori at midnight, neon reflecting on the canal, every takoyaki stall glowing and the city impossibly alive. The best evening things to do in Osaka — Japan's food capital that genuinely never sleeps. From Dotonbori street food to Namba nightlife to Shinsekai's retro charm.;Steam rising from sizzling street food in a busy Osaka market.;10
Where to Stay in Amsterdam;4;Accent dark;1;Amsterdam on a budget?;where to stay without overpaying;2026.06.25;23:00;https://milesandflavors.com/where-to-stay-in-amsterdam/;Where to Stay: Best Hotels & Areas;Where to Stay in Amsterdam on a Budget;Smart Amsterdam neighborhoods close to the Rijksmuseum, Van Gogh Museum, and canal ring views — without Canal Ring hotel pricing. Where to stay in Amsterdam for first-timers when budget is part of the decision: De Pijp, Oud-West, and the neighborhoods locals actually live in.;A stylish, sunlit hotel room with a comfortable bed and a view, ready for a stay in Amsterdam.;
Chicago Travel Costs;1;Title bottom;1;Is Chicago expensive?;the honest answer, in real numbers;2026.06.25;2:00;https://milesandflavors.com/chicago-travel-costs-the-honest-budget-guide/;Chicago Travel Guide;Chicago Travel Costs: An Honest Budget Guide;Chicago for two for four days — a Loop hotel, deep dish pizza at Lou Malnati's, the architecture river cruise, the Skydeck at sunset, a lakefront dinner. Here's exactly where every dollar went and what was genuinely worth it. A realistic Chicago travel budget for 2026.;The mirrored surface of Cloud Gate, the Bean, reflecting the Chicago skyline.;
3 Days in Rome Itinerary (VERIFY SLUG);5;Title bottom;1;The Colosseum at opening hits different;start your 3 days in Rome here;2026.06.26;0:00;https://milesandflavors.com/3-days-in-rome-itinerary/;Europe Travel Itineraries;3 Days in Rome: Beat the Crowds at the Big Sights;The Colosseum is empty at 9am. The Vatican is manageable if you book the right tour and skip the standard one. A 3-day Rome itinerary timed around the quiet windows — so you see the Colosseum, the Pantheon, and Trastevere without the crush. Italy travel tips for first-timers.;The ruins of the Roman Forum beneath a soft golden sky.;2
Best Canal Cruises in Amsterdam;2;Title top dark;1;Day or evening canal cruise?;the best of Amsterdam by boat;2026.06.26;1:00;https://milesandflavors.com/best-canal-cruises-in-amsterdam/;Netherlands Travel Guide;Best Canal Cruises in Amsterdam: Day vs Evening;Golden-hour bridges or canals lit at midnight? The case for booking an Amsterdam canal cruise in the evening — the light is softer, the crowds thinner, and the whole canal ring looks completely different after dark. Netherlands travel tips for the most romantic Amsterdam experience.;A view from a canal cruise of bridges and reflections in Amsterdam at dusk.;
Best Time to Visit the Azores;2;Title bottom dark;1;Azores: Spring vs Summer;which season should you book?;2026.06.26;20:00;https://milesandflavors.com/best-time-to-visit-the-azores/;Best Travel Tips & Hacks;Azores in Spring vs Summer: Which Season Is Actually Better?;April to June: Azores whale watching peaks, the island of São Miguel turns blue-purple with hydrangeas, and the Sete Cidades hiking trails are nearly empty. The case for visiting the Azores in spring — and when the other seasons are genuinely worth considering for this Portugal Atlantic destination.;Fields of blue hydrangeas lining the roadsides of São Miguel island in the Azores during spring bloom.;
12-Day Greece Itinerary;5;Title top;1;The Greek islands worth your time;mapped into 12 days;2026.06.26;21:00;https://milesandflavors.com/12-day-greece-itinerary/;Greece Travel Guide;12 Days in Greece: The Best Islands to Visit;Santorini for the caldera views. Naxos for the beaches locals actually swim at. Milos for the sea caves. Athens for the Acropolis at dawn when you're nearly alone inside it. A 12-day Greece island-hopping itinerary with the ferry schedule, best villages to base yourself in, and exactly how many nights each island deserves.;A ferry crossing the sparkling blue water between Greek islands.;
Amalfi Coast 5-Day Itinerary;5;Title top;1;The Path of the Gods is worth the climb;and it fits into 5 days;2026.06.26;22:00;https://milesandflavors.com/5-days-on-the-amalfi-coast-itinerary/;Europe Travel Itineraries;5 Days on the Amalfi Coast: The Path of the Gods;The Path of the Gods puts the whole Amalfi Coast below you — sea glittering 500 meters down, Positano visible in the distance, no crowds until mid-morning. Where this iconic coastal hike fits into a 5-day Amalfi Coast itinerary, with the ferry routes, best base towns, and what to book ahead.;A winding coastal road and dramatic cliffs along the Amalfi Coast.;8
4 Days in Barcelona;5;Title top;1;Tapas, Gaudi, beach & sunsets;Barcelona in 4 unforgettable days;2026.06.26;23:00;https://milesandflavors.com/4-days-in-barcelona-the-perfect-itinerary/;Europe Travel Itineraries;4 Days in Barcelona: The Perfect Mix;Four days in Barcelona that cover everything worth doing: Sagrada Familia at morning light when the stained glass is extraordinary, tapas afternoons in El Born, beach time, and the Bunkers del Carmel at sunset with the whole city below. The perfect first-timer Barcelona itinerary.;Palm trees and golden sand along the beachfront in Barcelona.;3
Where to Stay in Chicago;4;Centered dark;1;Chicago on a budget?;where to stay without overpaying;2026.06.26;2:00;https://milesandflavors.com/where-to-stay-in-chicago-7-best-areas-hotels/;Where to Stay: Best Hotels & Areas;Where to Stay in Chicago on a Budget;Smart Chicago neighborhoods close to the architecture river cruise, Millennium Park, and the El train — without the Loop hotel premium. Where to stay in Chicago for first-timers: River North, the Gold Coast, Lincoln Park, and the neighborhoods that give you the city without the extra cost.;A stylish, sunlit hotel room with a comfortable bed and a view, ready for a stay in Chicago.;
Free Things to Do in Marsa Alam;2;Centered;1;Marsa Alam for free;reefs, beaches & stars;2026.06.27;0:00;https://milesandflavors.com/free-things-to-do-in-marsa-alam/;Budget Travel & Cheap Destinations;Free Things to Do in Marsa Alam, Egypt;Coral straight off the beach with no boat required. Red Sea sunsets from the shore with dolphins visible at dusk. Desert evenings with zero light pollution and a Milky Way overhead. How to enjoy Marsa Alam's best Egypt travel experiences without adding a single euro to the resort bill.;A sandy beach meeting the vivid blue Red Sea in Marsa Alam, Egypt.;
Barcelona Travel Costs;1;Centered;1;Is Barcelona expensive?;the honest answer, in real numbers;2026.06.27;1:00;https://milesandflavors.com/barcelona-travel-costs/;Spain Travel Guide;Barcelona Travel Costs: An Honest Budget Guide;Barcelona for two for a week — Sagrada Família tickets booked in advance, Park Güell, a hotel in the Eixample, tapas dinners in El Born, a beach afternoon in Barceloneta, a day trip to Montserrat. Here's exactly where every euro went and what was genuinely worth it. Spain travel budget 2026.;The colorful mosaic curves of Park Guell overlooking Barcelona and the sea.;
Azores Whale Watching;2;Title top;1;Sperm Whales in the Azores;the bucket list experience worth every euro;2026.06.27;20:00;https://milesandflavors.com/azores-whale-watching/;Bucket list destinations;Whale Watching in the Azores: Is It Worth It? (Honest Review);Whale watching in the Azores is not like whale watching anywhere else. The islands sit on a permanent cetacean feeding ground — shore spotters with binoculars locate the whales before your boat even leaves the harbor. Sperm whales, blue whales, common dolphins, all wild and all close. A Portugal travel guide for the best whale watching in Europe.;A humpback whale breaching the surface of the Atlantic Ocean near the Azores islands, with blue sky and ocean spray.;
2 Days in Athens;5;Title top;1;What most visitors get wrong in Athens;and how to do it right;2026.06.27;21:00;https://milesandflavors.com/2-days-in-athens/;Europe Travel Itineraries;2 Days in Athens: What Most Visitors Get Wrong;Treating Athens as a one-day stopover before the Greek islands is the biggest Greece itinerary mistake. Here's what you miss: the ancient Agora at golden hour with no one around, the Plaka's taverna dinners that stretch past midnight, and the rooftop bars with Parthenon views that justify staying the extra night.;Ancient ruins and olive trees in the heart of Athens, Greece.;
Chicago Bucket List;5;Title top;1;First time in Chicago?;start with these must-dos;2026.06.27;22:00;https://milesandflavors.com/chicago-bucket-list-25-best-things-to-do/;Best Things to Do Around the World;Best Things to Do in Chicago for First-Timers;Cloud Gate reflecting an infinite Chicago skyline. The architecture river cruise through the downtown canyon. Deep dish pizza at Lou Malnati's. The lakefront trail stretching 18 miles. Millennium Park on a summer evening. The Chicago bucket list for first-time visitors — honest about every experience.;Millennium Park and the city skyline glowing at dusk in Chicago.;
Free Stopover Flights in 2026;2;Title top;1;See two countries for the price of one;free stopover flights;2026.06.27;23:00;https://milesandflavors.com/free-stopover-flights-in-2026/;Budget Travel & Cheap Destinations;Free Stopover Flights in 2026: How to Book;Iceland, Dubai, Singapore, Doha, Tokyo — the airlines that let you stop for days between flights, at no extra cost. The best free stopover programs in 2026, with how to search and book them, what each city lets you do in 48-72 hours, and the routes where they make the most sense.;A departures board and airplane wing on the way to a new destination.;
Amsterdam Travel Costs;1;Title top;1;Is Amsterdam expensive?;the honest answer, in real numbers;2026.06.27;2:00;https://milesandflavors.com/amsterdam-travel-costs/;Netherlands Travel Guide;Amsterdam Travel Costs: An Honest Budget Guide;Amsterdam costs more than Prague and less than London — here's exactly what you'll spend. A canal-side Jordaan hotel, Van Gogh Museum tickets, a canal cruise at sunset, daily food and coffee, and transit, all broken down with real 2026 prices. The Netherlands travel budget guide that makes planning simple.;A picturesque Amsterdam canal lined with narrow gabled houses and bicycles.;
Where to Stay in Rome (NEW);2;Title top;1;The Rome neighborhood with the most charm;and where to book it;2026.06.28;0:00;https://milesandflavors.com/where-to-stay-in-rome/;Italy Travel Guide;Where to Stay in Rome: Trastevere & the Best Areas;Cobbled lanes, dinner spots that fill up by 8pm, and the Colosseum a 10-minute walk away — why Monti and Trastevere are the best Rome neighborhoods for a first trip. Italy travel guide for first-timers choosing between Rome's most charming areas.;A cozy boutique hotel interior in Rome.;
9 Cheapest Countries to Visit;1;Title top;1;The cheapest countries to visit;in 2026;2026.06.28;8:50;https://milesandflavors.com/9-cheapest-countries/;Budget Travel & Cheap Destinations;9 Cheapest Countries to Visit in 2026;Dinner for two with drinks for under 10 euros. A guesthouse with a mountain view for 25. That's not history — that's right now in Europe and Southeast Asia's most underrated destinations. The cheapest countries to visit in 2026 where your money actually feels like money again.;A scenic, affordable travel destination with clear skies and open views.;
Montserrat Day Trip from Barcelona;2;Title bottom;1;Cable Car or Rack Railway?;the Montserrat question everyone Googles;2026.06.28;20:00;https://milesandflavors.com/montserrat-day-trip-from-barcelona/;Day Trips & Excursions;Montserrat Cable Car vs Rack Railway: Which One Should You Take?;Cable car or rack railway to Montserrat? Here's the honest answer — and everything else to know before you go, from what to skip to when to arrive for the best views. The complete Montserrat day trip guide from Barcelona, with timings and ticket advice.;The Montserrat cable car ascending the dramatic rocky cliffs with the monastery visible far below against the Barcelona plain stretching to the horizon.;
Amalfi Coast Bucket List;5;Title top;1;Amalfi Coast: worth it or overrated?;an honest take;2026.06.28;21:00;https://milesandflavors.com/amalfi-coast-bucketlist-25-best-thing-to-do/;Italy Travel Guide;Amalfi Coast Bucket List: Worth It or Overrated?;An honest take on the Amalfi hype: which experiences earn the trip (a boat day to hidden coves, Ravello at sunset, the Path of the Gods hike) and which to skip. The Amalfi Coast bucket list that the coast actually delivers on — Italy travel tips for first-timers.;A winding coastal road and dramatic cliffs along the Amalfi Coast.;
Barcelona Bucket List;5;Title bottom dark;1;What not to miss in Barcelona;the experiences worth your time;2026.06.28;22:00;https://milesandflavors.com/barcelona-bucket-list/;Spain Travel Guide;Barcelona Bucket List: What Not to Miss (Honest Guide);Some Barcelona bucket-list items are worth every minute of the queue. Some aren't. An honest ranking of everything famous to do in Barcelona — from Sagrada Família and Park Güell to Barceloneta beach and the Gothic Quarter — so you spend your days on the ones that actually earn it.;Palm trees and golden sand along the beachfront in Barcelona.;
Where to Stay in NYC (NEW);2;Centered;1;Don't book NYC;before reading this neighborhood guide;2026.06.28;23:00;https://milesandflavors.com/where-to-stay-in-nyc/;New York Travel Guide;Where to Stay in NYC: The Neighborhood Guide;Before you book New York, read this: Midtown for access, the West Village or SoHo for atmosphere, Brooklyn for value and local feel. The Manhattan vs Brooklyn decision explained clearly — a neighborhood guide for first-time New York visitors.;A cozy boutique hotel interior in New York City.;
Where to Stay in Tokyo;1;Title bottom;1;Where to stay in Tokyo;the best areas compared;2026.06.28;2:00;https://milesandflavors.com/where-to-stay-in-tokyo/;Japan Travel Guide;Where to Stay in Tokyo for First-Time Visitors;Shinjuku is central and always buzzing. Shibuya is for nightlife and the famous crossing. Asakusa is for temples, senso-ji at dawn, and a quieter side of Tokyo. Ginza is expensive and convenient. The best Tokyo neighborhoods compared — the full breakdown for first-time Japan visitors choosing their hotel location.;A stylish, sunlit hotel room with a comfortable bed and a view, ready for a stay in Tokyo.;
Where to Stay on the Amalfi Coast;4;Accent;1;The Amalfi hotel with the view;rooms over the sea;2026.06.29;0:00;https://milesandflavors.com/where-to-stay-on-the-amalfi-coast/;Where to Stay: Best Hotels & Areas;Where to Stay on the Amalfi Coast: Rooms with a Sea View;Waking to the coast from your terrace, the Tyrrhenian Sea below, no sound except the waves and the distant ferry horn. The Amalfi Coast hotels and guesthouses where the view is the whole experience — Positano, Praiano, Ravello — and how to find the best where-to-stay options before they book out.;A stylish, sunlit hotel room with a comfortable bed and a view, ready for a stay in the Amalfi Coast.;
Traveling With a Toddler;2;Centered;1;Flying with a toddler?;here's how to survive it;2026.06.29;1:00;https://milesandflavors.com/travelling-with-a-toddler/;Budget Travel & Cheap Destinations;Flying With a Toddler: How to Survive the Trip;The packing list for flying with a toddler. The in-flight tricks that actually work. The jet-lag plan for resetting small children across time zones. And the things no one tells you until you're already on the plane. Honest toddler travel tips from a parent who's done the long-haul with a two-year-old.;A parent and toddler walking hand in hand while traveling.;4
Chicago Architecture River Cruise;2;Title bottom dark;1;Chicago River Cruise;worth it or tourist trap?;2026.06.29;20:00;https://milesandflavors.com/chicago-architecture-river-cruise/;USA Travel Itineraries;Chicago Architecture Boat Tour: Is It Actually Worth It? (Honest Review);The Chicago Architecture River Cruise gets recommended in every travel guide ever written about the city — and for once, the recommendation is right. What the experience is actually like, which cruise to book among the options, and what separates a great docent-led tour from a mediocre recorded-audio one.;A Chicago architecture river cruise boat passing beneath a historic drawbridge with glass skyscrapers rising above on both sides of the river.;
Best Beaches in Zakynthos;5;Title bottom;1;The Zakynthos beach worth the boat trip;Navagio & the Blue Caves;2026.06.29;21:00;https://milesandflavors.com/best-beaches-in-zakynthos/;Greece Travel Guide;Best Beaches in Zakynthos: Navagio by Boat;Navagio Shipwreck Beach is only accessible by boat — the sheer limestone cliffs, the rusting wreck, the water so blue it looks filtered. The Blue Caves glow turquoise from beneath the boat. And they are worth every minute of the trip. What to expect, which boat tour to take, and when to arrive for the best light.;Sunbathers on golden sand beside the bright blue Ionian Sea in Zakynthos.;
Best Things to Do in Rome (NEW);5;Title bottom dark;1;First time in Rome?;start with these must-dos;2026.06.29;22:00;https://milesandflavors.com/best-things-to-do-in-rome/;Italy Travel Guide;Best Things to Do in Rome for First-Time Visitors;The Colosseum, the Vatican, the Pantheon, Trastevere — the Rome must-dos that make a first trip work, timed correctly and booked smart. What to see, what to book in advance, and what to save for a last-minute dinner decision. The complete first-timer Rome travel guide.;The ruins of the Roman Forum beneath a soft golden sky.;
Hakone Day Trip from Tokyo;2;Centered;1;See Mt Fuji from Tokyo in a day;here's how;2026.06.29;23:00;https://milesandflavors.com/hakone-day-trip-from-tokyo/;Japan Travel Guide;Hakone Day Trip from Tokyo: How to See Mt Fuji;The easiest way to see Mt Fuji from Tokyo: a Hakone day trip with the ropeway over volcanic valleys, Lake Ashi by boat, and enough time for a traditional onsen soak. Everything you need to plan it, including the Hakone Free Pass, best departure times, and what to do if Fuji is cloudy.;A traditional red temple gate against the modern Tokyo skyline.;
Where to Stay in the Dolomites;4;Title bottom dark;1;The Dolomites hotel with the view;rooms facing the peaks;2026.06.29;2:00;https://milesandflavors.com/where-to-stay-in-the-dolomites/;Italy Travel Guide;Where to Stay in the Dolomites: Rooms with Mountain Views;Waking up with the Dolomites peaks visible from your window, the only sound the cowbells from the valley below. The mountain stays where the view is the whole experience — guesthouses and rifugios in Val Gardena, Alta Badia, and Cortina d'Ampezzo positioned to wake you up above the Italian Alps.;A stylish, sunlit hotel room with a comfortable bed and a view, ready for a stay in the Dolomites.;
Chicago Travel Costs;2;Centered;1;What 3 days in Chicago cost us;dollar by dollar;2026.06.30;0:00;https://milesandflavors.com/chicago-travel-costs-the-honest-budget-guide/;Chicago Travel Guide;What 3 Days in Chicago Actually Cost;Hotel in River North, deep dish pizza, the architecture river cruise, the Skydeck, and a lakefront dinner — a realistic Chicago trip cost, line by line, in 2026 prices. What to budget before you book, and where spending more actually makes a difference.;The Chicago skyline rising above the river and downtown architecture.;
Amalfi Coast Travel Costs;1;Title bottom;1;Is the Amalfi Coast expensive?;the honest answer;2026.06.30;1:00;https://milesandflavors.com/amalfi-coast-travel-costs/;Italy Travel Guide;Amalfi Coast Travel Costs: An Honest Budget Guide;A week on the Amalfi Coast for two — here's exactly where every euro went. A hotel in Praiano, SITA bus passes, the Positano boat beach, a Capri day trip, lunches in Amalfi town, a Ravello evening. Is the Amalfi Coast worth the cost? Yes. Here's what to budget before you fall in love with it.;The pastel houses of Positano tumbling down to the turquoise sea on the Amalfi Coast.;
Things to Do in São Miguel, Azores;3;Centered dark;1;Furnas, São Miguel;hot springs, geysers & the best stew of your life;2026.06.30;20:00;https://milesandflavors.com/things-to-do-in-sao-miguel/;Best Things to Do Around the World;Furnas Hot Springs São Miguel: What to See, Do & Eat;Furnas is the most otherworldly corner of Sao Miguel — geothermal geysers bubble from the ground, food is slow-cooked in volcanic soil called cozido das Furnas, and the calderas steam at dawn. Everything to do in Furnas, Azores — a complete guide to this volcanic Portugal travel destination.;Steam rising from the geothermal geysers and boiling mud pools in Furnas village, São Miguel, Azores.;
5-Day New York City Itinerary;5;Title bottom;1;5 days in NYC, no wasted time;the itinerary that works;2026.06.30;21:00;https://milesandflavors.com/5-day-new-york-city-itinerary/;New York Travel Guide;5 Days in New York: The Itinerary That Works;Five days in New York: Central Park in the morning mist, the Brooklyn Bridge at golden hour, the skyline from a Williamsburg rooftop at night. The New York moments worth planning a trip around — plus a day-by-day itinerary for first-timers that fits it all in without exhausting yourself.;The glowing billboards and crowds of Times Square in New York City at night.;
Zakynthos Road Trip Itinerary;2;Centered;1;How to see Zakynthos by car;the best route;2026.06.30;22:00;https://milesandflavors.com/zakynthos-road-trip-itinerary/;Greece Travel Guide;Zakynthos Road Trip: How to See the Island by Car;The drive that connects Navagio Shipwreck Beach, Porto Limnionas' rocky cove, and the south's Gerakas sea turtle beach in one circuit. A Zakynthos road trip route that earns every hour of driving — with the detours worth adding and the ones that waste your afternoon.;Sheer white cliffs above the impossibly blue water of a Zakynthos beach.;
Where to Stay in Barcelona;5;Title bottom;1;Barcelona on a budget?;where to stay without overpaying;2026.06.30;23:00;https://milesandflavors.com/where-to-stay-in-barcelona/;Spain Travel Guide;Where to Stay in Barcelona on a Budget;The smart Barcelona neighborhoods: close to Sagrada Família and the beach, not priced like Passeig de Gràcia hotels. Where to stay in Barcelona without paying Gaudí-monument prices — the best value areas for first-time visitors to Spain who want location and atmosphere in equal measure.;A cozy boutique hotel interior in Barcelona.;
Rome Travel Costs (NEW);1;Title bottom;1;Is Rome expensive?;the honest answer, in real numbers;2026.06.30;2:00;https://milesandflavors.com/rome-travel-costs/;Italy Travel Guide;Rome Travel Costs: An Honest Budget Guide;A week in Rome for two — a Monti neighborhood hotel walking distance from the Colosseum, Colosseum skip-the-line tickets, Vatican Museums tour, daily espresso at 1.20 euros and pasta for lunch, transit passes. Here's where the money went, what was worth it, and what we'd skip next Italy trip.;The ancient arches of the Roman Colosseum glowing in the afternoon light.;
3 Days in Rome Itinerary (VERIFY SLUG);6;Centered;1;Trastevere at golden hour;the Rome most first-timers miss;2026.07.01;0:00;https://milesandflavors.com/3-days-in-rome-itinerary/;Europe Travel Itineraries;3 Days in Rome: Don't Skip Trastevere;Ivy on ancient walls, cobblestones underfoot, dinners in Trastevere that stretch past midnight. Trastevere isn't a detour in a Rome itinerary — it's the reason you stayed a third night and the neighborhood that makes Rome feel like yours. Italy travel guide for first-time visitors.;A cobbled Roman street lined with terracotta buildings and cafes.;6
Best Canal Cruises in Amsterdam;3;Title bottom;1;The most beautiful way to see Amsterdam;is by canal;2026.07.01;1:00;https://milesandflavors.com/best-canal-cruises-in-amsterdam/;Netherlands Travel Guide;Best Canal Cruises in Amsterdam: See the City by Boat;Amsterdam from the water looks nothing like Amsterdam from the street. The historic 17th-century bridges, the gabled facades reflected in the canal, the houseboats. The best Amsterdam canal cruises to see it all from the right angle — with honest recommendations for couples, families, and solo travelers.;Tourists on an open canal boat passing under a bridge in Amsterdam.;1
Best Time to Visit the Azores;3;Title top;1;Visiting the Azores?;here's when to actually go;2026.07.01;20:00;https://milesandflavors.com/best-time-to-visit-the-azores/;Europe Travel Itineraries;When to Visit the Azores: Weather, Crowds & Whale Watching Season;The Azores have a reputation for unpredictable weather — and it's partly earned. Here's how to read it: which months are reliably good for whale watching and hiking, which activities work in each season, and why the dramatic cloud-and-mist days sometimes create the most extraordinary Azores scenery.;Dramatic misty clouds rolling over the green volcanic peaks of São Miguel island, Azores, with a patch of blue sky above.;
12-Day Greece Itinerary;6;Centered;1;Skip the tourist traps in Greece;do this 12-day route instead;2026.07.01;21:00;https://milesandflavors.com/12-day-greece-itinerary/;Europe Travel Itineraries;12-Day Greece Itinerary: Beyond the Crowds;The Acropolis is worth it. The Santorini caldera is worth it. But the best Greece moments come from the quieter Cyclades — Milos, Folegandros, Sifnos — that most 12-day Greece itineraries skip entirely. A first-timer's route that balances the bucket list with the hidden islands.;A pastel sunset over the caldera and white villages of a Greek island.;
Amalfi Coast 5-Day Itinerary;6;Centered;1;Before you book the Amalfi Coast;read this first;2026.07.01;22:00;https://milesandflavors.com/5-days-on-the-amalfi-coast-itinerary/;Italy Travel Guide;5 Days on the Amalfi Coast: Before You Book;Where to base yourself, how the ferries actually work between Positano, Amalfi, and Ravello, which towns are worth the night and which to visit by day boat. Everything to know before you book the Amalfi Coast — a complete Southern Italy travel guide so nothing surprises you when you arrive.;Boats dotting the sparkling blue water below an Amalfi Coast village.;
4 Days in Barcelona;6;Centered;1;The Barcelona itinerary that just works;4 days, no wasted steps;2026.07.01;23:00;https://milesandflavors.com/4-days-in-barcelona-the-perfect-itinerary/;Spain Travel Guide;4 Days in Barcelona: The Itinerary That Works;No backtracking, no wasted hours crossing the city. A 4-day Barcelona itinerary grouped by area — Gaudí mornings in the Eixample, Gothic Quarter afternoons, Barceloneta beach, and Park Güell before the crowds. Spain travel guide for first-timers who want to see it all without the rush.;An ornate Gaudi facade with colorful tiles in Barcelona, Spain.;
NYC Travel Costs (NEW);1;Title bottom;1;Is NYC expensive?;the honest answer, in real numbers;2026.07.01;2:00;https://milesandflavors.com/nyc-travel-costs/;New York Travel Guide;NYC Travel Costs: An Honest Budget Guide;A week in New York for two — a Midtown hotel, daily food across Manhattan, the MoMA and Met, a Broadway show, yellow taxis and Ubers. Here's exactly where every dollar went and what we'd cut next time. A realistic NYC travel budget for 2026 so you know what to plan for.;The New York City skyline of towering skyscrapers on a bright, clear day.;
Barcelona Travel Costs;2;Centered;1;What 4 days in Barcelona cost us;euro by euro;2026.07.02;0:00;https://milesandflavors.com/barcelona-travel-costs/;Spain Travel Guide;What 4 Days in Barcelona Actually Cost;Flights, an Eixample hotel, Gaudí attraction tickets, daily tapas and cava, a Montserrat day trip from Barcelona. A realistic Spain travel budget, line by line, in 2026 prices — so no number surprises you when you land.;Sunlight on the soaring spires of Gaudi's Sagrada Familia in Barcelona, Spain.;
Amsterdam Travel Costs;2;Centered;1;What 3 days in Amsterdam cost us;euro by euro;2026.07.02;1:00;https://milesandflavors.com/amsterdam-travel-costs/;Netherlands Travel Guide;What 3 Days in Amsterdam Actually Cost;A realistic Amsterdam trip for two: a canal-view hotel in the Jordaan, the Van Gogh Museum, an evening canal cruise, daily Dutch food and coffee, and transit passes. What everything actually costs in Amsterdam in 2026, so no number comes as a surprise when you're planning your Netherlands travel budget.;Bridges and houseboats along a tree-lined canal in Amsterdam, Netherlands.;
Azores Whale Watching;3;Title top;1;Best Whale Watching in Europe?;the Azores aren't even a debate;2026.07.02;20:00;https://milesandflavors.com/azores-whale-watching/;Best Things to Do Around the World;Azores Whale Watching Guide: Best Tours, Season & What to Expect;If there's one place in Europe where whale watching genuinely lives up to the hype, it's the Azores. São Miguel has sperm whales year-round, blue whales in spring, and sightings on the vast majority of trips. What to expect, which Azores whale watching company to book with, and how to avoid seasickness.;A whale watching guide pointing toward a surfacing sperm whale near a small eco-tour boat off the coast of São Miguel, Azores.;
2 Days in Athens;6;Title top;1;Athens in 2 days, then the islands;the perfect Greece starter;2026.07.02;21:00;https://milesandflavors.com/2-days-in-athens/;Europe Travel Itineraries;2 Days in Athens Before the Islands;Athens before the Greek islands — the Acropolis and Parthenon at dawn, the ancient Agora and Roman Forum below it, a Plaka dinner, a rooftop sunset with the Parthenon as your backdrop. The ideal 2-day Athens stopover that makes you wish you'd booked a third night. Greece travel guide for first-timers.;A rooftop view over Athens with the floodlit Acropolis at dusk.;
Chicago Bucket List;6;Centered;1;Eat your way through Chicago;deep dish & beyond;2026.07.02;22:00;https://milesandflavors.com/chicago-bucket-list-25-best-things-to-do/;Chicago Travel Guide;Chicago Bucket List: The Food Worth Traveling For;Chicago-style deep dish that requires both hands. An Italian beef sandwich, dipped. The Revival Food Hall on a lunch break. A lakefront patio at golden hour with the lake looking like an ocean. Eating your way through Chicago — the food experiences that earn their own USA travel bucket list.;The mirrored surface of Cloud Gate, the Bean, reflecting the Chicago skyline.;9
Free Stopover Flights in 2026;3;Title top;1;The travel hack that adds a free trip;stopover flights;2026.07.02;23:00;https://milesandflavors.com/free-stopover-flights-in-2026/;Best Travel Tips & Hacks;Free Stopover Flights: The Hack That Adds a Trip;You're already on the flight. The stopover costs nothing extra on the ticket but adds a second country to the trip. How free stopover flights actually work, which airlines offer them in 2026 (Icelandair, Emirates, Singapore Airlines, Qatar Airways), and how to book it correctly so nothing falls through.;An airplane taking off into a clear sky, representing finding cheap flights.;
Japan Travel Costs;1;Title top;1;Is Japan expensive?;the honest answer;2026.07.02;2:00;https://milesandflavors.com/japan-travel-costs/;Japan Travel Guide;Japan Travel Costs: An Honest Budget Guide;Japan is significantly more affordable than it looks once you factor in the JR Pass correctly. Accommodation in Tokyo, Japanese food costs (ramen for 7 euros, convenience store meals that are genuinely good), transport, and attractions: what a Japan trip actually costs in 2026, broken down honestly for first-time visitors.;Snow-capped Mount Fuji rising above a calm lake in Japan.;
Where to Stay in Rome (NEW);3;Title bottom dark;1;Don't book Rome;before reading this neighborhood guide;2026.07.03;0:00;https://milesandflavors.com/where-to-stay-in-rome/;City Breaks & Weekend Getaways;Where to Stay in Rome: The Neighborhood Guide;Before you book Rome, read this: Monti for charm and value, Centro Storico for being in the middle of everything, Trastevere for evening atmosphere and cobbled piazzas. The Rome neighborhood guide that makes the hotel decision simple — first-timer's Italy travel tips.;A hotel balcony looking out over the rooftops of Rome.;
20 Free Things to Do in Chicago;1;Centered;1;The best free things to do in Chicago;that still wow;2026.07.03;1:00;https://milesandflavors.com/20-free-things-to-do-in-chicago/;Budget Travel & Cheap Destinations;Free Things to Do in Chicago That Still Wow;Chicago has a free Art Institute admission day, Lincoln Park Zoo (always free), an 18-mile lakefront trail, Millennium Park, and the Bean — all completely free. Here's how to spend a full Chicago day without spending a dollar, and what the free experience is actually like.;The mirrored surface of Cloud Gate, the Bean, reflecting the Chicago skyline.;
Montserrat Day Trip from Barcelona;3;Centered;1;Montserrat, Spain;the day trip that steals the show;2026.07.03;20:00;https://milesandflavors.com/montserrat-day-trip-from-barcelona/;Spain Travel Guide;Montserrat from Barcelona: What to Do, See & Eat (Full Day Guide);Most Montserrat day-trippers come for the monastery and leave before lunch. The hikers who stay longer find empty trails, peaks above the cloud line, and a version of Montserrat that feels like an entirely different place. A day trip from Barcelona worth making the most of.;Hikers on the rocky Sant Joan trail above Montserrat with the monastery and the Catalan countryside stretching far below.;
Amalfi Coast Bucket List;6;Title bottom;1;The Amalfi sunset you'll never forget;Positano & Ravello at golden hour;2026.07.03;21:00;https://milesandflavors.com/amalfi-coast-bucketlist-25-best-thing-to-do/;Best Things to Do Around the World;Amalfi Coast Bucket List: The Best Sunsets;Positano lit gold at 8pm. Ravello above the last cloud, garden terraces overlooking the Tyrrhenian Sea. The Amalfi Coast sunsets worth planning an entire evening around — where to be, what to book, and which terrace gets the light right. Southern Italy travel guide.;Boats dotting the sparkling blue water below an Amalfi Coast village.;9
Barcelona Bucket List;6;Title bottom dark;1;We came for Gaudi;we left obsessed with Barcelona;2026.07.03;22:00;https://milesandflavors.com/barcelona-bucket-list/;Best Things to Do Around the World;Why Barcelona Belongs on Your Bucket List;We came for Gaudí and left obsessed with the whole city: the tapas dinners that start at 10pm, the Bunkers del Carmel sunsets, the Gothic Quarter lanes. Barcelona's complete bucket list — Sagrada Família, Park Güell, El Born, Barceloneta — and what to do in the right order.;An ornate Gaudi facade with colorful tiles in Barcelona, Spain.;
Where to Stay in NYC (NEW);3;Title bottom;1;Manhattan or Brooklyn?;where to stay in NYC;2026.07.03;23:00;https://milesandflavors.com/where-to-stay-in-nyc/;City Breaks & Weekend Getaways;Where to Stay in NYC: Manhattan vs Brooklyn;Central Manhattan convenience or Brooklyn character and lower prices? How to choose your New York base — Midtown, Chelsea, Lower East Side, Williamsburg — what each neighborhood is really like and what kind of NYC trip each one suits.;A hotel balcony looking out over the rooftops of New York City.;
9 Cheapest Countries to Visit;2;Centered;1;Travel more, spend less;the cheapest countries to visit;2026.07.03;2:00;https://milesandflavors.com/9-cheapest-countries/;Budget Travel & Cheap Destinations;Cheapest Countries to Visit for Budget Travelers;Where 50 euros a day buys you more than 200 does at home: the cheapest countries to visit right now, ranked by what flights, accommodation, and food actually cost in 2026. Budget travel destinations that aren't cheap for a reason — they're cheap because not enough people have found them yet.;A traveler exploring a beautiful, budget-friendly destination.;
Where to Stay on the Amalfi Coast;5;Centered;1;No car on the Amalfi Coast?;stay in these towns;2026.07.04;0:00;https://milesandflavors.com/where-to-stay-on-the-amalfi-coast/;Italy Travel Guide;Where to Stay on the Amalfi Coast Without a Car;Ferry-linked, walkable Amalfi towns where you don't need to navigate the cliff road every day — Positano, Praiano, Amalfi, Minori. The most livable Amalfi Coast bases for a week on the Italian coast without a car, with honest hotel area recommendations.;A cozy boutique hotel interior in the Amalfi Coast.;
Traveling With a Toddler;3;Title bottom;1;Travel doesn't stop with kids;toddler travel tips;2026.07.04;1:00;https://milesandflavors.com/travelling-with-a-toddler/;Best Travel Tips & Hacks;Traveling With a Toddler: A Parent's Honest Guide;You can still travel the world with a toddler — you just travel differently. Slower pacing, earlier mornings, more snacks than you think you need. Here's how: the packing strategy, the flight survival guide, toddler-friendly accommodation, and managing jet lag with a small person who has no concept of time zones.;A family exploring a new destination together with a young child.;
Chicago Architecture River Cruise;3;Title top;1;Chicago Skyline;seen best from the river;2026.07.04;20:00;https://milesandflavors.com/chicago-architecture-river-cruise/;Chicago Travel Guide;Chicago Architecture Cruise: Best Time to Go, How to Book & What to See;The Chicago skyline looks completely different from the river. Better, actually — you see the full scale of the buildings, the stories behind them, and the waterway that made the whole city possible. Why the architecture river cruise belongs at the very top of any Chicago itinerary.;View from the water of Chicago dramatic mixed-era skyline including the Willis Tower and Marina City corncob towers during an afternoon architecture cruise.;
Best Beaches in Zakynthos;6;Title top;1;Where to swim in Zakynthos;the best beaches, sorted;2026.07.04;21:00;https://milesandflavors.com/best-beaches-in-zakynthos/;Best Beach Destinations;Best Beaches in Zakynthos for Every Traveler;Loggerhead sea turtles surfacing at Gerakas at dawn. The Blue Caves lit from below in impossible turquoise. Navagio's shipwreck half-buried in white sand. The Zakynthos beaches that feel like wildlife encounters and the ones that feel like living inside a painting — Greece travel guide.;The famous Navagio Shipwreck Beach with its rusting wreck and turquoise water in Zakynthos.;
Best Things to Do in Rome (NEW);6;Centered;1;The Rome moment that gives you chills;and where to find it;2026.07.04;22:00;https://milesandflavors.com/best-things-to-do-in-rome/;Best Things to Do Around the World;Best Things to Do in Rome: The Unmissable Moments;The Pantheon open dome letting in afternoon light that moves across the marble floor. The Roman Forum at golden hour when the tourists are gone. The Trevi Fountain at midnight with room to breathe. The Rome experiences that belong to anyone willing to be there at the right time — a first-timer Italy travel guide to the sights worth timing perfectly.;A cobbled Roman street lined with terracotta buildings and cafes.;
Hakone Day Trip from Tokyo;3;Title bottom;1;Is a Hakone day trip worth it?;the honest answer;2026.07.04;23:00;https://milesandflavors.com/hakone-day-trip-from-tokyo/;Bucket list destinations;Hakone Day Trip from Tokyo: Is It Worth It?;Mt Fuji is often hidden in clouds. The ropeway runs regardless. The onsen exists in any weather. Hakone is worth the day trip from Tokyo even without the mountain views — and extraordinary when you get them. An honest Japan travel guide for planning the perfect Hakone day.;Glowing lanterns and signs in a narrow Tokyo backstreet at night.;
Where to Stay in the Dolomites;5;Title bottom dark;1;The Dolomites on a budget;where to stay for less;2026.07.04;2:00;https://milesandflavors.com/where-to-stay-in-the-dolomites/;Where to Stay: Best Hotels & Areas;Where to Stay in the Dolomites on a Budget;Family-run guesthouses, half-board dinners with the whole family at one long table, no-frills hiking village accommodation with trail access from the door. The Dolomites without the Cortina d'Ampezzo price tag — where to stay in Northern Italy for value and direct access to the best hiking trails.;A cozy boutique hotel interior in the Dolomites.;
Chicago Travel Costs;3;Title bottom;1;Chicago on a budget?;yes, here's how;2026.07.05;0:00;https://milesandflavors.com/chicago-travel-costs-the-honest-budget-guide/;Chicago Travel Guide;Chicago on a Budget: How to Visit for Less;Chicago is cheaper than New York and more impressive than most people expect. Free museum days, a free lakefront, free parks. Here's how to stretch your Chicago travel budget — the smart swaps that cut the cost without skipping a single thing worth doing.;Tour boats on the Chicago River winding between towering skyscrapers.;
Amalfi Coast Travel Costs;2;Centered;1;What 5 days on the Amalfi Coast cost;euro by euro;2026.07.05;1:00;https://milesandflavors.com/amalfi-coast-travel-costs/;Italy Travel Guide;What 5 Days on the Amalfi Coast Actually Cost;Hotel in Praiano, SITA ferries between towns, a Capri day trip, Positano lunches on a terrace, a boat rental to a hidden cove. The real Amalfi Coast travel costs broken down line by line in 2026 prices — so you know what to budget before you book Southern Italy.;A cliffside view over the deep blue water of the Amalfi Coast, Italy.;
Things to Do in São Miguel, Azores;4;Title bottom light;1;São Miguel Azores;3 days, zero regrets;2026.07.05;20:00;https://milesandflavors.com/things-to-do-in-sao-miguel/;Europe Travel Itineraries;São Miguel Azores Travel Guide: What to Do, See & Skip;Sao Miguel is the kind of place where you arrive for a long weekend and immediately start looking at flights to extend. Volcanic calderas at Sete Cidades, whale watching off Ponta Delgada, hot springs at Furnas, and black sand beaches on the Atlantic coast. The full guide to things to do in Sao Miguel, Azores.;A winding road through the lush green volcanic landscape of São Miguel island in the Azores with the ocean visible in the distance.;
5-Day New York City Itinerary;6;Centered;1;Central Park to the Brooklyn Bridge;NYC in 5 perfect days;2026.07.05;21:00;https://milesandflavors.com/5-day-new-york-city-itinerary/;USA Travel Itineraries;5 Days in NYC: Icons, Views & Neighborhoods;Central Park. The Brooklyn Bridge. The High Line. Chinatown. A Broadway show. Five days in New York City for first-timers — the complete itinerary that covers every icon without backtracking, with honest picks on what's worth it and what's overhyped.;A classic New York City brownstone street lined with steps and trees.;
Zakynthos Road Trip Itinerary;3;Title bottom;1;Zakynthos by car;the can't-miss stops;2026.07.05;22:00;https://milesandflavors.com/zakynthos-road-trip-itinerary/;Best Beach Destinations;Zakynthos Road Trip Itinerary: The Best Stops;The Navagio viewpoint, the Blue Caves, the wine villages of the Zakynthos interior, and the best west-coast swims on the island. The Zakynthos road trip stops worth building your whole Greece island day around — a complete guide to renting a car and driving the island.;A small boat floating on the clear turquoise sea near the Blue Caves of Zakynthos.;
Where to Stay in Barcelona;6;Centered;1;Near the beach or the Gothic Quarter?;where to stay in Barcelona;2026.07.05;23:00;https://milesandflavors.com/where-to-stay-in-barcelona/;Where to Stay: Best Hotels & Areas;Where to Stay in Barcelona: Beach vs City Center;Barceloneta beach on your doorstep or Gothic Quarter wandering outside your window? How to choose your Barcelona base — Eixample, El Born, Barceloneta, Gràcia — what each area is really like and who each one suits for a first trip to Spain.;A hotel balcony looking out over the rooftops of Barcelona.;
Rome Travel Costs (NEW);2;Centered;1;What 3 days in Rome cost;euro by euro;2026.07.05;2:00;https://milesandflavors.com/rome-travel-costs/;Italy Travel Guide;What 3 Days in Rome Actually Cost;Trastevere hotel, Colosseum entrance, Vatican skip-the-line tour, daily food, coffee, and transit in Rome. A realistic Italy travel budget for a week in Rome in 2026, line by line, so no number comes as a shock when you're planning the trip.;Water cascading over the marble figures of the Trevi Fountain in Rome.;
3 Days in Rome Itinerary (VERIFY SLUG);7;Title bottom;1;Rome on foot in 3 days;the walkable first-timer route;2026.07.06;0:00;https://milesandflavors.com/3-days-in-rome-itinerary/;Italy Travel Guide;3 Days in Rome: A Walkable Itinerary;Rome rewards walking. The Colosseum to the Palatine Hill, the Roman Forum at golden hour, the Pantheon to the Trevi Fountain — a 3-day Rome route that connects all the icons without doubling back. The perfect first-timer Italy itinerary, day by day.;The ancient arches of the Roman Colosseum glowing in the afternoon light.;
Best Canal Cruises in Amsterdam;4;Accent;1;Are Amsterdam canal cruises worth it?;the honest answer;2026.07.06;1:00;https://milesandflavors.com/best-canal-cruises-in-amsterdam/;Netherlands Travel Guide;Best Canal Cruises in Amsterdam: Are They Worth It?;Touristy or genuinely worth it? An honest take on Amsterdam canal cruises — which ones are worth the money, which to skip, and what the experience is actually like on a busy summer day. Netherlands travel tips before you book.;A canal boat gliding past historic gabled houses in Amsterdam.;
Hiking in the Dolomites;7;Title bottom;1;Hiking the Dolomites with kids;trails that actually work;2026.07.06;20:00;https://milesandflavors.com/hiking-in-the-dolomites/;Italy Travel Guide;Family Hikes in the Dolomites: Easy Trails with Big Views;Some Dolomites trails have gondola access to the starting point, rifugio restaurants with views halfway up, and meadow sections that work for non-hikers. The Italy hiking trails that keep both the serious trekker and the casual walker happy — Dolomites travel guide for mixed-ability groups.;A hiking trail leading through the dramatic limestone peaks of the Dolomites in northern Italy.;
12-Day Greece Itinerary;7;Title bottom;1;Santorini sunsets & hidden coves;12 days in Greece, done right;2026.07.06;21:00;https://milesandflavors.com/12-day-greece-itinerary/;Europe Travel Itineraries;12 Days in Greece: Sunsets, Beaches & Ancient Sights;A caldera sunset in Santorini is the kind of thing that makes you want to cancel your flight home. This 12-day Greece itinerary is built around the moments worth staying for — Athens sightseeing, Greek island hopping, Santorini sunsets — with the complete ferry schedule and booking guide.;A sun-drenched Greek island view with white buildings above the deep blue Aegean Sea.;
Amalfi Coast 5-Day Itinerary;7;Centered light;1;The Amalfi Coast at its most unreal;Positano, Ravello & the sea;2026.07.06;22:00;https://milesandflavors.com/5-days-on-the-amalfi-coast-itinerary/;Europe Travel Itineraries;5 Days on the Amalfi Coast: The Most Beautiful Stops;Cliffside villages glowing at golden hour, water so turquoise it looks painted, lemon terraces scenting the air above the sea. The most beautiful places on the Amalfi Coast — Positano, Ravello, Atrani, the hidden coves — and a 5-day itinerary built around all of them.;The pastel houses of Positano tumbling down to the turquoise sea on the Amalfi Coast.;
4 Days in Barcelona;7;Title bottom;1;Barcelona's best sunset is worth the climb;and it fits perfectly into 4 days;2026.07.06;23:00;https://milesandflavors.com/4-days-in-barcelona-the-perfect-itinerary/;Europe Travel Itineraries;4 Days in Barcelona: Sunsets, Sights & Tapas;The Bunkers del Carmel at golden hour: the whole Barcelona skyline stretching to the Mediterranean, everyone watching the sun drop together, no entrance fee. The moment that closes every great Barcelona trip. Plus Sagrada Família, El Born, and everything else your 4 days should include.;The colorful mosaic curves of Park Guell overlooking Barcelona and the sea.;5
NYC Travel Costs (NEW);2;Centered;1;What 5 days in NYC cost us;dollar by dollar;2026.07.06;2:00;https://milesandflavors.com/nyc-travel-costs/;New York Travel Guide;What 5 Days in NYC Actually Cost;Hotel, daily New York food, museum passes, the subway, a Broadway show, and a rooftop dinner in Midtown. A realistic NYC travel budget, line by line, in 2026 prices — so you know what to plan for before you book flights to New York.;Yellow taxis and tall buildings on a busy street in New York City.;
Barcelona Travel Costs;3;Title bottom;1;Barcelona on a budget?;it's cheaper than you think;2026.07.07;0:00;https://milesandflavors.com/barcelona-travel-costs/;Spain Travel Guide;Barcelona on a Budget: How to Visit for Less;Barcelona is cheaper than Paris and more expensive than Lisbon — here's how to make it even cheaper: the free Gaudí views from outside, the local tapas bars where tourists don't go, and the Barcelona neighborhoods with good hotels at half the price of Las Ramblas.;A narrow, atmospheric stone street in Barcelona's Gothic Quarter.;5
Amsterdam Travel Costs;3;Title top light;1;Amsterdam on a budget?;yes, here's how;2026.07.07;1:00;https://milesandflavors.com/amsterdam-travel-costs/;Netherlands Travel Guide;Amsterdam on a Budget: How to Visit for Less;Amsterdam on a budget is very doable if you know what to skip and what's surprisingly cheap. The free ferry across the IJ to the NDSM Wharf. The Albert Cuyp market for lunch. The Hortus Botanicus as a cheaper museum day. Smart Netherlands travel tips that save real money without missing anything that matters.;Bicycles parked along a canal bridge in central Amsterdam.;
Azores Whale Watching;4;Title top dark;1;São Miguel Whale Watching;book this before anything else;2026.07.07;20:00;https://milesandflavors.com/azores-whale-watching/;Europe Travel Itineraries;São Miguel Whale Watching: How to Book, What to Know & Best Season;Whale watching in the Azores is the kind of experience that completely reframes what a wildlife encounter can be. The Azores are a whale superhighway between the Atlantic and the Med. How to book, the best time of year to go, what species you'll see, and what you'll actually experience on the water — Portugal travel guide.;Close-up of a sperm whale tail fluke raised above the ocean surface as it dives deep off the coast of the Azores islands.;
Chicago Bucket List;7;Title bottom;1;The Chicago architecture cruise;worth every minute;2026.07.07;21:00;https://milesandflavors.com/chicago-bucket-list-25-best-things-to-do/;Best Things to Do Around the World;Chicago Bucket List: The Architecture River Cruise;The architecture river cruise puts the whole Chicago skyline in context. Then you walk past those same buildings and recognize every one — the Tribune Tower, the Wrigley Building, Marina City. Why the river cruise tops every Chicago bucket list and what comes second: the full USA travel guide for first-timers.;The Chicago skyline rising above the river and downtown architecture.;
Best Time to Visit the Dolomites;1;Title top;1;When the Dolomites look their best;month by month;2026.07.07;22:00;https://milesandflavors.com/best-time-to-visit-the-dolomites-and-what-nobody-tells-you/;Italy Travel Guide;Best Time to Visit the Dolomites: Month by Month;The Dolomites in July: wildflowers carpeting the Alpine meadows below jagged limestone peaks. In September: golden larch trees turning the entire valleys amber. There's genuinely no bad time to visit Northern Italy's mountains — but there is a best season for what you want to do, and here's how to choose.;A hiking trail leading through the dramatic limestone peaks of the Dolomites in northern Italy.;
Shipwreck Beach Zakynthos;1;Title top;1;How to visit Shipwreck Beach;Zakynthos' famous Navagio;2026.07.07;23:00;https://milesandflavors.com/shipwreck-beach-zakynthos/;Best Beach Destinations;How to Visit Shipwreck Beach (Navagio), Zakynthos;Navagio Shipwreck Beach is only reachable by boat — sheer white limestone cliffs 200 meters high on three sides, a rusting 1980s freighter half-buried in white sand, the water a blue so saturated it doesn't look real. Here's how to get there, which boat tour to take, and what to expect when you arrive.;The famous Navagio Shipwreck Beach with its rusting wreck and turquoise water in Zakynthos.;
Where to Stay in Tokyo;2;Title bottom light;1;Shinjuku or Shibuya?;where to stay in Tokyo;2026.07.07;2:00;https://milesandflavors.com/where-to-stay-in-tokyo/;Where to Stay: Best Hotels & Areas;Where to Stay in Tokyo: Shinjuku vs Shibuya;Shinjuku or Shibuya — the two biggest Tokyo hotel questions for first-timers. What staying in each area is actually like, how well they connect to the rest of the city by subway, and which one suits your Japan itinerary. Japan travel guide for choosing the right Tokyo base.;A cozy boutique hotel interior in Tokyo.;
Where to Stay in Rome (NEW);4;Accent;1;Rome on a budget?;where to stay without overpaying;2026.07.08;0:00;https://milesandflavors.com/where-to-stay-in-rome/;Where to Stay: Best Hotels & Areas;Where to Stay in Rome on a Budget;The Rome neighborhoods that keep you walking distance from the Colosseum, the Pantheon, and Trastevere — without paying Vatican-view hotel prices. Where to stay in Rome for the best combination of value, location, and authentic Italian neighborhood atmosphere.;A stylish, sunlit hotel room with a comfortable bed and a view, ready for a stay in Rome.;
20 Free Things to Do in Chicago;2;Centered;1;Chicago for free;the best no-cost spots;2026.07.08;1:00;https://milesandflavors.com/20-free-things-to-do-in-chicago/;Budget Travel & Cheap Destinations;20 Free Things to Do in Chicago;Millennium Park at golden hour, the Chicago Riverwalk at sunset, Lincoln Park Zoo on a quiet morning, and free museum admission Mondays. Chicago gives away more than most American cities charge for. The complete guide to free things to do in Chicago for first-time visitors.;The Chicago skyline rising above the river and downtown architecture.;
Montserrat Day Trip from Barcelona;4;Title bottom light;1;Barcelona → Montserrat;the day trip you'll talk about for years;2026.07.08;20:00;https://milesandflavors.com/montserrat-day-trip-from-barcelona/;Bucket list destinations;Montserrat Day Trip: Is It Worth It? (Honest Take + What to Skip);Worth it? Absolutely. But the cable car vs. train decision, the morning vs. afternoon timing, and which trails to take — these choices determine whether your Montserrat day trip from Barcelona is magical or mediocre. The practical guide that gets the details right.;Morning mist clearing over the dramatic rocky pinnacles of Montserrat mountain in Catalonia, Spain, with pale golden light hitting the peaks.;
Amalfi Coast Bucket List;7;Title bottom;1;Amalfi Coast bucket list;25 experiences worth the trip;2026.07.08;21:00;https://milesandflavors.com/amalfi-coast-bucketlist-25-best-thing-to-do/;Best Things to Do Around the World;Amalfi Coast Bucket List: 25 Unmissable Experiences;The clifftop path that runs above the sea. The Amalfi villages unchanged for a hundred years. The meals on terraces with nothing but Mediterranean water in front of you. The Amalfi Coast experiences worth building an Italy vacation around — bucket list for first-timers and return visitors alike.;The pastel houses of Positano tumbling down to the turquoise sea on the Amalfi Coast.;13
Barcelona Bucket List;7;Title bottom dark;1;Only one day in Barcelona?;the can't-miss highlights, fast;2026.07.08;22:00;https://milesandflavors.com/barcelona-bucket-list/;Best Things to Do Around the World;Barcelona in One Day: The Must-See Highlights;Short on time in Barcelona? The essential list is short: Sagrada Família at morning light, Gothic Quarter wandering, the Bunkers del Carmel at sunset, and one long tapas dinner in El Born. The Barcelona highlights that earn every minute — a first-timer's Spain travel guide.;The colorful mosaic curves of Park Guell overlooking Barcelona and the sea.;
Where to Stay in NYC (NEW);4;Accent;1;NYC on a budget?;where to stay without overpaying;2026.07.08;23:00;https://milesandflavors.com/where-to-stay-in-nyc/;Where to Stay: Best Hotels & Areas;Where to Stay in NYC on a Budget;Smart New York neighborhoods close to the subway and the main sights without Midtown hotel pricing. Where to stay in NYC for first-timers who want value and location: the Lower East Side, Astoria, Long Island City, and the best budget-friendly Manhattan alternatives.;A stylish, sunlit hotel room with a comfortable bed and a view, ready for a stay in New York City.;
9 Cheapest Countries to Visit;3;Title bottom;1;Your money goes furthest here;the cheapest countries to travel;2026.07.08;2:00;https://milesandflavors.com/9-cheapest-countries/;Budget Travel & Cheap Destinations;9 Cheapest Countries to Travel in 2026;Stunning landscapes, extraordinary food, almost no other tourists — and a fraction of what you'd pay in Spain or Italy. The cheapest countries to visit in 2026 that make your budget travel destination question easier to answer, with real current prices for accommodation, food, and getting around.;A scenic, affordable travel destination with clear skies and open views.;
Where to Stay on the Amalfi Coast;6;Centered;1;The quiet Amalfi town to base in;past the Positano crowds;2026.07.09;0:00;https://milesandflavors.com/where-to-stay-on-the-amalfi-coast/;Where to Stay: Best Hotels & Areas;Where to Stay on the Amalfi Coast: The Calmer Towns;Positano has the crowds and the beauty in equal measure. Praiano has the quiet and the same sunsets for half the price. Ravello has the gardens above the sea. The Amalfi towns that stay calm when the main strip is packed — and why they're the smarter choice.;A hotel balcony looking out over the rooftops of the Amalfi Coast.;
Amsterdam With a Toddler;1;Title top;1;Amsterdam with a toddler;what to know;2026.07.09;1:00;https://milesandflavors.com/amsterdam-with-a-toddler/;Bucket list destinations;Amsterdam With a Toddler: Tips & What to Do;A canal boat at toddler height, where everything is water and bridges and ducks. The Artis Zoo on a quiet weekday morning. The Vondelpark playground with a stroopwafel from the market. Amsterdam with a little one is more fun than it sounds — a practical family travel guide to the Netherlands with young children.;A family exploring a new destination together with a young child.;
Chicago Architecture River Cruise;4;Title top dark;1;Best Things to Do in Chicago;the Architecture Cruise is #1 for a reason;2026.07.09;20:00;https://milesandflavors.com/chicago-architecture-river-cruise/;Chicago Travel Guide;Chicago Architecture River Cruise: How to Book the Best Tour;If you're building a Chicago itinerary, the architecture river cruise belongs at the top. It's the best 90-minute introduction to the city you can get — and it makes every skyscraper you see afterward mean something. How to book, which tour operator to pick, and the best time of day to go.;The Chicago River from water level looking toward the glittering city skyline, flanked by historic and modern skyscrapers in the late afternoon light.;
Best Beaches in Zakynthos;7;Title bottom;1;Turtle beaches & turquoise coves;the best of Zakynthos;2026.07.09;21:00;https://milesandflavors.com/best-beaches-in-zakynthos/;Best Beach Destinations;Best Beaches in Zakynthos: Turtles & Turquoise;Family-friendly coves with shallow snorkeling water, dramatic cliffs with no crowds, hidden inlets you nearly swim past before noticing them. The best beaches in Zakynthos sorted by what you actually want from a Greek island beach day — a Greece travel guide for every type of beach lover.;Sheer white cliffs above the impossibly blue water of a Zakynthos beach.;
Best Things to Do in Rome (NEW);7;Title bottom;1;Eat your way through Rome;the food worth traveling for;2026.07.09;22:00;https://milesandflavors.com/best-things-to-do-in-rome/;Best Things to Do Around the World;Best Things to Do in Rome: The Food Worth Traveling For;Cacio e pepe in a Trastevere trattoria that's been here since before you were born. A perfect espresso standing at a Roman bar for 1.20 euros. Artichokes fried Jewish-style in the Ghetto. Eating your way through Rome — the dishes, the neighborhoods, and the food experiences worth building a whole Italy trip around.;The ancient arches of the Roman Colosseum glowing in the afternoon light.;
Hakone Day Trip from Tokyo;4;Accent;1;Tokyo to Hakone made easy;the loop, the pass & the views;2026.07.09;23:00;https://milesandflavors.com/hakone-day-trip-from-tokyo/;Day Trips & Excursions;Hakone Day Trip from Tokyo: The Easy Loop;Train, ropeway, lake boat, bus — the Hakone loop sounds complicated and isn't once you understand it. How to see Mt Fuji, Lake Ashi, and the Owakudani volcanic valley in one smooth day trip from Tokyo, with the Hakone Free Pass explained and the route mapped out.;Cherry blossoms framing a canal in springtime Tokyo, Japan.;
16 Cheap Beach Destinations;1;Title top;1;The cheapest beach destinations;for 2026;2026.07.09;2:00;https://milesandflavors.com/16-cheap-beaches/;Budget Travel & Cheap Destinations;16 Cheap Beach Destinations for 2026;There are beaches with water so clear you can see the sandy bottom 10 meters down — and they don't cost a fortune to reach. The cheapest beach destinations in Europe and beyond that are actually worth the flight in 2026, with real current prices for accommodation, food, and getting there.;A palm-fringed tropical beach with white sand and clear turquoise water.;
Chicago Travel Costs;4;Accent;1;Where to splurge, where to spend less;in Chicago;2026.07.10;0:00;https://milesandflavors.com/chicago-travel-costs-the-honest-budget-guide/;Chicago Travel Guide;Chicago Travel Costs: Where to Splurge and Cut Back;The architecture cruise is worth it. The Skydeck is worth it. The deep dish is worth it. Here's what to spend on in Chicago and what to do for free — a smarter Chicago budget breakdown for first-timers, with 2026 prices for everything on the itinerary.;The Chicago lakefront and skyline on a clear blue day.;
Amalfi Coast Travel Costs;3;Title bottom;1;Amalfi Coast on a budget?;the real tips that work;2026.07.10;1:00;https://milesandflavors.com/amalfi-coast-travel-costs/;Italy Travel Guide;Amalfi Coast on a Budget: How to Do It for Less;The Amalfi Coast doesn't have to cost a fortune. Stay in Praiano instead of Positano — same views, half the price. Take the SITA cliff-road bus instead of the ferry. Here's how to cut the cost of a Southern Italy Amalfi trip without missing anything that actually matters.;Lemon groves and terraces above the sea on the Amalfi Coast.;
Things to Do in São Miguel, Azores;5;Accent;1;The Azores;Europe's best-kept secret;2026.07.10;20:00;https://milesandflavors.com/things-to-do-in-sao-miguel/;Bucket list destinations;São Miguel Azores: 15 Things to Do on Portugal's Most Stunning Island;If you haven't heard of Sao Miguel yet, you will soon. This volcanic island in the mid-Atlantic has some of the most dramatic scenery in Europe — Sete Cidades crater lakes, Furnas geothermal valley, whale watching tours, and thermal pools. The complete things-to-do guide for the Azores main island, Portugal.;Aerial view of São Miguel island in the Azores showing lush green volcanic hills descending to the deep blue Atlantic ocean.;
5-Day New York City Itinerary;7;Title bottom;1;The NYC trip that does it all;in 5 days;2026.07.10;21:00;https://milesandflavors.com/5-day-new-york-city-itinerary/;USA Travel Itineraries;5 Days in New York City: See It All;The icons, the food neighborhoods, the views that stop you mid-sentence. A 5-day New York City itinerary that fits in Central Park, the Brooklyn Bridge at dawn, Chinatown, the High Line, and the skyline views — day by day, for first-timers visiting NYC.;The New York City skyline of towering skyscrapers on a bright, clear day.;
Zakynthos Road Trip Itinerary;4;Accent;1;The Zakynthos drive with the best views;cliffs, coves & sunsets;2026.07.10;22:00;https://milesandflavors.com/zakynthos-road-trip-itinerary/;Europe Travel Itineraries;Zakynthos Road Trip: The Most Scenic Route;Cliff-top roads above turquoise water. The whole coastline laid out below the Navagio viewpoint. West-coast Greek island sunsets with no one else in sight. The most scenic Zakynthos road trip route — mapped so you catch the light at the right places and don't miss the best spots.;A hidden cove with crystal-clear water on the coast of Zakynthos, Greece.;
Where to Stay in Barcelona;7;Title bottom;1;We stayed in the wrong part first;here's where to book in Barcelona;2026.07.10;23:00;https://milesandflavors.com/where-to-stay-in-barcelona/;Where to Stay: Best Hotels & Areas;Where to Stay in Barcelona (and Where Not To);We stayed in the wrong Barcelona neighborhood on our first trip. Here's what we learned: avoid Las Ramblas hotels, book Eixample for a first visit, El Born if you're coming back. The honest Barcelona hotel location guide — Spain travel tips for smart first-timers.;A stylish, sunlit hotel room with a comfortable bed and a view, ready for a stay in Barcelona.;
Rome Travel Costs (NEW);3;Title bottom;1;Can you do Rome on a budget?;yes, here's the real daily cost;2026.07.10;2:00;https://milesandflavors.com/rome-travel-costs/;Italy Travel Guide;Rome on a Budget: How to Visit for Less;Rome on a budget is more doable than most Italian cities suggest. The Pantheon has free hours. The 1.20-euro espresso rule applies across the city. The neighborhoods with character and half-price hotels compared to the Vatican. Smart Italy travel tips that save real money in Rome without sacrificing anything worth doing.;The open dome of the Pantheon above a sunlit piazza in Rome, Italy.;
NYC Travel Costs (NEW);3;Title bottom;1;NYC on a budget?;yes, it's possible;2026.07.11;0:00;https://milesandflavors.com/nyc-travel-costs/;New York Travel Guide;New York on a Budget: How to Visit for Less;New York on a budget is absolutely possible. The free Staten Island Ferry with the best Manhattan skyline view. Free museum days at the Brooklyn Museum and Met. The 3-dollar pizza slice route across midtown. The smart swaps that bring a New York trip cost down without skipping a single thing worth doing.;The Brooklyn Bridge stretching toward the Manhattan skyline at sunset.;
Free Things to Do on the Amalfi Coast;1;Title top;1;The Amalfi Coast for free;cliff walks & hidden beaches;2026.07.11;1:00;https://milesandflavors.com/free-things-to-do-on-the-amalfi-coast/;Italy Travel Guide;Free Things to Do on the Amalfi Coast;The Path of the Gods coastal hike is completely free. Fornillo Beach doesn't charge an entry fee. The SITA cliff-road bus that connects Positano, Amalfi, and Ravello costs 2 euros. The Amalfi Coast has an entire category of free experiences most visitors don't think to look for — Italy travel tips.;The pastel houses of Positano tumbling down to the turquoise sea on the Amalfi Coast.;
Hiking in the Dolomites;8;Accent;1;The Dolomites without a car;trails you can reach easily;2026.07.11;20:00;https://milesandflavors.com/hiking-in-the-dolomites/;Italy Travel Guide;Hiking in the Dolomites Without a Car;Trails that start from the gondola station so the altitude is already done. Meadow walks above 2,000 meters with Dolomites peak panoramas. Rifugio-to-rifugio easy routes that put anyone above the treeline without a serious climb. The best easy hiking in the Italian Alps — for every fitness level.;The turquoise water of Lago di Braies beneath towering Dolomite peaks.;
12-Day Greece Itinerary;8;Accent;1;How to island-hop Greece;the 12-day ferry route that works;2026.07.11;21:00;https://milesandflavors.com/12-day-greece-itinerary/;Greece Travel Guide;12-Day Greece Itinerary: The Island-Hopping Route;Which ferry, which order, how many nights on each island — the logistics questions that derail every first Greece trip, answered clearly. A 12-day Greece island-hopping itinerary for first-timers: Athens, Santorini, Mykonos, and Naxos, with exact connections and what to book in advance.;Whitewashed houses and blue domes overlooking the sea in Greece.;
3 Days in Rome Itinerary (VERIFY SLUG);8;Accent;1;3 days in Rome, done right;what to book, see and skip;2026.07.11;22:00;https://milesandflavors.com/3-days-in-rome-itinerary/;Europe Travel Itineraries;3 Days in Rome: What to Book, See and Skip;The Colosseum: book online or skip the queue. The Vatican: same rule. The Trevi Fountain: go after 10pm. The Rome tips that make a 3-day trip work — what to book in advance, what to skip, and what's actually worth your time in Italy's most visited city.;Water cascading over the marble figures of the Trevi Fountain in Rome.;
Best Canal Cruises in Amsterdam;5;Title top;1;The best canal cruise for couples;romantic boats & sunsets;2026.07.11;23:00;https://milesandflavors.com/best-canal-cruises-in-amsterdam/;Netherlands Travel Guide;Best Romantic Canal Cruises in Amsterdam;Wine, golden-hour bridges, and Amsterdam's canal ring at dusk with no crowds in sight. The canal cruises worth booking for couples — the small open boats that feel nothing like a tourist experience and everything like a private evening on the water. Netherlands travel guide.;A view from a canal cruise of bridges and reflections in Amsterdam at dusk.;
Free Things to Do in Barcelona;1;Title top;1;The best of Barcelona for free;and it doesn't feel cheap;2026.07.11;2:00;https://milesandflavors.com/free-things-to-do-in-barcelona/;Spain Travel Guide;Free Things to Do in Barcelona That Don't Feel Cheap;The Bunkers del Carmel sunset costs nothing and beats every paid Barcelona viewpoint. The Gothic Quarter is free to wander. Park Güell's hillside terraces and Barceloneta beach require no ticket. A full Barcelona day — Spain travel tips for visitors who want to see everything without spending a euro.;The colorful mosaic curves of Park Guell overlooking Barcelona and the sea.;
Barcelona Travel Costs;4;Accent;1;Where to splurge, where to spend less;in Barcelona;2026.07.12;0:00;https://milesandflavors.com/barcelona-travel-costs/;Spain Travel Guide;Barcelona Travel Costs: Where to Splurge and Cut Back;The Gaudí tickets worth buying in advance (Sagrada Família, Casa Batlló), the ones you can walk straight into, and the ones you can photograph from outside for free. A smarter Barcelona travel budget, experience by experience — Spain travel tips for 2026.;The Barcelona skyline glowing at sunset, seen from a hilltop viewpoint.;
Free Things to Do in Rome (NEW);1;Title top;1;The best free things to do in Rome;that still wow;2026.07.12;1:00;https://milesandflavors.com/free-things-to-do-in-rome/;Free & Cheap Things to Do in Europe - Travel Ideas;Free Things to Do in Rome That Still Wow;The Pantheon entrance was free until 2023 — now it's 5 euros. Everything else on this Rome list is still completely free: the Trevi Fountain, the Spanish Steps, the Roman Forum exterior views, and the best free sunset in Rome from the Pincian Hill terrace. Italy travel tips for budget Rome visitors.;The ancient arches of the Roman Colosseum glowing in the afternoon light.;
25 Best Things to Do in NYC;8;Accent;1;Worth it or overrated in NYC?;an honest first-timer take;2026.07.12;20:00;https://milesandflavors.com/25-best-things-to-do-in-nyc/;New York Travel Guide;Best Things to Do in NYC: Worth It or Overrated?;Which New York City attractions are genuinely worth their price tag and which are tourist traps — an honest USA travel guide. The Brooklyn Bridge walk, Central Park, and the Staten Island Ferry are always worth it. The Empire State vs Top of the Rock debate, settled.;Yellow taxis and tall buildings on a busy street in New York City.;
Best Time to Visit the Dolomites;2;Centered;1;The best month for the Dolomites;the sweet spot;2026.07.12;21:00;https://milesandflavors.com/best-time-to-visit-the-dolomites-and-what-nobody-tells-you/;Italy Travel Guide;Best Time to Visit the Dolomites: The Sweet Spot;Open trails, manageable crowds compared to summer, the best hiking weather of the year, and larches starting to turn golden at the edges. The narrow window when the Dolomites are at their most beautiful — the best month to visit and what each Italian Alps season actually looks like.;The turquoise water of Lago di Braies beneath towering Dolomite peaks.;
Japan Cherry Blossom Season;1;Title top;1;When & where to see cherry blossoms in Japan;the timing guide;2026.07.12;22:00;https://milesandflavors.com/japan-cherry-blossom-season/;Japan Travel Guide;Japan Cherry Blossom Season: When & Where to Go;Cherry blossom season in Japan lasts about 10 days per city — and the sakura peak shifts north as the weeks pass. When the blossoms peak in Kyoto, Tokyo, and Osaka, how to track the cherry blossom forecast, and how to time your Japan itinerary to catch all three without missing the window.;Pale pink cherry blossoms in full bloom beside a traditional temple in Japan.;
Shipwreck Beach Zakynthos;2;Centered;1;The most famous beach in Greece;Navagio, Zakynthos;2026.07.12;23:00;https://milesandflavors.com/shipwreck-beach-zakynthos/;Greece Travel Guide;Shipwreck Beach Zakynthos: Everything to Know;Sheer white cliffs, a rusted shipwreck visible from the cliff viewpoint above before you even reach the beach, impossibly blue Ionian water, and no way in except by sea. Everything to know about visiting Navagio Shipwreck Beach in Zakynthos — which boat to take, when to go, and what the experience is actually like.;Sheer white cliffs above the impossibly blue water of a Zakynthos beach.;
European Summer Bucket List;1;Title top;1;The ultimate European summer bucket list;where to go;2026.07.12;2:00;https://milesandflavors.com/european-summer-bucket-list/;Europe Travel Itineraries;European Summer Bucket List: Where to Go;Amalfi Coast swims off hidden coves. Greek island ferry crossings at sunset. Mountain lakes in the Austrian Alps. Long Spanish beach evenings that start at 8pm. The European summer bucket list for anyone who needs a reason to book the flight — every destination worth adding to a warm-weather Europe travel itinerary.;A traveler planning a trip with a map, passport and notebook on a table.;
20 Free Things to Do in Chicago;3;Title bottom;1;Chicago on zero dollars?;here's how to do it;2026.07.13;0:00;https://milesandflavors.com/20-free-things-to-do-in-chicago/;Chicago Travel Guide;Free Things to Do in Chicago on a Budget;The Bean is free. The lakefront is free. The beaches are free. Museum days are free if you time them right. So are the architecture walking tours, the neighborhood markets, and most of the parks worth exploring. How to do the best of Chicago without the bill — USA travel tips for budget travelers.;Tour boats on the Chicago River winding between towering skyscrapers.;
Where to Stay in Zakynthos;1;Title top;1;Where to stay in Zakynthos;best areas for your trip;2026.07.13;1:00;https://milesandflavors.com/where-to-stay-in-zakynthos/;Where to Stay: Best Hotels & Areas;Where to Stay in Zakynthos: Best Areas & Towns;Laganas for nightlife, sandy beach, and the party atmosphere. Zakynthos Town for local character, the harbor, and easy access to the whole island. The quiet north coast for the best Zakynthos beaches and zero crowds. The complete Zakynthos neighborhood guide — where to base your Greece island stay.;A stylish, sunlit hotel room with a comfortable bed and a view, ready for a stay in Zakynthos.;
Montserrat Day Trip from Barcelona;5;Accent;1;Day Trips from Barcelona;Montserrat is not optional;2026.07.13;20:00;https://milesandflavors.com/montserrat-day-trip-from-barcelona/;Spain Travel Guide;Best Day Trips from Barcelona: Why Montserrat Should Be First on Your List;There are good day trips from Barcelona, and then there's Montserrat — in a category of its own. Serrated rock spires, a Benedictine monastery, Catalan mountain hiking trails above the clouds, and views that stretch to the sea on clear days. The one day trip from Barcelona that's genuinely unmissable.;Wide panoramic view of Montserrat mountain at sunrise with pink and golden light illuminating the serrated rocky peaks in Catalonia.;
14-Day Southern Italy Road Trip;1;Title top;1;Southern Italy in 14 days, by car;Amalfi, Naples & Puglia;2026.07.13;21:00;https://milesandflavors.com/14-day-southern-italy-road-trip-itinerary/;Italy Travel Guide;14-Day Southern Italy Road Trip Itinerary;Naples pizza at midnight, the Amalfi Coast at golden hour, Matera's cave dwellings at dawn, Puglia's trulli in Alberobello — a 14-day southern Italy road trip covering the most cinematic stretch of Europe. Route map, best stops, driving tips, and what to book months in advance included.;The pastel houses of Positano tumbling down to the turquoise sea on the Amalfi Coast.;
Day Trips from Rome (NEW);1;Title top;1;The best day trips from Rome;beyond the city;2026.07.13;22:00;https://milesandflavors.com/day-trips-from-rome/;Italy Travel Guide;Best Day Trips from Rome: Where to Go;Tivoli's Villa d'Este gardens are 45 minutes from Rome and feel like a completely different world. Ostia Antica makes Pompeii look crowded. Orvieto sits on a volcanic cliff above the valley. The best day trips from Rome, ranked honestly by how worth the journey they actually are — Italy travel guide.;The ancient arches of the Roman Colosseum glowing in the afternoon light.;
Milan to Dolomites Road Trip;1;Title top;1;Milan to the Dolomites: the scenic drive;the route & best stops;2026.07.13;23:00;https://milesandflavors.com/milan-to-dolomites-road-trip/;Day Trips & Excursions;Milan to Dolomites Road Trip: The Best Route;The drive from Milan to the Dolomites runs through Lake Garda's vineyards, passes Bolzano's medieval center, and arrives at mountain scenery that justifies every kilometer. The Milan to Dolomites road trip mapped — best route, top stops, driving tips, and how to do the Northern Italy journey in a day or weekend.;A hiking trail leading through the dramatic limestone peaks of the Dolomites in northern Italy.;
Free Things to Do in NYC (NEW);1;Title top;1;The best free things to do in NYC;that still feel iconic;2026.07.13;2:00;https://milesandflavors.com/free-things-to-do-in-nyc/;New York Travel Guide;Free Things to Do in NYC That Still Feel Iconic;The Staten Island Ferry gives you the best Manhattan skyline view for completely free. The Brooklyn Bridge walk costs nothing. Central Park has 843 acres of city to explore. The best free things to do in New York City — the list that makes every NYC travel budget go significantly further.;The New York City skyline of towering skyscrapers on a bright, clear day.;
Ryokan in Japan What to Expect;1;Title top;1;Staying in a ryokan in Japan;what to expect;2026.07.14;0:00;https://milesandflavors.com/ryokan-in-japan-what-to-expect/;Where to Stay: Best Hotels & Areas;Staying in a Ryokan in Japan: What to Expect;Tatami floors, a private onsen bath, a kaiseki dinner of 12 courses eaten in your yukata while kneeling at a low table. A traditional Japanese ryokan is unlike any hotel anywhere in the world — what to expect when you arrive, the etiquette not to get wrong, and how to book the right one for your Japan itinerary.;The neon-lit streets and crowds of the Shibuya crossing in Tokyo, Japan.;
Amsterdam With a Toddler;2;Centered;1;Visiting Amsterdam with kids?;here's how to do it;2026.07.14;1:00;https://milesandflavors.com/amsterdam-with-a-toddler/;Netherlands Travel Guide;Amsterdam With a Toddler: A Parent's Guide;The best toddler-friendly neighborhoods in Amsterdam, stroller-accessible canal tours that work with small children, and the parks that keep little ones entertained without exhausting the adults. Amsterdam with a toddler: the honest family travel guide to the Netherlands with practical tips that actually work.;A parent and toddler walking hand in hand while traveling.;
Chicago Architecture River Cruise;5;Title bottom light;1;Chicago Architecture;the river cruise locals actually recommend;2026.07.14;20:00;https://milesandflavors.com/chicago-architecture-river-cruise/;USA Travel Itineraries;Chicago Architecture River Cruise: Tips, Operators & Why It's Worth Every Dollar;Not all Chicago architecture cruises are equal. Some have expert docents who permanently change how you see the skyline. Some have recorded audio and weak cocktails. Here's how to tell the difference and book the right one — Chicago travel tips for first-timers.;Close-up of the ornate facades of Chicago historic skyscrapers towering over the Chicago River, viewed from a passing architecture tour boat.;
Best Things to Do in Rome (NEW);8;Accent;1;Worth it or overrated in Rome?;an honest first-timer take;2026.07.14;21:00;https://milesandflavors.com/best-things-to-do-in-rome/;Italy Travel Guide;Best Things to Do in Rome: Worth It or Overrated?;The Colosseum is worth it. The Vatican Museums are worth it (if you book). The catacombs are optional. An honest Italy travel guide to what Rome's biggest attractions are really like — the ones that earn the queue, the ones to skip, and the ones most first-timers accidentally miss.;Water cascading over the marble figures of the Trevi Fountain in Rome.;
Dolomites from Milan;1;Title top;1;Milan to the Dolomites: how to do it;the route & drive time;2026.07.14;22:00;https://milesandflavors.com/dolomites-from-milan/;Day Trips & Excursions;How to Get to the Dolomites from Milan;The drive from Milan to the Dolomites through Bolzano takes around three hours — and every kilometer of the mountain section looks better than the last. How to reach the Dolomites from Milan by car or train, what to do once you're there, and which Northern Italy route to take for the most dramatic entrance into the Italian Alps.;A hiking trail leading through the dramatic limestone peaks of the Dolomites in northern Italy.;
Where to Stay on the Amalfi Coast;7;Title bottom;1;Don't book the Amalfi Coast;before reading this town guide;2026.07.14;23:00;https://milesandflavors.com/where-to-stay-on-the-amalfi-coast/;Where to Stay: Best Hotels & Areas;Where to Stay on the Amalfi Coast: The Town Guide;Before you book the Amalfi Coast, read this: Positano is beautiful and crowded, Praiano is the smart local alternative, and Ravello is for people who want Italian garden views over beach time. The honest Amalfi hotel location guide — where each type of traveler should actually stay.;A stylish, sunlit hotel room with a comfortable bed and a view, ready for a stay in the Amalfi Coast.;
16 Cheap Beach Destinations;2;Centered;1;Dreamy beaches on a budget;the cheapest destinations;2026.07.14;2:00;https://milesandflavors.com/16-cheap-beaches/;Budget Travel & Cheap Destinations;Cheap Beach Destinations: Paradise on a Budget;White sand, turquoise water, and affordable flights — they exist in the same destination if you know where to look. The cheapest beach destinations worth traveling for in 2026, with honest numbers on what accommodation, food, and flights actually cost at each one.;Turquoise sea lapping a quiet, palm-lined tropical beach.;
Amalfi Coast Travel Costs;4;Accent;1;Where to splurge, where to spend less;on the Amalfi Coast;2026.07.15;0:00;https://milesandflavors.com/amalfi-coast-travel-costs/;Italy Travel Guide;Amalfi Coast Travel Costs: Where to Splurge & Cut Back;The Capri day trip is worth it. The Ravello terrace dinner is worth it. The boat to Furore's hidden fjord is worth it. And the 5-euro SITA bus does the same cliff-road journey as a 40-euro ferry. A smarter Amalfi Coast travel budget — knowing where to spend and where to save.;Colorful Italian buildings and a tiled church dome on the Amalfi Coast.;
Where to Stay in Tokyo;3;Title bottom;1;Tokyo on a budget?;where to stay for less;2026.07.15;1:00;https://milesandflavors.com/where-to-stay-in-tokyo/;Best Things to Do Around the World;Where to Stay in Tokyo on a Budget;Smart Tokyo neighborhoods with fast train access to Shibuya, Shinjuku, Asakusa, and lower prices than the big-name areas. Where to stay in Tokyo when location matters but so does the accommodation budget — Japan travel tips for first-timers who want to do it right.;A hotel balcony looking out over the rooftops of Tokyo.;
Dolomites Day Trip from Venice;7;Title bottom;1;One day, Venice to the Dolomites;a first-timer's plan;2026.07.15;20:00;https://milesandflavors.com/day-trip-to-the-dolomites-from-venice/;Day Trips & Excursions;Dolomites Day Trip from Venice for First-Timers;The timing that makes the drive worthwhile, the first Dolomites stops that earn the three-hour journey from Venice, and the mountain views that make everything clear. A Dolomites day trip guide that doesn't waste a single hour of the Italian Alps — Northern Italy travel tips.;A hiking trail leading through the dramatic limestone peaks of the Dolomites in northern Italy.;
5-Day New York City Itinerary;8;Accent;1;What I'd do with 5 days in NYC;a smarter itinerary;2026.07.15;21:00;https://milesandflavors.com/5-day-new-york-city-itinerary/;New York Travel Guide;5 Days in NYC: A Smarter Itinerary;The neighborhoods worth more of your time, the sights to skip, and the walking route that keeps your feet going in the right direction. Five days in New York without the regrets — honest picks from someone who knows which museum queues are worth the wait and which Broadway shows to book first.;Yellow taxis and tall buildings on a busy street in New York City.;
Best Time to Visit Rome (NEW);1;Title top;1;When to visit Rome (and when not to);season by season;2026.07.15;22:00;https://milesandflavors.com/best-time-to-visit-rome/;Italy Travel Guide;Best Time to Visit Rome: Season by Season;October in Rome: Colosseum queues half the summer size, weather still warm enough for outdoor dinners, restaurant tables actually available without booking a month in advance, and the golden light that every Italy travel photographer makes the trip for. The best time to visit Rome — season by season, with honest tradeoffs.;The ancient arches of the Roman Colosseum glowing in the afternoon light.;
Zakynthos Road Trip Itinerary;5;Title top;1;Renting a car in Zakynthos?;here's the perfect route;2026.07.15;23:00;https://milesandflavors.com/zakynthos-road-trip-itinerary/;Greece Travel Guide;Zakynthos Road Trip Itinerary (+ Car Tips);A rental car in Zakynthos unlocks the whole island in two days. Navagio viewpoint, the Blue Caves, Porto Limnionas, Gerakas sea turtle beach — the perfect Zakynthos circuit, mapped so nothing gets missed and the driving makes sense. Greece travel guide for island road trippers.;Sunbathers on golden sand beside the bright blue Ionian Sea in Zakynthos.;
24 Hours in Milan;1;Title top;1;Milan in 24 hours;the perfect one-day plan;2026.07.15;2:00;https://milesandflavors.com/24-hours-in-milan/;Day Trips & Excursions;24 Hours in Milan: A Perfect One-Day Itinerary;Standing inside the Duomo, looking up at a ceiling that took 600 years to finish — that's how a Milan day starts. The Duomo rooftop walk, the Last Supper (book months ahead), the Brera district's gallery and aperitivo bars at golden hour. Everything worth doing in 24 hours in Milan — Italy travel guide for a tight stopover.;The ornate marble spires of the Duomo cathedral in Milan, Italy.;
Best Time to Visit Japan;1;Title top;1;When to visit Japan;cherry blossoms, fall & beyond;2026.07.16;0:00;https://milesandflavors.com/best-time-to-visit-japan/;Bucket list destinations;Best Time to Visit Japan: Season by Season;Cherry blossoms in March and April. Fiery koyo maple season in November. The clean quiet of Japanese mountain winters. When to go to Japan depends entirely on what you want to experience — a Japan travel guide to every season and what each one offers for first-time and returning visitors.;Snow-capped Mount Fuji rising above a calm lake in Japan.;
NYC Travel Costs (NEW);4;Accent;1;Where to splurge, where to spend less;in New York City;2026.07.16;1:00;https://milesandflavors.com/nyc-travel-costs/;New York Travel Guide;NYC Travel Costs: Where to Splurge and Cut Back;The New York experiences worth paying for (the Broadway show, Top of the Rock, the Chelsea Market food hall) and the ones that are completely free (the Staten Island Ferry, the Brooklyn Bridge walk, Central Park). A smarter NYC travel budget breakdown for first-time visitors.;Autumn colors in Central Park with skyscrapers rising behind the trees.;
Hiking in the Dolomites;9;Title top;1;Trail runners or boots in the Dolomites?;what you actually need;2026.07.16;20:00;https://milesandflavors.com/hiking-in-the-dolomites/;Italy Travel Guide;Hiking in the Dolomites: Trails, Timing & What to Pack;The trails worth every hiking day you give them (Tre Cime, Seceda, Cadini di Misurina, Lago di Braies), the best months to walk them, and the gear that actually matters in high alpine terrain. The complete Dolomites hiking guide for first-time Italian Alps visitors — route by route.;Jagged Dolomite mountains rising above green alpine meadows.;
12-Day Greece Itinerary;9;Title top;1;The Greece trip of a lifetime;in 12 perfect days;2026.07.16;21:00;https://milesandflavors.com/12-day-greece-itinerary/;Europe Travel Itineraries;12 Days in Greece: The Trip of a Lifetime;Ruins older than your imagination, beaches that make you stop mid-sentence, islands that look painted. This 12-day Greece itinerary covers Athens sightseeing, Santorini's caldera villages, and the best of the Cyclades — a complete first-timer's Greece travel guide, day by day.;A turquoise cove framed by dramatic cliffs on a Greek island.;
3 Days in Rome Itinerary (VERIFY SLUG);9;Title top;1;What I'd do differently in Rome;a smarter 3-day itinerary;2026.07.16;22:00;https://milesandflavors.com/3-days-in-rome-itinerary/;Europe Travel Itineraries;3 Days in Rome: What I'd Change on a Second Visit;The Vatican at the wrong time, the Colosseum on a Tuesday without a skip-the-line ticket, Trastevere skipped for a nap. The Rome mistakes most first-timers make — and the 3-day itinerary that corrects all of them. Italy travel guide for people who want to do Rome properly.;The open dome of the Pantheon above a sunlit piazza in Rome, Italy.;
Best Canal Cruises in Amsterdam;6;Centered;1;Small boat or big cruise in Amsterdam?;how to pick;2026.07.16;23:00;https://milesandflavors.com/best-canal-cruises-in-amsterdam/;Netherlands Travel Guide;Best Canal Cruises in Amsterdam: Small Boat vs Big Cruise;A small intimate open boat or the classic glass-topped Amsterdam canal cruiser? How to choose the right canal cruise for your Netherlands trip — what each offers, what everything costs in 2026, and when to book for the best experience.;Tourists on an open canal boat passing under a bridge in Amsterdam.;
Free Things to Do on the Amalfi Coast;2;Centered;1;Amalfi without spending a euro;views, walks & swims;2026.07.16;2:00;https://milesandflavors.com/free-things-to-do-on-the-amalfi-coast/;Free & Cheap Things to Do in Europe - Travel Ideas;Free Things to Do on the Amalfi Coast That Still Wow;A clifftop hiking trail above the Tyrrhenian Sea. Wandering the car-free streets of Atrani, Scala, and Ravello. Cove swims below the limestone cliffs that nobody charges for. How to experience the best of the Amalfi Coast when you're trying to keep the Southern Italy travel budget down.;A cliffside view over the deep blue water of the Amalfi Coast, Italy.;
Where to Stay in the Dolomites;6;Title bottom dark;1;The Dolomites with kids;best areas for families;2026.07.17;0:00;https://milesandflavors.com/where-to-stay-in-the-dolomites/;Italy Travel Guide;Where to Stay in the Dolomites for Families;Gondolas at the end of the path. Playgrounds above 1,500 meters. Easy meadow trails with full Dolomites peak panoramas. The Italian Alps bases that work best for families with children — and what to book for a Dolomites trip with kids that keeps everyone happy.;A hotel balcony looking out over the rooftops of the Dolomites.;
Free Things to Do in Rome (NEW);2;Centered;1;Rome without spending a euro;the best free spots;2026.07.17;1:00;https://milesandflavors.com/free-things-to-do-in-rome/;Italy Travel Guide;Free Things to Do in Rome;Fountains older than most countries. Piazzas designed in the Renaissance for lingering in. The Spanish Steps at golden hour with a gelato. How to spend a full day in Rome spending almost nothing — Italy travel tips that prove the Eternal City's greatest experiences don't require a ticket.;Water cascading over the marble figures of the Trevi Fountain in Rome.;
25 Best Things to Do in NYC;9;Title top;1;NYC bucket list;25 things to do at least once;2026.07.17;20:00;https://milesandflavors.com/25-best-things-to-do-in-nyc/;Best Things to Do Around the World;NYC Bucket List: 25 Things to Do at Least Once;The Brooklyn Bridge walk, Central Park's Bethesda Fountain, Grand Central's hidden Whispering Gallery, and the skyline views from the free Staten Island Ferry. The New York experiences that make first-timers understand the city's obsession — the real NYC bucket list, no filler.;The Brooklyn Bridge stretching toward the Manhattan skyline at sunset.;
Japan Cherry Blossom Season;2;Centered;1;Chasing cherry blossoms in Japan;the best spots & timing;2026.07.17;21:00;https://milesandflavors.com/japan-cherry-blossom-season/;Japan Travel Guide;Cherry Blossom Season in Japan: Best Spots;Kyoto's Philosopher's Path lined with hundreds of cherry trees in bloom. Tokyo's Meguro River pink and reflecting in the water from bank to bank. Castle moats in Hirosaki circled with sakura. The best places to see Japan's cherry blossoms — and the exact weeks when the hanami season peaks in each city.;A path lined with blooming cherry blossom trees in springtime Japan.;
Shipwreck Beach Zakynthos;3;Title bottom;1;Is Shipwreck Beach worth it?;the honest answer;2026.07.17;22:00;https://milesandflavors.com/shipwreck-beach-zakynthos/;Greece Travel Guide;Shipwreck Beach Zakynthos: Is It Worth It?;The Navagio crowds come in summer, the boat takes 20 minutes from the north coast, and the view from the cliff viewpoint is a completely different experience from the beach itself — both are worth doing. An honest guide to visiting Navagio Shipwreck Beach in Zakynthos, Greece.;A small boat floating on the clear turquoise sea near the Blue Caves of Zakynthos.;
Barcelona Travel Costs;5;Title top;1;Planning a Barcelona budget?;start with these real numbers;2026.07.17;23:00;https://milesandflavors.com/barcelona-travel-costs/;Spain Travel Guide;How Much Does a Barcelona Trip Cost?;What should you budget for Barcelona? Start with these real 2026 numbers: accommodation costs by neighborhood, daily food and drink, Gaudí attraction prices, and what a Montserrat day trip adds to the total. A Spain travel cost guide for first-time visitors.;Palm trees and golden sand along the beachfront in Barcelona.;
European Summer Bucket List;2;Centered;1;Your dream European summer;the bucket list;2026.07.17;2:00;https://milesandflavors.com/european-summer-bucket-list/;Best Things to Do Around the World;European Summer Bucket List: Dream Destinations;Sun-drenched Mediterranean coastlines, Greek island ferries, long dinners that start when the sun finally sets at 9pm. The best European summer destinations for the kind of trip that feels like it belongs in a film — a Europe travel guide for summer bucket list planning.;An open suitcase packed for a trip beside a world map.;
3 Days in Chicago;4;Title bottom;1;Chicago in 3 days, done right;what to see, eat & skip;2026.07.18;0:00;https://milesandflavors.com/3-days-in-chicago-itinerary/;USA Travel Itineraries;3 Days in Chicago: What to See, Eat and Skip;The Bean is worth it. The architecture river cruise is worth it. The Skydeck glass ledge is worth it. Deep dish pizza on the Riverwalk is optional. An honest Chicago travel guide from someone who's stopped recommending the overhyped stops — and knows which experiences are genuinely the best in the city.;The Chicago lakefront and skyline on a clear blue day.;
3 Days in Chicago;5;Title bottom;1;The best of Chicago in a weekend;3 perfect days;2026.07.18;1:00;https://milesandflavors.com/3-days-in-chicago-itinerary/;Chicago Travel Guide;3 Days in Chicago: The Perfect Weekend;Three Chicago days that earn every icon: Millennium Park and the Bean, the architecture river cruise, the Art Institute, the 18-mile lakefront trail and deep dish pizza to close the day. A Chicago weekend itinerary for first-time visitors that doesn't miss anything worth doing.;Millennium Park and the city skyline glowing at dusk in Chicago.;
25 Best Things to Do in NYC;4;Accent;1;NYC hidden gems;beyond Times Square;2026.07.18;20:00;https://milesandflavors.com/25-best-things-to-do-in-nyc/;Best Things to Do Around the World;NYC Hidden Gems: Beyond the Tourist Spots;The High Line at dusk, with the Hudson River catching the last light. The West Village for dinner, where the streets are narrow and the restaurants are exactly right. Roosevelt Island for the city skyline views without the tourist crowds. New York's best-kept secrets for first-timers — the NYC spots locals love.;Autumn colors in Central Park with skyscrapers rising behind the trees.;
25 Best Things to Do in NYC;5;Title top;1;The most iconic NYC moments;you have to experience;2026.07.18;21:00;https://milesandflavors.com/25-best-things-to-do-in-nyc/;New York Travel Guide;Best Things to Do in NYC: The Iconic Experiences;Cherry blossoms in Central Park. The Brooklyn Bridge walk at golden hour. A Broadway show. The Manhattan skyline from the Staten Island Ferry at sunrise. The New York bucket list experiences that live up to every piece of hype they've ever received — NYC travel guide for first-timers.;The glowing billboards and crowds of Times Square in New York City at night.;
25 Best Things to Do in NYC;6;Centered;1;Eat your way through NYC;the food worth traveling for;2026.07.18;22:00;https://milesandflavors.com/25-best-things-to-do-in-nyc/;Best Things to Do Around the World;Best Things to Do in NYC: The Food Worth Traveling For;A perfect New York bagel in the Lower East Side. A Chinatown dumpling crawl for under 15 dollars. The Chelsea Market food hall. Eating your way through New York City — the food experiences worth planning an entire NYC travel day around.;A classic New York City brownstone street lined with steps and trees.;
25 Best Things to Do in NYC;7;Title bottom;1;The most beautiful spots in NYC;and when to see them;2026.07.18;23:00;https://milesandflavors.com/25-best-things-to-do-in-nyc/;Best Things to Do Around the World;Most Beautiful Places in NYC (+ Best Times);Central Park in any season. The Brooklyn Bridge at dawn. Grand Central's celestial ceiling caught in afternoon light. The Manhattan skyline from Top of the Rock at sunset. The most iconic New York moments, ranked honestly by someone who's done them all more than once — USA travel guide.;The New York City skyline of towering skyscrapers on a bright, clear day.;
3 Days in Chicago;6;Title bottom;1;Chicago's skyline, river & lake;in 3 unforgettable days;2026.07.18;2:00;https://milesandflavors.com/3-days-in-chicago-itinerary/;USA Travel Itineraries;3 Days in Chicago: Skyline, River & Lake;The Skydeck ledge 1,353 feet above Chicago, the city stretching in every direction. The Chicago River lit gold at 6pm from the Riverwalk bridges. The lakefront path with Lake Michigan looking like an ocean. The Chicago viewpoints that make you understand why people move here and never leave — USA travel guide.;The mirrored surface of Cloud Gate, the Bean, reflecting the Chicago skyline.;
Best Things to Do in Marsa Alam;6;Centered;1;Beyond the resort in Marsa Alam;reefs, desert & dolphins;2026.07.19;0:00;https://milesandflavors.com/best-things-to-do-in-marsa-alam-egypt-including-the-one-that-changes-everything/;Egypt Travel Guide;Best Things to Do in Marsa Alam Beyond the Resort;There's more beyond the resort pool: the house reef has sea turtles visible within minutes of putting your mask in. The Sataya day trip has 300 dolphins. The desert behind the coast glows red at sunset. The Marsa Alam Red Sea experiences worth leaving the sunlounger for.;Crystal-clear turquoise water over a coral reef on Egypt's Red Sea coast at Marsa Alam.;
Best Things to Do in Marsa Alam;7;Title bottom;1;The best diving in Marsa Alam;reefs & dive sites;2026.07.19;1:00;https://milesandflavors.com/best-things-to-do-in-marsa-alam-egypt-including-the-one-that-changes-everything/;Egypt Travel Guide;Best Things to Do in Marsa Alam: Diving & Dive Sites;Elphinstone reef's vertical coral walls dropping into blue. Fury Shoal's shallow coral gardens. The Marsa Alam offshore dive sites compared by what you'll see, how deep they go, and how to reach them. The Egypt diving guide for serious underwater explorers visiting the Red Sea.;A sandy beach meeting the vivid blue Red Sea in Marsa Alam, Egypt.;
3 Days in Chicago;7;Title bottom;1;Chicago on foot in 3 days;the walkable route;2026.07.19;20:00;https://milesandflavors.com/3-days-in-chicago-itinerary/;USA Travel Itineraries;3 Days in Chicago: A Walkable Itinerary;The Bean, the Riverwalk, Millennium Park, the Magnificent Mile — Chicago's best sights are all connected on foot. A 3-day Chicago itinerary that links them in the right order so you walk less, see more, and end each day exactly where you want to be. USA travel guide for first-timers.;The Chicago skyline rising above the river and downtown architecture.;
Best Beaches in Zakynthos;8;Accent;1;The Zakynthos beach bucket list;every swim worth it;2026.07.19;21:00;https://milesandflavors.com/best-beaches-in-zakynthos/;Greece Travel Guide;Best Beaches in Zakynthos: The Beach Bucket List;Navagio's shipwreck, the Blue Caves, Porto Limnionas, Gerakas — the Zakynthos beaches worth rearranging your whole Greece trip around. What to book, when to go, which are best for snorkeling vs. swimming, and how to see them all without spending two days on boat queues.;A small boat floating on the clear turquoise sea near the Blue Caves of Zakynthos.;
Best Things to Do in Marsa Alam;4;Accent;1;Swim with dolphins & turtles in Marsa Alam;here's how;2026.07.19;22:00;https://milesandflavors.com/best-things-to-do-in-marsa-alam-egypt-including-the-one-that-changes-everything/;Egypt Travel Guide;Best Things to Do in Marsa Alam: Dolphins & Turtles;Sataya's wild spinner dolphins, Marsa Mubarak's sea turtles and dugongs, the coral gardens you can snorkel straight off the beach. How to see the Red Sea wildlife that makes Marsa Alam one of the best snorkeling destinations in the world — Egypt travel guide for first-time visitors.;A calm desert landscape meeting the bright blue Red Sea near Marsa Alam.;
Best Things to Do in Marsa Alam;5;Title top;1;First time in Marsa Alam?;start with these must-dos;2026.07.19;23:00;https://milesandflavors.com/best-things-to-do-in-marsa-alam-egypt-including-the-one-that-changes-everything/;Egypt Travel Guide;Best Things to Do in Marsa Alam for First-Timers;Snorkeling in a bay ringed by dolphins. A desert safari watching the Red Sea sunset from the dunes. Lazy beach days with nothing to do. The Marsa Alam experiences that make a week at the Red Sea go by far too fast — a bucket list Egypt travel guide for first-time Red Sea visitors.;A wooden jetty stretching over the clear turquoise water of the Red Sea.;
Best Things to Do in Marsa Alam;8;Accent;1;Marsa Alam bucket list;the can't-miss experiences;2026.07.19;2:00;https://milesandflavors.com/best-things-to-do-in-marsa-alam-egypt-including-the-one-that-changes-everything/;Egypt Travel Guide;Marsa Alam Bucket List: The Best Experiences;Snorkeling in a lagoon of wild dolphins. A desert night under the Milky Way with no light for 50 miles. The Red Sea's clearest water over a coral reef visible from the surface. The Marsa Alam Egypt bucket-list experiences that make people book the same resort two years running.;Colorful coral and tropical fish beneath the surface of the Red Sea.;
Dolomites Day Trip from Venice;6;Centered;1;The alpine escape from Venice;turquoise lakes & jagged peaks;2026.07.20;0:00;https://milesandflavors.com/day-trip-to-the-dolomites-from-venice/;Day Trips & Excursions;Dolomites Day Trip from Venice: A Mountain Day Out;The turquoise lakes, the jagged Dolomites ridgelines, the flower meadows that look hand-painted — all a few hours from Venice. The Dolomites day trip from Venice that makes people check flight change fees so they can stay longer in Northern Italy.;A still alpine lake reflecting the sheer cliffs of the Dolomites.;
Hiking in the Dolomites;4;Accent;1;Lakes so blue they look edited;the best Dolomites lake hikes;2026.07.20;1:00;https://milesandflavors.com/hiking-in-the-dolomites/;Italy Travel Guide;Dolomites Lake Hikes: Lago di Braies & Beyond;Lago di Braies: turquoise glacial water ringed by Dolomites peaks, the rowing boats out at dawn. Lago di Sorapis: a color you genuinely don't believe until you're standing in front of it. The quieter Dolomites lake hikes that most Italy visitors miss — and why they're worth the extra effort to reach.;A wooden mountain hut and wildflower meadow in the Italian Dolomites.;
Dolomites Day Trip from Venice;2;Centered;1;Is a Dolomites day trip from Venice worth it?;the honest answer;2026.07.20;20:00;https://milesandflavors.com/day-trip-to-the-dolomites-from-venice/;Italy Travel Guide;Dolomites Day Trip from Venice: Is It Worth It?;The drive from Venice takes three hours and arrives at mountain scenery that looks like it belongs on a different planet entirely. An honest take on the Dolomites day trip from Venice — what you actually see in a day, what you miss without a second night, and whether it's worth reorganizing your Italy itinerary for.;The turquoise water of Lago di Braies beneath towering Dolomite peaks.;
Dolomites Day Trip from Venice;3;Title bottom;1;The lake that makes the Venice day trip;Lago di Braies & more;2026.07.20;21:00;https://milesandflavors.com/day-trip-to-the-dolomites-from-venice/;Bucket list destinations;Dolomites Day Trip from Venice: Lago di Braies & Cortina;Lago di Braies at dawn with the turquoise water catching the first light. Cortina d'Ampezzo's mountain peaks visible from the main square. The first sight of Tre Cime di Lavaredo through a mountain pass. A Dolomites day trip from Venice worth the early start — and the Northern Italy route that earns every minute.;Jagged Dolomite mountains rising above green alpine meadows.;
Dolomites Day Trip from Venice;4;Accent;1;Venice to the mountains: the smart route;what to see in one day;2026.07.20;22:00;https://milesandflavors.com/day-trip-to-the-dolomites-from-venice/;Day Trips & Excursions;Dolomites Day Trip from Venice: The Best Route;One day in the Dolomites from Venice: guided tour (easier, no driving, no parking) or rental car (better views, your own pace). Where to go when you have just one day, what to skip when time is tight, and which Dolomites highlights are actually reachable from Venice.;A wooden mountain hut and wildflower meadow in the Italian Dolomites.;
Dolomites Day Trip from Venice;5;Title top;1;Dolomites in a day: tour or drive?;how to choose;2026.07.20;23:00;https://milesandflavors.com/day-trip-to-the-dolomites-from-venice/;Italy Travel Guide;Dolomites Day Trip from Venice: Tour vs Self-Drive;Guided tour ease or your own car and your own pace through Northern Italy? How to decide which kind of Dolomites day trip from Venice suits your Italy itinerary — what each option looks like in practice, what everything costs, and what you'll actually experience in the mountains.;Golden sunrise light on the rugged peaks of the Dolomites.;
Hiking in the Dolomites;5;Title top;1;Seceda: the Dolomites view that stops you cold;and how to hike it;2026.07.20;2:00;https://milesandflavors.com/hiking-in-the-dolomites/;Italy Travel Guide;Hiking the Dolomites: Seceda & the Best Views;The jagged Seceda ridge rising above the Val Gardena valley. The Odle rock formations catching the early morning light. Alpe di Siusi's flower meadows stretching toward the peaks. The Dolomites viewpoints that belong on every serious hiker's list — and the Italy hiking trails that lead to them.;Golden sunrise light on the rugged peaks of the Dolomites.;
Hiking in the Dolomites;6;Centered;1;Hut to hut in the Dolomites;what it's really like;2026.07.21;20:00;https://milesandflavors.com/hiking-in-the-dolomites/;Italy Travel Guide;Hut-to-Hut Hiking in the Dolomites: How It Works;Sleeping in a mountain rifugio at 2,500 meters, a hot dinner with the peaks visible from your bunk, waking up above the clouds with no other buildings in sight. How to plan a multi-day Dolomites hut-to-hut hike — the basics of building an Italian Alps trekking itinerary.;A still alpine lake reflecting the sheer cliffs of the Dolomites.;
Fall in New York City;1;Title top;1;Fall in New York City;the leaves, the events & the sweet spot;2026.06.23;15:00;https://milesandflavors.com/fall-in-new-york-city/;New York Travel Guide;Fall in New York City: When to Go & Where to See the Leaves;Central Park in mid-October: amber maples, golden elms, the Ramble lit from above like something from a film. Fall in New York City is the city at its absolute best — smaller crowds, beautiful foliage, the energy of a city that just got its favorite season back. When to go, where to see the best NYC fall colors, and what events are worth planning your trip around.;Central Park in fall with golden and amber foliage lining the path and the Manhattan skyline visible through the trees.;
Fall in New York City;2;Centered;1;New York City in October;the events you can't miss;2026.06.28;15:00;https://milesandflavors.com/fall-in-new-york-city/;USA Travel Itineraries;New York City in October: Events, Foliage & Things to Do;The Village Halloween Parade on October 31st. Central Park at peak fall foliage. The New York Film Festival. The NYC Marathon in November. Fall is New York's most event-packed season — a NYC travel guide to what to plan around, what to book weeks in advance, and the best autumn weekends to visit.;Costumed parade participants filling Sixth Avenue during the Greenwich Village Halloween Parade in New York City at night.;
Fall in New York City;3;Title bottom dark;1;Is fall the best time to visit NYC?;the honest answer;2026.07.03;15:00;https://milesandflavors.com/fall-in-new-york-city/;Best Things to Do Around the World;Is Fall the Best Time to Visit New York City? (Honest Answer);Summer tourists gone. Holiday chaos not yet arrived. October in New York City is the sweet spot — warm enough for the city's rooftop bars, peak foliage in Central Park, the Halloween Parade on the 31st, and restaurant reservations that were impossible to get all August. Honest NYC fall travel guide.;Manhattan skyline with golden fall foliage trees in Central Park in the foreground on a clear autumn day.;
Japan Fall Foliage;1;Title top;1;Japan fall foliage;koyo season — when and where;2026.06.24;15:00;https://milesandflavors.com/japan-fall-foliage/;Japan Travel Guide;Japan Fall Foliage: When & Where to See Koyo Season;Maples turning crimson in Kyoto's Arashiyama. Ginkgos going gold along Tokyo's Shinjuku Gyoen paths. The Nikko valleys on fire with red and orange. Japan's koyo fall foliage season is one of the most extraordinary autumn spectacles in the world — when to go, where to see it, and how to time your Japan trip right.;Red and gold maple trees reflected in a still pond beside a traditional Japanese temple in autumn.;
Japan Fall Foliage;2;Centered;1;When to see autumn leaves in Japan;the timing guide;2026.06.29;15:00;https://milesandflavors.com/japan-fall-foliage/;Japan Travel Guide;When to See Autumn Leaves in Japan: A Koyo Timing Guide;The koyo color front moves south through Japan from late October into December — Nikko peaks first, then Tokyo, then Kyoto and Osaka. How to time a Japan fall trip to catch peak foliage in each city — the week-by-week guide that means you see the color instead of arriving a week too late.;A path lined with vivid red and orange Japanese maple trees in full autumn color.;
Japan Fall Foliage;3;Title bottom dark;1;Is Japan worth visiting in fall?;the honest answer;2026.07.04;15:00;https://milesandflavors.com/japan-fall-foliage/;Asia Travel Itineraries;Is Japan Worth Visiting in Fall? (Honest Answer);Smaller crowds than cherry blossom season. Temple gardens in Kyoto draped in red and gold maple. Autumn matsuri festivals, the clearest hiking weather of the year, the best Japanese food season. Japan in fall may be the country's single best time to visit — an honest Japan travel guide to visiting in autumn.;Golden ginkgo trees lining a wide avenue in Tokyo during Japan's autumn koyo season.;
